season,round,circuit,driver,team,grid,gap_to_pole,best_quali_time,rolling_podium_rate,rolling_points,team_rolling_points,circuit_podium_rate,avg_temp,avg_humidity,avg_wind,rainfall,podium
2022,1,Bahrain Grand Prix,LEC,Ferrari,1,0.0,90.558,0.0,0.0,0.0,0.0,23.62,29.49,0.3,0,1
2022,1,Bahrain Grand Prix,SAI,Ferrari,3,0.1289999999999906,90.687,0.0,0.0,26.0,0.0,23.62,29.49,0.3,0,1
2022,1,Bahrain Grand Prix,HAM,Mercedes,5,0.6799999999999926,91.238,0.0,0.0,0.0,0.0,23.62,29.49,0.3,0,1
2022,1,Bahrain Grand Prix,RUS,Mercedes,9,1.657999999999987,92.216,0.0,0.0,15.0,0.0,23.62,29.49,0.3,0,0
2022,1,Bahrain Grand Prix,MAG,Haas F1 Team,7,1.25,91.808,0.0,0.0,0.0,0.0,23.62,29.49,0.3,0,0
2022,1,Bahrain Grand Prix,BOT,Alfa Romeo,6,1.0019999999999951,91.56,0.0,0.0,0.0,0.0,23.62,29.49,0.3,0,0
2022,1,Bahrain Grand Prix,OCO,Alpine,11,1.2239999999999895,91.782,0.0,0.0,0.0,0.0,23.62,29.49,0.3,0,0
2022,1,Bahrain Grand Prix,TSU,AlphaTauri,16,2.191999999999993,92.75,0.0,0.0,0.0,0.0,23.62,29.49,0.3,0,0
2022,1,Bahrain Grand Prix,ALO,Alpine,8,1.6369999999999862,92.195,0.0,0.0,6.0,0.0,23.62,29.49,0.3,0,0
2022,1,Bahrain Grand Prix,ZHO,Alfa Romeo,15,2.9849999999999994,93.543,0.0,0.0,8.0,0.0,23.62,29.49,0.3,0,0
2022,1,Bahrain Grand Prix,MSC,Haas F1 Team,12,1.4399999999999975,91.998,0.0,0.0,10.0,0.0,23.62,29.49,0.3,0,0
2022,1,Bahrain Grand Prix,STR,Aston Martin,19,2.473999999999989,93.032,0.0,0.0,0.0,0.0,23.62,29.49,0.3,0,0
2022,1,Bahrain Grand Prix,ALB,Williams,14,2.1059999999999945,92.664,0.0,0.0,0.0,0.0,23.62,29.49,0.3,0,0
2022,1,Bahrain Grand Prix,RIC,McLaren,18,2.3869999999999862,92.945,0.0,0.0,0.0,0.0,23.62,29.49,0.3,0,0
2022,1,Bahrain Grand Prix,NOR,McLaren,13,1.4499999999999886,92.008,0.0,0.0,0.0,0.0,23.62,29.49,0.3,0,0
2022,1,Bahrain Grand Prix,LAT,Williams,20,3.0759999999999934,93.634,0.0,0.0,0.0,0.0,23.62,29.49,0.3,0,0
2022,1,Bahrain Grand Prix,HUL,Aston Martin,17,2.218999999999994,92.777,0.0,0.0,0.0,0.0,23.62,29.49,0.3,0,0
2022,1,Bahrain Grand Prix,PER,Red Bull Racing,4,0.3629999999999995,90.921,0.0,0.0,0.0,0.0,23.62,29.49,0.3,0,0
2022,1,Bahrain Grand Prix,VER,Red Bull Racing,2,0.1229999999999904,90.681,0.0,0.0,0.0,0.0,23.62,29.49,0.3,0,0
2022,1,Bahrain Grand Prix,GAS,AlphaTauri,10,1.779999999999987,92.338,0.0,0.0,4.0,0.0,23.62,29.49,0.3,0,0
2022,2,Saudi Arabian Grand Prix,VER,Red Bull Racing,4,0.2609999999999957,88.461,0.0,0.0,0.0,0.0,25.42,59.66,2.36,0,1
2022,2,Saudi Arabian Grand Prix,LEC,Ferrari,2,0.0249999999999914,88.225,1.0,26.0,22.0,0.0,25.42,59.66,2.36,0,1
2022,2,Saudi Arabian Grand Prix,SAI,Ferrari,3,0.2019999999999981,88.402,1.0,18.0,21.0,0.0,25.42,59.66,2.36,0,1
2022,2,Saudi Arabian Grand Prix,PER,Red Bull Racing,1,0.0,88.2,0.0,0.0,8.333333333333334,0.0,25.42,59.66,2.36,0,0
2022,2,Saudi Arabian Grand Prix,RUS,Mercedes,6,0.9039999999999964,89.104,0.0,12.0,13.5,0.0,25.42,59.66,2.36,0,0
2022,2,Saudi Arabian Grand Prix,OCO,Alpine,5,0.867999999999995,89.068,0.0,6.0,4.0,0.0,25.42,59.66,2.36,0,0
2022,2,Saudi Arabian Grand Prix,NOR,McLaren,11,1.4509999999999934,89.651,0.0,0.0,0.0,0.0,25.42,59.66,2.36,0,0
2022,2,Saudi Arabian Grand Prix,GAS,AlphaTauri,9,1.054000000000002,89.254,0.0,0.0,2.0,0.0,25.42,59.66,2.36,0,0
2022,2,Saudi Arabian Grand Prix,MAG,Haas F1 Team,10,1.387999999999991,89.588,0.0,10.0,5.0,0.0,25.42,59.66,2.36,0,0
2022,2,Saudi Arabian Grand Prix,HAM,Mercedes,15,2.1430000000000007,90.343,1.0,15.0,12.333333333333334,0.0,25.42,59.66,2.36,0,0
2022,2,Saudi Arabian Grand Prix,ZHO,Alfa Romeo,12,1.6189999999999998,89.819,0.0,1.0,4.5,0.0,25.42,59.66,2.36,0,0
2022,2,Saudi Arabian Grand Prix,HUL,Aston Martin,17,2.3430000000000035,90.543,0.0,0.0,0.0,0.0,25.42,59.66,2.36,0,0
2022,2,Saudi Arabian Grand Prix,STR,Aston Martin,13,2.808999999999997,91.009,0.0,0.0,0.0,0.0,25.42,59.66,2.36,0,0
2022,2,Saudi Arabian Grand Prix,ALB,Williams,16,2.2920000000000016,90.492,0.0,0.0,0.0,0.0,25.42,59.66,2.36,0,0
2022,2,Saudi Arabian Grand Prix,BOT,Alfa Romeo,8,0.983000000000004,89.183,0.0,8.0,3.0,0.0,25.42,59.66,2.36,0,0
2022,2,Saudi Arabian Grand Prix,ALO,Alpine,7,0.9470000000000028,89.147,0.0,2.0,5.333333333333333,0.0,25.42,59.66,2.36,0,0
2022,2,Saudi Arabian Grand Prix,RIC,McLaren,14,1.5729999999999933,89.773,0.0,0.0,2.0,0.0,25.42,59.66,2.36,0,0
2022,2,Saudi Arabian Grand Prix,LAT,Williams,18,3.6169999999999902,91.817,0.0,0.0,0.0,0.0,25.42,59.66,2.36,0,0
2022,3,Australian Grand Prix,LEC,Ferrari,1,0.0,77.868,1.0,22.5,19.5,0.0,26.7,43.65,1.81,0,1
2022,3,Australian Grand Prix,PER,Red Bull Racing,3,0.3719999999999999,78.24,0.0,6.0,9.25,0.0,26.7,43.65,1.81,0,1
2022,3,Australian Grand Prix,RUS,Mercedes,6,1.065000000000012,78.933,0.0,11.0,9.5,0.0,26.7,43.65,1.81,0,1
2022,3,Australian Grand Prix,HAM,Mercedes,5,0.9570000000000078,78.825,0.5,8.0,10.6,0.0,26.7,43.65,1.81,0,0
2022,3,Australian Grand Prix,NOR,McLaren,4,0.835000000000008,78.703,0.0,3.0,1.5,0.0,26.7,43.65,1.81,0,0
2022,3,Australian Grand Prix,RIC,McLaren,7,1.1640000000000017,79.032,0.0,0.0,3.2,0.0,26.7,43.65,1.81,0,0
2022,3,Australian Grand Prix,OCO,Alpine,8,1.193000000000012,79.061,0.0,7.0,4.0,0.0,26.7,43.65,1.81,0,0
2022,3,Australian Grand Prix,BOT,Alfa Romeo,12,1.5420000000000016,79.41,0.0,4.0,2.25,0.0,26.7,43.65,1.81,0,0
2022,3,Australian Grand Prix,GAS,AlphaTauri,11,1.358000000000004,79.226,0.0,2.0,2.6666666666666665,0.0,26.7,43.65,1.81,0,0
2022,3,Australian Grand Prix,ALB,Williams,20,2.26700000000001,80.135,0.0,0.0,0.0,0.0,26.7,43.65,1.81,0,0
2022,3,Australian Grand Prix,ZHO,Alfa Romeo,14,2.287000000000006,80.155,0.0,0.5,2.6,0.0,26.7,43.65,1.81,0,0
2022,3,Australian Grand Prix,MSC,Haas F1 Team,15,2.5970000000000084,80.465,0.0,0.0,4.0,0.0,26.7,43.65,1.81,0,0
2022,3,Australian Grand Prix,MAG,Haas F1 Team,16,2.38600000000001,80.254,0.0,6.0,3.0,0.0,26.7,43.65,1.81,0,0
2022,3,Australian Grand Prix,TSU,AlphaTauri,13,1.5560000000000116,79.424,0.0,4.0,2.5,0.0,26.7,43.65,1.81,0,0
2022,3,Australian Grand Prix,LAT,Williams,18,3.504000000000005,81.372,0.0,0.0,0.2,0.0,26.7,43.65,1.81,0,0
2022,3,Australian Grand Prix,ALO,Alpine,10,0.9470000000000028,78.815,0.0,1.0,4.4,0.0,26.7,43.65,1.81,0,0
2022,3,Australian Grand Prix,VER,Red Bull Racing,2,0.2860000000000013,78.154,0.5,12.5,11.0,0.0,26.7,43.65,1.81,0,0
2022,3,Australian Grand Prix,VET,Aston Martin,17,3.281000000000006,81.149,0.0,0.0,0.0,0.0,26.7,43.65,1.81,0,0
2022,3,Australian Grand Prix,SAI,Ferrari,9,1.5400000000000065,79.408,1.0,16.5,20.8,0.0,26.7,43.65,1.81,0,0
2022,4,Emilia Romagna Grand Prix,VER,Red Bull Racing,1,0.0,87.999,0.3333333333333333,8.333333333333334,11.0,0.0,12.9,83.17,1.48,0,1
2022,4,Emilia Romagna Grand Prix,PER,Red Bull Racing,3,1.809000000000012,89.808,0.3333333333333333,10.0,16.2,0.0,12.9,83.17,1.48,0,1
2022,4,Emilia Romagna Grand Prix,NOR,McLaren,5,1.132000000000005,89.131,0.0,5.333333333333333,4.8,0.0,12.9,83.17,1.48,0,1
2022,4,Emilia Romagna Grand Prix,RUS,Mercedes,11,5.0,80.757,0.3333333333333333,12.333333333333334,10.0,0.0,12.9,83.17,1.48,0,0
2022,4,Emilia Romagna Grand Prix,BOT,Alfa Romeo,7,2.4399999999999977,90.439,0.0,4.0,1.0,0.0,12.9,83.17,1.48,0,0
2022,4,Emilia Romagna Grand Prix,LEC,Ferrari,2,0.7790000000000106,88.778,1.0,23.666666666666668,15.6,0.0,12.9,83.17,1.48,0,0
2022,4,Emilia Romagna Grand Prix,TSU,AlphaTauri,12,5.0,80.474,0.0,2.0,2.0,0.0,12.9,83.17,1.48,0,0
2022,4,Emilia Romagna Grand Prix,VET,Aston Martin,13,3.0630000000000024,91.062,0.0,0.0,0.0,0.0,12.9,83.17,1.48,0,0
2022,4,Emilia Romagna Grand Prix,MAG,Haas F1 Team,8,1.1650000000000065,89.164,0.0,4.0,2.4,0.0,12.9,83.17,1.48,0,0
2022,4,Emilia Romagna Grand Prix,STR,Aston Martin,15,0.1200000000000045,88.119,0.0,0.0,0.8,0.0,12.9,83.17,1.48,0,0
2022,4,Emilia Romagna Grand Prix,GAS,AlphaTauri,17,5.0,80.732,0.0,2.0,2.4,0.0,12.9,83.17,1.48,0,0
2022,4,Emilia Romagna Grand Prix,HAM,Mercedes,14,5.0,81.138,0.3333333333333333,9.333333333333334,10.0,0.0,12.9,83.17,1.48,0,0
2022,4,Emilia Romagna Grand Prix,OCO,Alpine,16,5.0,82.338,0.0,6.666666666666667,3.2,0.0,12.9,83.17,1.48,0,0
2022,4,Emilia Romagna Grand Prix,ZHO,Alfa Romeo,0,5.0,81.434,0.0,0.3333333333333333,2.8,0.0,12.9,83.17,1.48,0,0
2022,4,Emilia Romagna Grand Prix,LAT,Williams,19,5.0,81.971,0.0,0.0,0.2,0.0,12.9,83.17,1.48,0,0
2022,4,Emilia Romagna Grand Prix,MSC,Haas F1 Team,10,5.0,80.916,0.0,0.0,0.8,0.0,12.9,83.17,1.48,0,0
2022,4,Emilia Romagna Grand Prix,RIC,McLaren,6,1.7430000000000092,89.742,0.0,2.6666666666666665,7.8,0.0,12.9,83.17,1.48,0,0
2022,4,Emilia Romagna Grand Prix,ALO,Alpine,9,1.203000000000003,89.202,0.0,0.6666666666666666,2.8,0.0,12.9,83.17,1.48,0,0
2022,4,Emilia Romagna Grand Prix,SAI,Ferrari,4,5.0,78.99,0.6666666666666666,11.0,13.6,0.0,12.9,83.17,1.48,0,0
2022,5,Miami Grand Prix,VER,Red Bull Racing,3,0.1949999999999931,88.991,0.5,12.75,14.8,0.0,30.62,58.86,2.27,1,1
2022,5,Miami Grand Prix,LEC,Ferrari,1,0.0,88.796,0.75,19.75,9.8,0.0,30.62,58.86,2.27,1,1
2022,5,Miami Grand Prix,SAI,Ferrari,2,0.1899999999999977,88.986,0.5,8.25,10.4,0.0,30.62,58.86,2.27,1,1
2022,5,Miami Grand Prix,PER,Red Bull Racing,4,0.2399999999999948,89.036,0.5,12.0,17.6,0.0,30.62,58.86,2.27,1,0
2022,5,Miami Grand Prix,RUS,Mercedes,12,1.3769999999999951,90.173,0.25,12.25,8.0,0.0,30.62,58.86,2.27,1,0
2022,5,Miami Grand Prix,HAM,Mercedes,6,0.8289999999999935,89.625,0.25,7.0,9.8,0.0,30.62,58.86,2.27,1,0
2022,5,Miami Grand Prix,BOT,Alfa Romeo,5,0.6789999999999878,89.475,0.0,5.5,2.8,0.0,30.62,58.86,2.27,1,0
2022,5,Miami Grand Prix,ALB,Williams,18,2.469999999999999,91.266,0.0,0.3333333333333333,0.2,0.0,30.62,58.86,2.27,1,0
2022,5,Miami Grand Prix,STR,Aston Martin,0,1.8799999999999957,90.676,0.0,0.3333333333333333,1.0,0.0,30.62,58.86,2.27,1,0
2022,5,Miami Grand Prix,ALO,Alpine,11,1.36399999999999,90.16,0.0,0.5,1.2,0.0,30.62,58.86,2.27,1,0
2022,5,Miami Grand Prix,TSU,AlphaTauri,9,1.1359999999999957,89.932,0.0,3.3333333333333335,2.4,0.0,30.62,58.86,2.27,1,0
2022,5,Miami Grand Prix,RIC,McLaren,14,1.5139999999999958,90.31,0.0,2.0,6.6,0.0,30.62,58.86,2.27,1,0
2022,5,Miami Grand Prix,LAT,Williams,19,2.5289999999999964,91.325,0.0,0.0,0.6,0.0,30.62,58.86,2.27,1,0
2022,5,Miami Grand Prix,MSC,Haas F1 Team,15,1.6269999999999951,90.423,0.0,0.0,0.8,0.0,30.62,58.86,2.27,1,0
2022,5,Miami Grand Prix,MAG,Haas F1 Team,16,2.178999999999988,90.975,0.0,3.5,0.4,0.0,30.62,58.86,2.27,1,0
2022,5,Miami Grand Prix,VET,Aston Martin,0,1.4179999999999922,90.214,0.0,2.0,1.2,0.0,30.62,58.86,2.27,1,0
2022,5,Miami Grand Prix,GAS,AlphaTauri,7,0.8939999999999912,89.69,0.0,1.5,1.6,0.0,30.62,58.86,2.27,1,0
2022,5,Miami Grand Prix,NOR,McLaren,8,0.9539999999999936,89.75,0.25,7.75,6.6,0.0,30.62,58.86,2.27,1,0
2022,5,Miami Grand Prix,ZHO,Alfa Romeo,17,2.223999999999989,91.02,0.0,0.25,4.0,0.0,30.62,58.86,2.27,1,0
2022,6,Spanish Grand Prix,VER,Red Bull Racing,2,0.3229999999999933,79.073,0.6,15.4,16.4,0.0,36.57,7.11,3.49,0,1
2022,6,Spanish Grand Prix,PER,Red Bull Racing,5,0.6700000000000017,79.42,0.4,12.0,21.4,0.0,36.57,7.11,3.49,0,1
2022,6,Spanish Grand Prix,RUS,Mercedes,4,0.6430000000000007,79.393,0.2,11.8,8.4,0.0,36.57,7.11,3.49,0,1
2022,6,Spanish Grand Prix,SAI,Ferrari,3,0.4159999999999968,79.166,0.6,9.6,8.2,0.0,36.57,7.11,3.49,0,0
2022,6,Spanish Grand Prix,HAM,Mercedes,6,0.7620000000000005,79.512,0.2,7.2,9.0,0.0,36.57,7.11,3.49,0,0
2022,6,Spanish Grand Prix,BOT,Alfa Romeo,7,0.8580000000000041,79.608,0.0,5.6,3.2,0.0,36.57,7.11,3.49,0,0
2022,6,Spanish Grand Prix,OCO,Alpine,12,1.8880000000000048,80.638,0.0,5.0,1.2,0.0,36.57,7.11,3.49,0,0
2022,6,Spanish Grand Prix,NOR,McLaren,11,1.7210000000000036,80.471,0.2,6.2,4.6,0.0,36.57,7.11,3.49,0,0
2022,6,Spanish Grand Prix,ALO,Alpine,20,2.2930000000000064,81.043,0.0,0.4,1.2,0.0,36.57,7.11,3.49,0,0
2022,6,Spanish Grand Prix,TSU,AlphaTauri,13,1.888999999999996,80.639,0.0,2.5,1.2,0.0,36.57,7.11,3.49,0,0
2022,6,Spanish Grand Prix,VET,Aston Martin,16,2.203999999999993,80.954,0.0,1.3333333333333333,1.2,0.0,36.57,7.11,3.49,0,0
2022,6,Spanish Grand Prix,RIC,McLaren,9,1.546999999999997,80.297,0.0,1.6,3.8,0.0,36.57,7.11,3.49,0,0
2022,6,Spanish Grand Prix,GAS,AlphaTauri,14,2.111000000000004,80.861,0.0,1.2,1.4,0.0,36.57,7.11,3.49,0,0
2022,6,Spanish Grand Prix,MSC,Haas F1 Team,10,1.617999999999995,80.368,0.0,0.0,0.4,0.0,36.57,7.11,3.49,0,0
2022,6,Spanish Grand Prix,STR,Aston Martin,17,2.6680000000000064,81.418,0.0,0.5,1.2,0.0,36.57,7.11,3.49,0,0
2022,6,Spanish Grand Prix,LAT,Williams,19,3.1650000000000063,81.915,0.0,0.0,0.6,0.0,36.57,7.11,3.49,0,0
2022,6,Spanish Grand Prix,MAG,Haas F1 Team,8,0.9320000000000022,79.682,0.0,2.8,0.4,0.0,36.57,7.11,3.49,0,0
2022,6,Spanish Grand Prix,ALB,Williams,18,2.894999999999996,81.645,0.0,0.75,0.4,0.0,36.57,7.11,3.49,0,0
2022,6,Spanish Grand Prix,ZHO,Alfa Romeo,15,2.343999999999994,81.094,0.0,0.2,4.8,0.0,36.57,7.11,3.49,0,0
2022,6,Spanish Grand Prix,LEC,Ferrari,1,0.0,78.75,0.8,19.4,10.6,0.0,36.57,7.11,3.49,0,0
2022,7,Monaco Grand Prix,PER,Red Bull Racing,3,0.2530000000000001,71.629,0.6,15.8,20.0,0.0,22.27,75.67,0.99,1,1
2022,7,Monaco Grand Prix,SAI,Ferrari,2,0.2249999999999943,71.601,0.4,8.4,9.0,0.0,22.27,75.67,0.99,1,1
2022,7,Monaco Grand Prix,VER,Red Bull Racing,4,0.289999999999992,71.666,0.8,20.4,21.4,0.0,22.27,75.67,0.99,1,1
2022,7,Monaco Grand Prix,LEC,Ferrari,1,0.0,71.376,0.6,14.2,12.6,0.0,22.27,75.67,0.99,1,0
2022,7,Monaco Grand Prix,RUS,Mercedes,6,0.73599999999999,72.112,0.4,12.4,8.6,0.0,22.27,75.67,0.99,1,0
2022,7,Monaco Grand Prix,NOR,McLaren,5,0.472999999999999,71.849,0.2,7.0,0.8,0.0,22.27,75.67,0.99,1,0
2022,7,Monaco Grand Prix,ALO,Alpine,7,0.8709999999999951,72.247,0.0,0.4,1.6,0.0,22.27,75.67,0.99,1,0
2022,7,Monaco Grand Prix,HAM,Mercedes,8,1.1839999999999975,72.56,0.0,6.2,10.6,0.0,22.27,75.67,0.99,1,0
2022,7,Monaco Grand Prix,BOT,Alfa Romeo,12,1.5330000000000013,72.909,0.0,5.6,2.8,0.0,22.27,75.67,0.99,1,0
2022,7,Monaco Grand Prix,VET,Aston Martin,9,1.3559999999999943,72.732,0.0,1.0,0.4,0.0,22.27,75.67,0.99,1,0
2022,7,Monaco Grand Prix,GAS,AlphaTauri,17,2.283999999999992,73.66,0.0,1.2,0.2,0.0,22.27,75.67,0.99,1,0
2022,7,Monaco Grand Prix,OCO,Alpine,10,1.6709999999999925,73.047,0.0,5.2,2.8,0.0,22.27,75.67,0.99,1,0
2022,7,Monaco Grand Prix,RIC,McLaren,14,1.587999999999994,72.964,0.0,1.6,2.6,0.0,22.27,75.67,0.99,1,0
2022,7,Monaco Grand Prix,STR,Aston Martin,18,2.3019999999999925,73.678,0.0,0.4,0.4,0.0,22.27,75.67,0.99,1,0
2022,7,Monaco Grand Prix,LAT,Williams,19,3.027000000000001,74.403,0.0,0.0,0.4,0.0,22.27,75.67,0.99,1,0
2022,7,Monaco Grand Prix,ZHO,Alfa Romeo,20,4.22999999999999,75.606,0.0,0.0,3.2,0.0,22.27,75.67,0.99,1,0
2022,7,Monaco Grand Prix,TSU,AlphaTauri,11,1.4209999999999925,72.797,0.0,2.2,0.2,0.0,22.27,75.67,0.99,1,0
2022,7,Monaco Grand Prix,ALB,Williams,16,2.2349999999999994,73.611,0.0,0.6,0.4,0.0,22.27,75.67,0.99,1,0
2022,7,Monaco Grand Prix,MSC,Haas F1 Team,15,1.7049999999999983,73.081,0.0,0.0,0.0,0.0,22.27,75.67,0.99,1,0
2022,7,Monaco Grand Prix,MAG,Haas F1 Team,13,1.5450000000000017,72.921,0.0,0.8,0.0,0.0,22.27,75.67,0.99,1,0
2022,8,Azerbaijan Grand Prix,VER,Red Bull Racing,3,0.3470000000000084,101.706,0.8,18.4,19.2,0.0,25.44,59.49,1.53,0,1
2022,8,Azerbaijan Grand Prix,PER,Red Bull Racing,2,0.2820000000000107,101.641,0.8,18.4,21.8,0.0,25.44,59.49,1.53,0,1
2022,8,Azerbaijan Grand Prix,RUS,Mercedes,5,1.3530000000000086,102.712,0.4,12.4,9.4,0.0,25.44,59.49,1.53,0,1
2022,8,Azerbaijan Grand Prix,HAM,Mercedes,7,1.565000000000012,102.924,0.0,6.8,10.8,0.0,25.44,59.49,1.53,0,0
2022,8,Azerbaijan Grand Prix,GAS,AlphaTauri,6,1.4860000000000042,102.845,0.0,0.4,0.2,0.0,25.44,59.49,1.53,0,0
2022,8,Azerbaijan Grand Prix,VET,Aston Martin,9,1.731999999999999,103.091,0.0,1.0,0.2,0.0,25.44,59.49,1.53,0,0
2022,8,Azerbaijan Grand Prix,ALO,Alpine,10,1.8140000000000072,103.173,0.0,1.6,2.8,0.0,25.44,59.49,1.53,0,0
2022,8,Azerbaijan Grand Prix,RIC,McLaren,12,2.2150000000000034,103.574,0.0,1.6,2.6,0.0,25.44,59.49,1.53,0,0
2022,8,Azerbaijan Grand Prix,NOR,McLaren,11,2.039000000000001,103.398,0.2,7.6,3.4,0.0,25.44,59.49,1.53,0,0
2022,8,Azerbaijan Grand Prix,OCO,Alpine,13,2.225999999999999,103.585,0.0,4.0,4.0,0.0,25.44,59.49,1.53,0,0
2022,8,Azerbaijan Grand Prix,BOT,Alfa Romeo,15,3.085000000000008,104.444,0.0,6.0,2.0,0.0,25.44,59.49,1.53,0,0
2022,8,Azerbaijan Grand Prix,ALB,Williams,17,3.3599999999999994,104.719,0.0,0.6,0.0,0.0,25.44,59.49,1.53,0,0
2022,8,Azerbaijan Grand Prix,TSU,AlphaTauri,8,1.6970000000000027,103.056,0.0,1.4,2.2,0.0,25.44,59.49,1.53,0,0
2022,8,Azerbaijan Grand Prix,MSC,Haas F1 Team,20,4.416000000000011,105.775,0.0,0.0,0.0,0.0,25.44,59.49,1.53,0,0
2022,8,Azerbaijan Grand Prix,LAT,Williams,18,4.00800000000001,105.367,0.0,0.0,0.0,0.0,25.44,59.49,1.53,0,0
2022,8,Azerbaijan Grand Prix,STR,Aston Martin,19,4.0120000000000005,105.371,0.0,0.4,1.8,0.0,25.44,59.49,1.53,0,0
2022,8,Azerbaijan Grand Prix,MAG,Haas F1 Team,16,3.284000000000006,104.643,0.0,0.4,0.0,0.0,25.44,59.49,1.53,0,0
2022,8,Azerbaijan Grand Prix,ZHO,Alfa Romeo,14,2.431000000000012,103.79,0.0,0.0,2.0,0.0,25.44,59.49,1.53,0,0
2022,8,Azerbaijan Grand Prix,LEC,Ferrari,1,0.0,101.359,0.4,12.8,11.4,0.0,25.44,59.49,1.53,0,0
2022,8,Azerbaijan Grand Prix,SAI,Ferrari,4,0.4549999999999983,101.814,0.4,9.0,8.4,0.0,25.44,59.49,1.53,0,0
2022,9,Canadian Grand Prix,VER,Red Bull Racing,1,0.0,81.299,1.0,23.4,20.6,0.0,20.76,28.93,3.55,0,1
2022,9,Canadian Grand Prix,SAI,Ferrari,3,0.796999999999997,82.096,0.4,9.0,6.0,0.0,20.76,28.93,3.55,0,1
2022,9,Canadian Grand Prix,HAM,Mercedes,4,1.5919999999999987,82.891,0.0,6.8,10.2,0.0,20.76,28.93,3.55,0,1
2022,9,Canadian Grand Prix,RUS,Mercedes,8,2.257999999999996,83.557,0.4,12.4,11.2,0.0,20.76,28.93,3.55,0,0
2022,9,Canadian Grand Prix,LEC,Ferrari,19,5.0,93.008,0.2,7.6,9.8,0.0,20.76,28.93,3.55,0,0
2022,9,Canadian Grand Prix,OCO,Alpine,7,2.2299999999999898,83.529,0.0,2.6,3.0,0.0,20.76,28.93,3.55,0,0
2022,9,Canadian Grand Prix,BOT,Alfa Romeo,11,5.0,86.788,0.0,5.2,0.4,0.0,20.76,28.93,3.55,0,0
2022,9,Canadian Grand Prix,ZHO,Alfa Romeo,10,2.7309999999999945,84.03,0.0,0.0,1.6,0.0,20.76,28.93,3.55,0,0
2022,9,Canadian Grand Prix,ALO,Alpine,2,0.644999999999996,81.944,0.0,2.8,4.2,0.0,20.76,28.93,3.55,0,0
2022,9,Canadian Grand Prix,STR,Aston Martin,17,5.0,95.532,0.0,0.4,1.8,0.0,20.76,28.93,3.55,0,0
2022,9,Canadian Grand Prix,RIC,McLaren,9,2.4499999999999886,83.749,0.0,0.8,3.0,0.0,20.76,28.93,3.55,0,0
2022,9,Canadian Grand Prix,VET,Aston Martin,16,5.0,94.512,0.0,2.6,2.0,0.0,20.76,28.93,3.55,0,0
2022,9,Canadian Grand Prix,ALB,Williams,12,5.0,86.858,0.0,0.6,0.0,0.0,20.76,28.93,3.55,0,0
2022,9,Canadian Grand Prix,GAS,AlphaTauri,15,5.0,94.492,0.0,2.0,2.0,0.0,20.76,28.93,3.55,0,0
2022,9,Canadian Grand Prix,NOR,McLaren,14,5.0,94.066,0.2,6.0,3.0,0.0,20.76,28.93,3.55,0,0
2022,9,Canadian Grand Prix,LAT,Williams,18,5.0,95.66,0.0,0.0,0.0,0.0,20.76,28.93,3.55,0,0
2022,9,Canadian Grand Prix,MAG,Haas F1 Team,5,1.6609999999999872,82.96,0.0,0.4,0.0,0.0,20.76,28.93,3.55,0,0
2022,9,Canadian Grand Prix,TSU,AlphaTauri,20,5.0,96.575,0.0,1.4,2.0,0.0,20.76,28.93,3.55,0,0
2022,9,Canadian Grand Prix,MSC,Haas F1 Team,6,2.056999999999988,83.356,0.0,0.0,0.0,0.0,20.76,28.93,3.55,0,0
2022,9,Canadian Grand Prix,PER,Red Bull Racing,13,5.0,93.127,0.8,18.6,21.8,0.0,20.76,28.93,3.55,0,0
2022,10,British Grand Prix,SAI,Ferrari,1,0.0,100.983,0.6,12.8,8.2,0.0,18.25,59.75,1.46,1,1
2022,10,British Grand Prix,PER,Red Bull Racing,4,0.6329999999999956,101.616,0.6,15.0,16.8,0.0,18.25,59.75,1.46,1,1
2022,10,British Grand Prix,HAM,Mercedes,5,1.0120000000000005,101.995,0.2,9.8,11.6,0.0,18.25,59.75,1.46,1,1
2022,10,British Grand Prix,LEC,Ferrari,3,0.3149999999999977,101.298,0.2,8.0,10.8,0.0,18.25,59.75,1.46,1,0
2022,10,British Grand Prix,ALO,Alpine,7,1.1329999999999956,102.116,0.0,3.2,3.4,0.0,18.25,59.75,1.46,1,0
2022,10,British Grand Prix,NOR,McLaren,6,1.100999999999999,102.084,0.0,3.0,1.2,0.0,18.25,59.75,1.46,1,0
2022,10,British Grand Prix,VER,Red Bull Racing,2,0.0720000000000027,101.055,1.0,23.2,17.4,0.0,18.25,59.75,1.46,1,0
2022,10,British Grand Prix,MSC,Haas F1 Team,19,1.7249999999999943,102.708,0.0,0.0,0.0,0.0,18.25,59.75,1.46,1,0
2022,10,British Grand Prix,VET,Aston Martin,18,1.6829999999999927,102.666,0.0,1.8,1.8,0.0,18.25,59.75,1.46,1,0
2022,10,British Grand Prix,MAG,Haas F1 Team,17,1.176000000000002,102.159,0.0,0.0,0.8,0.0,18.25,59.75,1.46,1,0
2022,10,British Grand Prix,STR,Aston Martin,20,2.4470000000000027,103.43,0.0,0.4,2.2,0.0,18.25,59.75,1.46,1,0
2022,10,British Grand Prix,LAT,Williams,10,5.0,123.095,0.0,0.0,0.0,0.0,18.25,59.75,1.46,1,0
2022,10,British Grand Prix,RIC,McLaren,14,3.372,104.355,0.0,0.8,2.8,0.0,18.25,59.75,1.46,1,0
2022,10,British Grand Prix,TSU,AlphaTauri,13,3.328000000000003,104.311,0.0,0.2,2.0,0.0,18.25,59.75,1.46,1,0
2022,10,British Grand Prix,OCO,Alpine,15,4.206999999999994,105.19,0.0,3.0,5.4,0.0,18.25,59.75,1.46,1,0
2022,10,British Grand Prix,GAS,AlphaTauri,11,2.718999999999994,103.702,0.0,2.0,2.0,0.0,18.25,59.75,1.46,1,0
2022,10,British Grand Prix,BOT,Alfa Romeo,12,3.2489999999999952,104.232,0.0,4.4,2.0,0.0,18.25,59.75,1.46,1,0
2022,10,British Grand Prix,RUS,Mercedes,8,1.1779999999999973,102.161,0.4,12.4,14.0,0.0,18.25,59.75,1.46,1,0
2022,10,British Grand Prix,ZHO,Alfa Romeo,9,1.73599999999999,102.719,0.0,0.8,2.0,0.0,18.25,59.75,1.46,1,0
2022,10,British Grand Prix,ALB,Williams,16,1.0949999999999989,102.078,0.0,0.4,0.0,0.0,18.25,59.75,1.46,1,0
2022,11,Austrian Grand Prix,LEC,Ferrari,2,0.0290000000000105,65.013,0.0,6.8,13.2,0.0,20.26,35.14,1.26,0,1
2022,11,Austrian Grand Prix,VER,Red Bull Racing,1,0.0,64.984,0.8,19.2,13.6,0.0,20.26,35.14,1.26,0,1
2022,11,Austrian Grand Prix,HAM,Mercedes,8,5.0,73.151,0.4,11.4,11.0,0.0,20.26,35.14,1.26,0,1
2022,11,Austrian Grand Prix,RUS,Mercedes,4,0.4470000000000027,65.431,0.4,10.4,11.6,0.0,20.26,35.14,1.26,0,0
2022,11,Austrian Grand Prix,OCO,Alpine,6,0.7420000000000044,65.726,0.0,3.0,4.2,0.0,20.26,35.14,1.26,0,0
2022,11,Austrian Grand Prix,MSC,Haas F1 Team,9,1.027000000000001,66.011,0.0,0.8,1.0,0.0,20.26,35.14,1.26,0,0
2022,11,Austrian Grand Prix,NOR,McLaren,10,5.0,85.847,0.0,4.6,2.0,0.0,20.26,35.14,1.26,0,0
2022,11,Austrian Grand Prix,MAG,Haas F1 Team,7,0.8950000000000102,65.879,0.0,0.2,2.6,0.0,20.26,35.14,1.26,0,0
2022,11,Austrian Grand Prix,RIC,McLaren,11,1.6290000000000049,66.613,0.0,0.8,2.8,0.0,20.26,35.14,1.26,0,0
2022,11,Austrian Grand Prix,ALO,Alpine,19,1.1189999999999998,66.103,0.0,5.2,6.0,0.0,20.26,35.14,1.26,0,0
2022,11,Austrian Grand Prix,BOT,Alfa Romeo,0,1.335000000000008,66.319,0.0,3.2,2.0,0.0,20.26,35.14,1.26,0,0
2022,11,Austrian Grand Prix,ALB,Williams,15,1.246000000000009,66.23,0.0,0.0,0.0,0.0,20.26,35.14,1.26,0,0
2022,11,Austrian Grand Prix,STR,Aston Martin,12,1.8629999999999995,66.847,0.0,0.2,0.6,0.0,20.26,35.14,1.26,0,0
2022,11,Austrian Grand Prix,ZHO,Alfa Romeo,13,1.9170000000000016,66.901,0.0,0.8,2.0,0.0,20.26,35.14,1.26,0,0
2022,11,Austrian Grand Prix,GAS,AlphaTauri,14,1.176000000000002,66.16,0.0,2.0,0.0,0.0,20.26,35.14,1.26,0,0
2022,11,Austrian Grand Prix,TSU,AlphaTauri,16,1.8670000000000044,66.851,0.0,0.2,0.0,0.0,20.26,35.14,1.26,0,0
2022,11,Austrian Grand Prix,VET,Aston Martin,18,2.099000000000004,67.083,0.0,2.2,0.6,0.0,20.26,35.14,1.26,0,0
2022,11,Austrian Grand Prix,SAI,Ferrari,3,0.0820000000000078,65.066,0.6,14.8,18.2,0.0,20.26,35.14,1.26,0,0
2022,11,Austrian Grand Prix,LAT,Williams,17,2.019000000000005,67.003,0.0,0.0,0.0,0.0,20.26,35.14,1.26,0,0
2022,11,Austrian Grand Prix,PER,Red Bull Racing,5,1.4740000000000038,66.458,0.8,16.2,13.6,0.0,20.26,35.14,1.26,0,0
2022,12,French Grand Prix,VER,Red Bull Racing,2,0.304000000000002,91.176,0.8,18.0,8.6,0.0,30.16,47.73,1.95,0,1
2022,12,French Grand Prix,HAM,Mercedes,4,0.8930000000000007,91.765,0.6,12.4,11.0,0.0,30.16,47.73,1.95,0,1
2022,12,French Grand Prix,RUS,Mercedes,6,1.2590000000000003,92.131,0.2,9.8,12.2,0.0,30.16,47.73,1.95,0,1
2022,12,French Grand Prix,PER,Red Bull Racing,3,0.4629999999999938,91.335,0.6,12.4,13.6,0.0,30.16,47.73,1.95,0,0
2022,12,French Grand Prix,SAI,Ferrari,19,0.2090000000000031,91.081,0.6,12.4,14.4,0.0,30.16,47.73,1.95,0,0
2022,12,French Grand Prix,ALO,Alpine,7,1.6800000000000068,92.552,0.0,5.0,4.6,0.0,30.16,47.73,1.95,0,0
2022,12,French Grand Prix,NOR,McLaren,5,1.1599999999999966,92.032,0.0,5.0,3.2,0.0,30.16,47.73,1.95,0,0
2022,12,French Grand Prix,OCO,Alpine,10,2.176000000000002,93.048,0.0,3.8,5.8,0.0,30.16,47.73,1.95,0,0
2022,12,French Grand Prix,RIC,McLaren,9,2.049999999999997,92.922,0.0,1.2,4.4,0.0,30.16,47.73,1.95,0,0
2022,12,French Grand Prix,STR,Aston Martin,15,2.566999999999993,93.439,0.0,0.2,0.4,0.0,30.16,47.73,1.95,0,0
2022,12,French Grand Prix,VET,Aston Martin,12,2.4039999999999964,93.276,0.0,2.2,0.6,0.0,30.16,47.73,1.95,0,0
2022,12,French Grand Prix,GAS,AlphaTauri,14,2.566999999999993,93.439,0.0,2.0,0.0,0.0,30.16,47.73,1.95,0,0
2022,12,French Grand Prix,ALB,Williams,13,2.4350000000000023,93.307,0.0,0.0,0.0,0.0,30.16,47.73,1.95,0,0
2022,12,French Grand Prix,BOT,Alfa Romeo,11,2.180000000000007,93.052,0.0,1.6,0.8,0.0,30.16,47.73,1.95,0,0
2022,12,French Grand Prix,MSC,Haas F1 Team,17,2.828999999999993,93.701,0.0,2.4,3.4,0.0,30.16,47.73,1.95,0,0
2022,12,French Grand Prix,ZHO,Alfa Romeo,16,2.8020000000000067,93.674,0.0,0.8,0.0,0.0,30.16,47.73,1.95,0,0
2022,12,French Grand Prix,LAT,Williams,18,2.921999999999997,93.794,0.0,0.0,0.0,0.0,30.16,47.73,1.95,0,0
2022,12,French Grand Prix,MAG,Haas F1 Team,20,1.777000000000001,92.649,0.0,1.0,3.4,0.0,30.16,47.73,1.95,0,0
2022,12,French Grand Prix,LEC,Ferrari,1,0.0,90.872,0.2,11.8,14.6,0.0,30.16,47.73,1.95,0,0
2022,12,French Grand Prix,TSU,AlphaTauri,8,1.9080000000000013,92.78,0.0,0.0,0.0,0.0,30.16,47.73,1.95,0,0
2022,13,Hungarian Grand Prix,VER,Red Bull Racing,10,1.445999999999998,78.823,0.8,20.0,12.4,0.0,18.56,69.32,4.03,1,1
2022,13,Hungarian Grand Prix,HAM,Mercedes,7,0.7650000000000006,78.142,0.8,15.2,12.0,0.0,18.56,69.32,4.03,1,1
2022,13,Hungarian Grand Prix,RUS,Mercedes,1,0.0,77.377,0.4,10.8,15.8,0.0,18.56,69.32,4.03,1,1
2022,13,Hungarian Grand Prix,SAI,Ferrari,2,0.0440000000000111,77.421,0.4,11.0,9.6,0.0,18.56,69.32,4.03,1,0
2022,13,Hungarian Grand Prix,PER,Red Bull Racing,11,1.13900000000001,78.516,0.4,9.8,16.2,0.0,18.56,69.32,4.03,1,0
2022,13,Hungarian Grand Prix,LEC,Ferrari,3,0.1899999999999977,77.567,0.2,9.4,9.6,0.0,18.56,69.32,4.03,1,0
2022,13,Hungarian Grand Prix,NOR,McLaren,4,0.3920000000000101,77.769,0.0,4.4,3.2,0.0,18.56,69.32,4.03,1,0
2022,13,Hungarian Grand Prix,ALO,Alpine,6,0.7010000000000076,78.078,0.0,5.4,4.6,0.0,18.56,69.32,4.03,1,0
2022,13,Hungarian Grand Prix,OCO,Alpine,5,0.6410000000000053,78.018,0.0,4.6,5.4,0.0,18.56,69.32,4.03,1,0
2022,13,Hungarian Grand Prix,VET,Aston Martin,18,1.8960000000000008,79.273,0.0,2.0,0.2,0.0,18.56,69.32,4.03,1,0
2022,13,Hungarian Grand Prix,STR,Aston Martin,14,1.7600000000000051,79.137,0.0,0.4,0.4,0.0,18.56,69.32,4.03,1,0
2022,13,Hungarian Grand Prix,GAS,AlphaTauri,0,2.1500000000000057,79.527,0.0,2.0,0.0,0.0,18.56,69.32,4.03,1,0
2022,13,Hungarian Grand Prix,ZHO,Alfa Romeo,12,1.195999999999998,78.573,0.0,0.8,0.0,0.0,18.56,69.32,4.03,1,0
2022,13,Hungarian Grand Prix,MSC,Haas F1 Team,15,1.8250000000000028,79.202,0.0,2.4,2.6,0.0,18.56,69.32,4.03,1,0
2022,13,Hungarian Grand Prix,RIC,McLaren,9,1.0020000000000095,78.379,0.0,1.6,4.4,0.0,18.56,69.32,4.03,1,0
2022,13,Hungarian Grand Prix,MAG,Haas F1 Team,13,1.4480000000000075,78.825,0.0,1.0,2.4,0.0,18.56,69.32,4.03,1,0
2022,13,Hungarian Grand Prix,ALB,Williams,17,1.8790000000000049,79.256,0.0,0.0,0.0,0.0,18.56,69.32,4.03,1,0
2022,13,Hungarian Grand Prix,LAT,Williams,19,2.192999999999998,79.57,0.0,0.0,0.0,0.0,18.56,69.32,4.03,1,0
2022,13,Hungarian Grand Prix,TSU,AlphaTauri,16,1.8629999999999995,79.24,0.0,0.0,0.0,0.0,18.56,69.32,4.03,1,0
2022,13,Hungarian Grand Prix,BOT,Alfa Romeo,8,0.7800000000000011,78.157,0.0,1.2,0.0,0.0,18.56,69.32,4.03,1,0
2022,14,Belgian Grand Prix,VER,Red Bull Racing,14,0.0,103.665,0.8,20.0,14.4,0.0,21.79,40.52,1.52,0,1
2022,14,Belgian Grand Prix,PER,Red Bull Racing,2,0.796999999999997,104.462,0.2,8.0,19.6,0.0,21.79,40.52,1.52,0,1
2022,14,Belgian Grand Prix,SAI,Ferrari,1,0.6319999999999908,104.297,0.4,13.4,6.2,0.0,21.79,40.52,1.52,0,1
2022,14,Belgian Grand Prix,RUS,Mercedes,5,2.11099999999999,105.776,0.4,10.8,15.8,0.0,21.79,40.52,1.52,0,0
2022,14,Belgian Grand Prix,ALO,Alpine,3,1.7029999999999887,105.368,0.0,5.0,3.8,0.0,21.79,40.52,1.52,0,0
2022,14,Belgian Grand Prix,LEC,Ferrari,15,0.887999999999991,104.553,0.2,11.0,9.2,0.0,21.79,40.52,1.52,0,0
2022,14,Belgian Grand Prix,OCO,Alpine,16,1.5150000000000006,105.18,0.0,4.8,5.6,0.0,21.79,40.52,1.52,0,0
2022,14,Belgian Grand Prix,VET,Aston Martin,10,2.678999999999988,106.344,0.0,0.6,0.4,0.0,21.79,40.52,1.52,0,0
2022,14,Belgian Grand Prix,GAS,AlphaTauri,0,2.161999999999992,105.827,0.0,0.0,0.0,0.0,21.79,40.52,1.52,0,0
2022,14,Belgian Grand Prix,ALB,Williams,6,2.171999999999997,105.837,0.0,0.0,0.0,0.0,21.79,40.52,1.52,0,0
2022,14,Belgian Grand Prix,STR,Aston Martin,9,2.945999999999998,106.611,0.0,0.4,1.2,0.0,21.79,40.52,1.52,0,0
2022,14,Belgian Grand Prix,NOR,McLaren,17,2.512999999999991,106.178,0.0,5.2,3.2,0.0,21.79,40.52,1.52,0,0
2022,14,Belgian Grand Prix,TSU,AlphaTauri,0,3.026999999999987,106.692,0.0,0.0,0.4,0.0,21.79,40.52,1.52,0,0
2022,14,Belgian Grand Prix,ZHO,Alfa Romeo,18,2.4199999999999875,106.085,0.0,0.8,0.0,0.0,21.79,40.52,1.52,0,0
2022,14,Belgian Grand Prix,RIC,McLaren,7,2.1019999999999897,105.767,0.0,0.8,2.8,0.0,21.79,40.52,1.52,0,0
2022,14,Belgian Grand Prix,MAG,Haas F1 Team,12,2.891999999999996,106.557,0.0,1.0,0.8,0.0,21.79,40.52,1.52,0,0
2022,14,Belgian Grand Prix,MSC,Haas F1 Team,19,4.052999999999997,107.718,0.0,2.4,0.0,0.0,21.79,40.52,1.52,0,0
2022,14,Belgian Grand Prix,LAT,Williams,11,2.73599999999999,106.401,0.0,0.0,0.2,0.0,21.79,40.52,1.52,0,0
2022,14,Belgian Grand Prix,BOT,Alfa Romeo,13,4.200999999999993,107.866,0.0,1.2,0.0,0.0,21.79,40.52,1.52,0,0
2022,14,Belgian Grand Prix,HAM,Mercedes,4,1.8379999999999936,105.503,1.0,16.6,15.8,0.0,21.79,40.52,1.52,0,0
2022,15,Dutch Grand Prix,VER,Red Bull Racing,1,0.0,70.342,0.8,20.2,18.2,0.0,22.73,75.38,1.06,0,1
2022,15,Dutch Grand Prix,RUS,Mercedes,6,0.8050000000000068,71.147,0.4,10.8,12.2,0.0,22.73,75.38,1.06,0,1
2022,15,Dutch Grand Prix,LEC,Ferrari,2,0.0210000000000007,70.363,0.2,10.6,8.6,0.0,22.73,75.38,1.06,0,1
2022,15,Dutch Grand Prix,HAM,Mercedes,4,0.3059999999999974,70.648,0.8,13.6,12.8,0.0,22.73,75.38,1.06,0,0
2022,15,Dutch Grand Prix,PER,Red Bull Racing,5,0.7349999999999994,71.077,0.4,11.6,21.0,0.0,22.73,75.38,1.06,0,0
2022,15,Dutch Grand Prix,ALO,Alpine,13,1.2710000000000008,71.613,0.0,6.6,5.2,0.0,22.73,75.38,1.06,0,0
2022,15,Dutch Grand Prix,NOR,McLaren,7,0.8320000000000078,71.174,0.0,5.2,1.6,0.0,22.73,75.38,1.06,0,0
2022,15,Dutch Grand Prix,SAI,Ferrari,3,0.0919999999999987,70.434,0.4,12.6,11.6,0.0,22.73,75.38,1.06,0,0
2022,15,Dutch Grand Prix,OCO,Alpine,12,1.2630000000000052,71.605,0.0,4.4,6.0,0.0,22.73,75.38,1.06,0,0
2022,15,Dutch Grand Prix,STR,Aston Martin,10,1.073999999999998,71.416,0.0,0.2,1.0,0.0,22.73,75.38,1.06,0,0
2022,15,Dutch Grand Prix,GAS,AlphaTauri,11,1.1700000000000017,71.512,0.0,0.4,0.4,0.0,22.73,75.38,1.06,0,0
2022,15,Dutch Grand Prix,ALB,Williams,15,1.460000000000008,71.802,0.0,0.2,0.2,0.0,22.73,75.38,1.06,0,0
2022,15,Dutch Grand Prix,MSC,Haas F1 Team,8,1.0999999999999943,71.442,0.0,2.4,0.0,0.0,22.73,75.38,1.06,0,0
2022,15,Dutch Grand Prix,VET,Aston Martin,19,2.0490000000000066,72.391,0.0,1.4,1.2,0.0,22.73,75.38,1.06,0,0
2022,15,Dutch Grand Prix,MAG,Haas F1 Team,18,1.977000000000004,72.319,0.0,1.0,0.0,0.0,22.73,75.38,1.06,0,0
2022,15,Dutch Grand Prix,ZHO,Alfa Romeo,14,1.3619999999999948,71.704,0.0,0.0,0.0,0.0,22.73,75.38,1.06,0,0
2022,15,Dutch Grand Prix,RIC,McLaren,17,1.7390000000000043,72.081,0.0,0.8,2.4,0.0,22.73,75.38,1.06,0,0
2022,15,Dutch Grand Prix,LAT,Williams,20,3.010999999999996,73.353,0.0,0.0,0.2,0.0,22.73,75.38,1.06,0,0
2022,15,Dutch Grand Prix,BOT,Alfa Romeo,16,1.6189999999999998,71.961,0.0,0.0,0.0,0.0,22.73,75.38,1.06,0,0
2022,15,Dutch Grand Prix,TSU,AlphaTauri,9,2.213999999999998,72.556,0.0,0.0,0.4,0.0,22.73,75.38,1.06,0,0
2022,16,Italian Grand Prix,VER,Red Bull Racing,7,0.144999999999996,80.306,1.0,24.2,18.0,0.0,27.73,33.15,1.36,0,1
2022,16,Italian Grand Prix,LEC,Ferrari,1,0.0,80.161,0.4,11.2,10.0,0.0,27.73,33.15,1.36,0,1
2022,16,Italian Grand Prix,RUS,Mercedes,2,1.3810000000000002,81.542,0.6,14.4,11.4,0.0,27.73,33.15,1.36,0,1
2022,16,Italian Grand Prix,SAI,Ferrari,18,0.2680000000000007,80.429,0.2,8.4,12.0,0.0,27.73,33.15,1.36,0,0
2022,16,Italian Grand Prix,HAM,Mercedes,19,1.3629999999999995,81.524,0.6,12.8,11.4,0.0,27.73,33.15,1.36,0,0
2022,16,Italian Grand Prix,PER,Red Bull Racing,13,1.0450000000000017,81.206,0.2,10.0,21.0,0.0,27.73,33.15,1.36,0,0
2022,16,Italian Grand Prix,NOR,McLaren,3,1.4230000000000018,81.584,0.0,4.8,1.2,0.0,27.73,33.15,1.36,0,0
2022,16,Italian Grand Prix,GAS,AlphaTauri,5,2.4869999999999948,82.648,0.0,0.4,0.4,0.0,27.73,33.15,1.36,0,0
2022,16,Italian Grand Prix,DEV,Williams,8,2.3100000000000023,82.471,0.0,0.0,0.2,0.0,27.73,33.15,1.36,0,0
2022,16,Italian Grand Prix,ZHO,Alfa Romeo,9,2.415999999999997,82.577,0.0,0.0,0.0,0.0,27.73,33.15,1.36,0,0
2022,16,Italian Grand Prix,OCO,Alpine,14,1.968999999999994,82.13,0.0,4.8,5.6,0.0,27.73,33.15,1.36,0,0
2022,16,Italian Grand Prix,MSC,Haas F1 Team,17,2.843999999999994,83.005,0.0,1.6,0.0,0.0,27.73,33.15,1.36,0,0
2022,16,Italian Grand Prix,BOT,Alfa Romeo,15,2.073999999999998,82.235,0.0,0.0,0.2,0.0,27.73,33.15,1.36,0,0
2022,16,Italian Grand Prix,TSU,AlphaTauri,20,1.8589999999999949,82.02,0.0,0.0,1.2,0.0,27.73,33.15,1.36,0,0
2022,16,Italian Grand Prix,LAT,Williams,10,2.426000000000002,82.587,0.0,0.0,0.6,0.0,27.73,33.15,1.36,0,0
2022,16,Italian Grand Prix,MAG,Haas F1 Team,16,2.747,82.908,0.0,0.8,0.0,0.0,27.73,33.15,1.36,0,0
2022,16,Italian Grand Prix,RIC,McLaren,4,1.7639999999999958,81.925,0.0,0.8,2.4,0.0,27.73,33.15,1.36,0,0
2022,16,Italian Grand Prix,STR,Aston Martin,12,2.5870000000000037,82.748,0.0,0.4,1.0,0.0,27.73,33.15,1.36,0,0
2022,16,Italian Grand Prix,ALO,Alpine,6,1.7000000000000028,81.861,0.0,6.2,5.2,0.0,27.73,33.15,1.36,0,0
2022,16,Italian Grand Prix,VET,Aston Martin,11,2.4749999999999943,82.636,0.0,1.0,1.0,0.0,27.73,33.15,1.36,0,0
2022,17,Singapore Grand Prix,PER,Red Bull Racing,2,0.0219999999999913,109.434,0.2,11.8,17.6,0.0,26.23,87.45,0.93,1,1
2022,17,Singapore Grand Prix,LEC,Ferrari,1,0.0,109.412,0.4,9.8,11.4,0.0,26.23,87.45,0.93,1,1
2022,17,Singapore Grand Prix,SAI,Ferrari,4,0.1709999999999922,109.583,0.2,10.8,13.4,0.0,26.23,87.45,0.93,1,1
2022,17,Singapore Grand Prix,NOR,McLaren,6,1.171999999999997,110.584,0.0,4.8,2.4,0.0,26.23,87.45,0.93,1,0
2022,17,Singapore Grand Prix,RIC,McLaren,16,5.0,116.226,0.0,0.4,4.8,0.0,26.23,87.45,0.93,1,0
2022,17,Singapore Grand Prix,STR,Aston Martin,11,4.798999999999992,114.211,0.0,0.4,0.2,0.0,26.23,87.45,0.93,1,0
2022,17,Singapore Grand Prix,VER,Red Bull Racing,8,1.9829999999999897,111.395,1.0,25.4,19.0,0.0,26.23,87.45,0.93,1,0
2022,17,Singapore Grand Prix,VET,Aston Martin,13,4.967999999999989,114.38,0.0,1.0,1.8,0.0,26.23,87.45,0.93,1,0
2022,17,Singapore Grand Prix,HAM,Mercedes,3,0.0539999999999878,109.466,0.4,11.8,11.0,0.0,26.23,87.45,0.93,1,0
2022,17,Singapore Grand Prix,GAS,AlphaTauri,7,1.7989999999999924,111.211,0.0,1.2,0.8,0.0,26.23,87.45,0.93,1,0
2022,17,Singapore Grand Prix,BOT,Alfa Romeo,15,5.0,116.083,0.0,0.0,0.2,0.0,26.23,87.45,0.93,1,0
2022,17,Singapore Grand Prix,MAG,Haas F1 Team,9,2.160999999999987,111.573,0.0,0.0,0.0,0.0,26.23,87.45,0.93,1,0
2022,17,Singapore Grand Prix,MSC,Haas F1 Team,12,4.957999999999998,114.37,0.0,0.0,0.0,0.0,26.23,87.45,0.93,1,0
2022,17,Singapore Grand Prix,RUS,Mercedes,0,4.599999999999994,114.012,0.8,15.0,11.4,0.0,26.23,87.45,0.93,1,0
2022,17,Singapore Grand Prix,TSU,AlphaTauri,10,2.570999999999998,111.983,0.0,0.0,1.0,0.0,26.23,87.45,0.93,1,0
2022,17,Singapore Grand Prix,OCO,Alpine,17,5.0,116.337,0.0,2.8,3.2,0.0,26.23,87.45,0.93,1,0
2022,17,Singapore Grand Prix,ALB,Williams,18,5.0,116.985,0.0,0.2,0.4,0.0,26.23,87.45,0.93,1,0
2022,17,Singapore Grand Prix,ALO,Alpine,5,0.5539999999999878,109.966,0.0,6.0,2.0,0.0,26.23,87.45,0.93,1,0
2022,17,Singapore Grand Prix,LAT,Williams,19,5.0,117.532,0.0,0.0,0.4,0.0,26.23,87.45,0.93,1,0
2022,17,Singapore Grand Prix,ZHO,Alfa Romeo,14,5.0,115.518,0.0,0.2,0.2,0.0,26.23,87.45,0.93,1,0
2022,18,Japanese Grand Prix,VER,Red Bull Racing,1,0.0,89.304,0.8,21.6,15.0,0.0,16.72,86.21,2.04,1,1
2022,18,Japanese Grand Prix,PER,Red Bull Racing,4,0.4050000000000011,89.709,0.4,14.4,18.0,0.0,16.72,86.21,2.04,1,1
2022,18,Japanese Grand Prix,LEC,Ferrari,2,0.0099999999999909,89.314,0.6,13.4,13.4,0.0,16.72,86.21,2.04,1,1
2022,18,Japanese Grand Prix,OCO,Alpine,5,0.8610000000000042,90.165,0.0,2.0,0.4,0.0,16.72,86.21,2.04,1,0
2022,18,Japanese Grand Prix,HAM,Mercedes,6,0.9569999999999936,90.261,0.2,8.6,7.8,0.0,16.72,86.21,2.04,1,0
2022,18,Japanese Grand Prix,VET,Aston Martin,9,1.25,90.554,0.0,1.8,2.4,0.0,16.72,86.21,2.04,1,0
2022,18,Japanese Grand Prix,ALO,Alpine,7,1.018000000000001,90.322,0.0,4.4,2.4,0.0,16.72,86.21,2.04,1,0
2022,18,Japanese Grand Prix,RUS,Mercedes,8,1.0849999999999935,90.389,0.6,12.0,7.4,0.0,16.72,86.21,2.04,1,0
2022,18,Japanese Grand Prix,LAT,Williams,20,2.2069999999999936,91.511,0.0,0.0,0.4,0.0,16.72,86.21,2.04,1,0
2022,18,Japanese Grand Prix,NOR,McLaren,10,1.698999999999998,91.003,0.0,6.0,5.6,0.0,16.72,86.21,2.04,1,0
2022,18,Japanese Grand Prix,RIC,McLaren,11,1.355000000000004,90.659,0.0,2.0,5.8,0.0,16.72,86.21,2.04,1,0
2022,18,Japanese Grand Prix,STR,Aston Martin,19,2.114999999999995,91.419,0.0,1.8,4.0,0.0,16.72,86.21,2.04,1,0
2022,18,Japanese Grand Prix,TSU,AlphaTauri,13,1.5040000000000049,90.808,0.0,0.0,1.0,0.0,16.72,86.21,2.04,1,0
2022,18,Japanese Grand Prix,MAG,Haas F1 Team,18,2.048000000000002,91.352,0.0,0.0,0.0,0.0,16.72,86.21,2.04,1,0
2022,18,Japanese Grand Prix,BOT,Alfa Romeo,12,1.4050000000000011,90.709,0.0,0.0,0.2,0.0,16.72,86.21,2.04,1,0
2022,18,Japanese Grand Prix,ZHO,Alfa Romeo,14,1.649000000000001,90.953,0.0,0.2,0.2,0.0,16.72,86.21,2.04,1,0
2022,18,Japanese Grand Prix,MSC,Haas F1 Team,15,2.134999999999991,91.439,0.0,0.0,0.0,0.0,16.72,86.21,2.04,1,0
2022,18,Japanese Grand Prix,GAS,AlphaTauri,17,2.0180000000000007,91.322,0.0,1.4,1.0,0.0,16.72,86.21,2.04,1,0
2022,18,Japanese Grand Prix,SAI,Ferrari,3,0.0570000000000021,89.361,0.4,11.6,15.6,0.0,16.72,86.21,2.04,1,0
2022,18,Japanese Grand Prix,ALB,Williams,16,2.007000000000005,91.311,0.0,0.2,0.8,0.0,16.72,86.21,2.04,1,0
2022,19,United States Grand Prix,VER,Red Bull Racing,2,0.0919999999999987,94.448,0.8,21.6,16.6,0.0,29.29,49.62,5.49,0,1
2022,19,United States Grand Prix,HAM,Mercedes,3,0.5910000000000082,94.947,0.0,6.8,5.2,0.0,29.29,49.62,5.49,0,1
2022,19,United States Grand Prix,LEC,Ferrari,12,0.0650000000000119,94.421,0.8,14.8,12.0,0.0,29.29,49.62,5.49,0,1
2022,19,United States Grand Prix,PER,Red Bull Racing,9,0.2890000000000015,94.645,0.6,16.0,19.8,0.0,29.29,49.62,5.49,0,0
2022,19,United States Grand Prix,RUS,Mercedes,4,0.632000000000005,94.988,0.4,9.8,6.8,0.0,29.29,49.62,5.49,0,0
2022,19,United States Grand Prix,NOR,McLaren,6,1.3340000000000032,95.69,0.0,5.0,4.6,0.0,29.29,49.62,5.49,0,0
2022,19,United States Grand Prix,ALO,Alpine,14,1.5200000000000102,95.876,0.0,4.8,3.6,0.0,29.29,49.62,5.49,0,0
2022,19,United States Grand Prix,VET,Aston Martin,10,2.0420000000000016,96.398,0.0,3.2,4.0,0.0,29.29,49.62,5.49,0,0
2022,19,United States Grand Prix,MAG,Haas F1 Team,13,2.5930000000000035,96.949,0.0,0.0,0.0,0.0,29.29,49.62,5.49,0,0
2022,19,United States Grand Prix,TSU,AlphaTauri,19,2.791000000000011,97.147,0.0,0.0,0.2,0.0,29.29,49.62,5.49,0,0
2022,19,United States Grand Prix,OCO,Alpine,0,2.7120000000000037,97.068,0.0,4.0,4.8,0.0,29.29,49.62,5.49,0,0
2022,19,United States Grand Prix,ZHO,Alfa Romeo,18,2.6140000000000043,96.97,0.0,0.2,0.0,0.0,29.29,49.62,5.49,0,0
2022,19,United States Grand Prix,ALB,Williams,8,2.0120000000000005,96.368,0.0,0.2,0.4,0.0,29.29,49.62,5.49,0,0
2022,19,United States Grand Prix,GAS,AlphaTauri,11,2.3840000000000003,96.74,0.0,1.4,0.4,0.0,29.29,49.62,5.49,0,0
2022,19,United States Grand Prix,MSC,Haas F1 Team,16,2.7550000000000097,97.111,0.0,0.0,0.4,0.0,29.29,49.62,5.49,0,0
2022,19,United States Grand Prix,RIC,McLaren,15,2.690000000000012,97.046,0.0,2.0,6.2,0.0,29.29,49.62,5.49,0,0
2022,19,United States Grand Prix,LAT,Williams,17,2.888000000000005,97.244,0.0,0.4,0.4,0.0,29.29,49.62,5.49,0,0
2022,19,United States Grand Prix,STR,Aston Martin,5,1.2420000000000044,95.598,0.0,1.8,4.8,0.0,29.29,49.62,5.49,0,0
2022,19,United States Grand Prix,BOT,Alfa Romeo,7,1.963000000000008,96.319,0.0,0.0,0.0,0.0,29.29,49.62,5.49,0,0
2022,19,United States Grand Prix,SAI,Ferrari,1,0.0,94.356,0.4,9.2,12.6,0.0,29.29,49.62,5.49,0,0
2022,20,Mexico City Grand Prix,VER,Red Bull Racing,1,0.0,77.775,0.8,21.4,17.2,0.0,24.31,34.44,1.34,0,1
2022,20,Mexico City Grand Prix,HAM,Mercedes,3,0.3089999999999975,78.084,0.2,10.4,8.6,0.0,24.31,34.44,1.34,0,1
2022,20,Mexico City Grand Prix,PER,Red Bull Racing,4,0.3529999999999944,78.128,0.4,14.8,21.0,0.0,24.31,34.44,1.34,0,1
2022,20,Mexico City Grand Prix,RUS,Mercedes,2,0.3039999999999878,78.079,0.4,9.6,12.2,0.0,24.31,34.44,1.34,0,0
2022,20,Mexico City Grand Prix,SAI,Ferrari,5,0.5759999999999934,78.351,0.2,6.2,9.0,0.0,24.31,34.44,1.34,0,0
2022,20,Mexico City Grand Prix,LEC,Ferrari,7,0.7800000000000011,78.555,1.0,16.2,8.0,0.0,24.31,34.44,1.34,0,0
2022,20,Mexico City Grand Prix,RIC,McLaren,11,1.5499999999999972,79.325,0.0,2.0,3.8,0.0,24.31,34.44,1.34,0,0
2022,20,Mexico City Grand Prix,OCO,Alpine,10,1.2349999999999994,79.01,0.0,2.8,4.8,0.0,24.31,34.44,1.34,0,0
2022,20,Mexico City Grand Prix,NOR,McLaren,8,0.945999999999998,78.721,0.0,6.6,3.0,0.0,24.31,34.44,1.34,0,0
2022,20,Mexico City Grand Prix,BOT,Alfa Romeo,6,0.6259999999999906,78.401,0.0,0.0,0.0,0.0,24.31,34.44,1.34,0,0
2022,20,Mexico City Grand Prix,GAS,AlphaTauri,14,1.8969999999999916,79.672,0.0,1.0,0.2,0.0,24.31,34.44,1.34,0,0
2022,20,Mexico City Grand Prix,ALB,Williams,17,3.083999999999989,80.859,0.0,0.2,0.4,0.0,24.31,34.44,1.34,0,0
2022,20,Mexico City Grand Prix,ZHO,Alfa Romeo,12,1.7009999999999934,79.476,0.0,0.2,0.2,0.0,24.31,34.44,1.34,0,0
2022,20,Mexico City Grand Prix,VET,Aston Martin,16,2.6439999999999912,80.419,0.0,3.2,3.2,0.0,24.31,34.44,1.34,0,0
2022,20,Mexico City Grand Prix,STR,Aston Martin,20,2.7449999999999903,80.52,0.0,1.8,2.4,0.0,24.31,34.44,1.34,0,0
2022,20,Mexico City Grand Prix,MSC,Haas F1 Team,15,2.6439999999999912,80.419,0.0,0.0,0.4,0.0,24.31,34.44,1.34,0,0
2022,20,Mexico City Grand Prix,MAG,Haas F1 Team,19,2.0579999999999927,79.833,0.0,0.4,0.4,0.0,24.31,34.44,1.34,0,0
2022,20,Mexico City Grand Prix,LAT,Williams,18,3.391999999999996,81.167,0.0,0.4,0.4,0.0,24.31,34.44,1.34,0,0
2022,20,Mexico City Grand Prix,ALO,Alpine,9,1.1639999999999873,78.939,0.0,4.0,5.6,0.0,24.31,34.44,1.34,0,0
2022,20,Mexico City Grand Prix,TSU,AlphaTauri,13,1.813999999999993,79.589,0.0,0.2,0.2,0.0,24.31,34.44,1.34,0,0
2022,21,São Paulo Grand Prix,RUS,Mercedes,1,0.3849999999999909,72.059,0.2,8.6,12.8,0.0,23.01,76.08,1.44,0,1
2022,21,São Paulo Grand Prix,HAM,Mercedes,2,0.9369999999999976,72.611,0.4,11.6,17.2,0.0,23.01,76.08,1.44,0,1
2022,21,São Paulo Grand Prix,SAI,Ferrari,7,0.6829999999999927,72.357,0.2,7.4,6.6,0.0,23.01,76.08,1.44,0,1
2022,21,São Paulo Grand Prix,LEC,Ferrari,5,0.7240000000000038,70.95,0.8,14.8,9.6,0.0,23.01,76.08,1.44,0,0
2022,21,São Paulo Grand Prix,ALO,Alpine,17,0.8299999999999983,72.504,0.0,2.4,3.2,0.0,23.01,76.08,1.44,0,0
2022,21,São Paulo Grand Prix,VER,Red Bull Racing,3,0.2029999999999887,71.877,0.8,21.2,19.0,0.0,23.01,76.08,1.44,0,0
2022,21,São Paulo Grand Prix,PER,Red Bull Racing,4,3.926999999999993,75.601,0.6,15.8,17.0,0.0,23.01,76.08,1.44,0,0
2022,21,São Paulo Grand Prix,OCO,Alpine,16,0.7509999999999906,72.425,0.0,3.2,4.0,0.0,23.01,76.08,1.44,0,0
2022,21,São Paulo Grand Prix,BOT,Alfa Romeo,14,3.8119999999999976,75.486,0.0,0.2,0.2,0.0,23.01,76.08,1.44,0,0
2022,21,São Paulo Grand Prix,STR,Aston Martin,15,0.5359999999999872,72.21,0.0,1.6,0.8,0.0,23.01,76.08,1.44,0,0
2022,21,São Paulo Grand Prix,VET,Aston Martin,9,0.0039999999999906,71.678,0.0,3.2,1.0,0.0,23.01,76.08,1.44,0,0
2022,21,São Paulo Grand Prix,ZHO,Alfa Romeo,13,3.522999999999996,75.197,0.0,0.2,0.6,0.0,23.01,76.08,1.44,0,0
2022,21,São Paulo Grand Prix,MSC,Haas F1 Team,12,4.686999999999998,76.361,0.0,0.0,0.4,0.0,23.01,76.08,1.44,0,0
2022,21,São Paulo Grand Prix,GAS,AlphaTauri,10,0.0009999999999905,71.675,0.0,1.0,0.2,0.0,23.01,76.08,1.44,0,0
2022,21,São Paulo Grand Prix,ALB,Williams,19,0.0430000000000063,71.631,0.0,0.0,0.0,0.0,23.01,76.08,1.44,0,0
2022,21,São Paulo Grand Prix,LAT,Williams,18,3.4209999999999923,75.095,0.0,0.4,0.0,0.0,23.01,76.08,1.44,0,0
2022,21,São Paulo Grand Prix,TSU,AlphaTauri,0,4.589999999999989,76.264,0.0,0.2,0.2,0.0,23.01,76.08,1.44,0,0
2022,21,São Paulo Grand Prix,NOR,McLaren,6,0.5889999999999986,72.263,0.0,5.8,3.2,0.0,23.01,76.08,1.44,0,0
2022,21,São Paulo Grand Prix,MAG,Haas F1 Team,8,0.0,71.674,0.0,0.4,0.4,0.0,23.01,76.08,1.44,0,0
2022,21,São Paulo Grand Prix,RIC,McLaren,11,0.465999999999994,72.14,0.0,3.2,3.2,0.0,23.01,76.08,1.44,0,0
2022,22,Abu Dhabi Grand Prix,VER,Red Bull Racing,1,0.0,83.824,0.6,17.8,13.2,0.0,28.58,61.68,2.61,0,1
2022,22,Abu Dhabi Grand Prix,LEC,Ferrari,3,0.2680000000000007,84.092,0.6,13.6,9.0,0.0,28.58,61.68,2.61,0,1
2022,22,Abu Dhabi Grand Prix,PER,Red Bull Racing,2,0.2280000000000086,84.052,0.6,15.2,15.8,0.0,28.58,61.68,2.61,0,1
2022,22,Abu Dhabi Grand Prix,SAI,Ferrari,4,0.4180000000000063,84.242,0.4,8.0,12.6,0.0,28.58,61.68,2.61,0,0
2022,22,Abu Dhabi Grand Prix,RUS,Mercedes,6,0.6869999999999976,84.511,0.2,10.8,17.2,0.0,28.58,61.68,2.61,0,0
2022,22,Abu Dhabi Grand Prix,NOR,McLaren,7,0.9450000000000074,84.769,0.0,4.6,1.6,0.0,28.58,61.68,2.61,0,0
2022,22,Abu Dhabi Grand Prix,OCO,Alpine,8,1.0060000000000002,84.83,0.0,4.0,3.6,0.0,28.58,61.68,2.61,0,0
2022,22,Abu Dhabi Grand Prix,STR,Aston Martin,14,1.5349999999999966,85.359,0.0,1.8,0.2,0.0,28.58,61.68,2.61,0,0
2022,22,Abu Dhabi Grand Prix,RIC,McLaren,13,1.2210000000000036,85.045,0.0,3.2,3.4,0.0,28.58,61.68,2.61,0,0
2022,22,Abu Dhabi Grand Prix,VET,Aston Martin,9,1.1370000000000005,84.961,0.0,3.2,1.0,0.0,28.58,61.68,2.61,0,0
2022,22,Abu Dhabi Grand Prix,TSU,AlphaTauri,11,1.394999999999996,85.219,0.0,0.2,0.0,0.0,28.58,61.68,2.61,0,0
2022,22,Abu Dhabi Grand Prix,ZHO,Alfa Romeo,15,1.5840000000000032,85.408,0.0,0.0,0.6,0.0,28.58,61.68,2.61,0,0
2022,22,Abu Dhabi Grand Prix,ALB,Williams,19,2.204000000000008,86.028,0.0,0.0,0.0,0.0,28.58,61.68,2.61,0,0
2022,22,Abu Dhabi Grand Prix,GAS,AlphaTauri,17,2.0349999999999966,85.859,0.0,0.2,0.0,0.0,28.58,61.68,2.61,0,0
2022,22,Abu Dhabi Grand Prix,BOT,Alfa Romeo,18,2.067999999999998,85.892,0.0,0.6,0.6,0.0,28.58,61.68,2.61,0,0
2022,22,Abu Dhabi Grand Prix,MSC,Haas F1 Team,12,1.4009999999999962,85.225,0.0,0.0,0.0,0.0,28.58,61.68,2.61,0,0
2022,22,Abu Dhabi Grand Prix,MAG,Haas F1 Team,16,2.010000000000005,85.834,0.0,0.4,0.0,0.0,28.58,61.68,2.61,0,0
2022,22,Abu Dhabi Grand Prix,HAM,Mercedes,5,0.6839999999999975,84.508,0.6,13.2,17.0,0.0,28.58,61.68,2.61,0,0
2022,22,Abu Dhabi Grand Prix,LAT,Williams,20,2.230000000000004,86.054,0.0,0.4,0.0,0.0,28.58,61.68,2.61,0,0
2022,22,Abu Dhabi Grand Prix,ALO,Alpine,10,1.2720000000000056,85.096,0.0,4.4,4.8,0.0,28.58,61.68,2.61,0,0
2023,1,Bahrain Grand Prix,VER,Red Bull Racing,1,0.0,89.708,0.8,21.6,13.8,0.0,27.43,21.5,0.68,0,1
2023,1,Bahrain Grand Prix,PER,Red Bull Racing,2,0.1380000000000052,89.846,0.6,13.2,15.8,0.0,27.43,21.5,0.68,0,1
2023,1,Bahrain Grand Prix,ALO,Aston Martin,5,0.6280000000000001,90.336,0.0,4.4,1.2,0.0,27.43,21.5,0.68,0,1
2023,1,Bahrain Grand Prix,SAI,Ferrari,4,0.4459999999999979,90.154,0.2,7.4,13.0,1.0,27.43,21.5,0.68,0,0
2023,1,Bahrain Grand Prix,HAM,Mercedes,7,0.6760000000000019,90.384,0.6,12.8,13.4,1.0,27.43,21.5,0.68,0,0
2023,1,Bahrain Grand Prix,STR,Aston Martin,8,1.128,90.836,0.0,1.0,4.2,0.0,27.43,21.5,0.68,0,0
2023,1,Bahrain Grand Prix,RUS,Mercedes,6,0.632000000000005,90.34,0.2,12.8,12.8,0.0,27.43,21.5,0.68,0,0
2023,1,Bahrain Grand Prix,BOT,Alfa Romeo,12,1.7349999999999994,91.443,0.0,0.6,0.4,0.0,27.43,21.5,0.68,0,0
2023,1,Bahrain Grand Prix,GAS,Alpine,20,2.472999999999999,92.181,0.0,0.0,4.0,0.0,27.43,21.5,0.68,0,0
2023,1,Bahrain Grand Prix,ALB,Williams,15,1.753,91.461,0.0,0.0,0.0,0.0,27.43,21.5,0.68,0,0
2023,1,Bahrain Grand Prix,TSU,AlphaTauri,14,2.8020000000000067,92.51,0.0,0.2,0.0,0.0,27.43,21.5,0.68,0,0
2023,1,Bahrain Grand Prix,SAR,Williams,16,1.9440000000000024,91.652,0.0,0.0,0.2,0.0,27.43,21.5,0.68,0,0
2023,1,Bahrain Grand Prix,MAG,Haas F1 Team,17,2.183999999999997,91.892,0.0,0.4,0.0,0.0,27.43,21.5,0.68,0,0
2023,1,Bahrain Grand Prix,DEV,AlphaTauri,19,2.4129999999999967,92.121,0.0,2.0,0.0,0.0,27.43,21.5,0.68,0,0
2023,1,Bahrain Grand Prix,HUL,Haas F1 Team,10,1.100999999999999,90.809,0.0,0.0,0.0,0.0,27.43,21.5,0.68,0,0
2023,1,Bahrain Grand Prix,ZHO,Alfa Romeo,13,1.7650000000000006,91.473,0.0,0.0,1.2,0.0,27.43,21.5,0.68,0,0
2023,1,Bahrain Grand Prix,NOR,McLaren,11,1.6730000000000018,91.381,0.0,4.0,2.6,0.0,27.43,21.5,0.68,0,0
2023,1,Bahrain Grand Prix,OCO,Alpine,9,1.2759999999999962,90.984,0.0,5.2,4.4,0.0,27.43,21.5,0.68,0,0
2023,1,Bahrain Grand Prix,LEC,Ferrari,3,0.2920000000000016,90.0,0.6,13.6,13.8,1.0,27.43,21.5,0.68,0,0
2023,1,Bahrain Grand Prix,PIA,McLaren,18,2.3930000000000007,92.101,0.0,0.0,2.2,0.0,27.43,21.5,0.68,0,0
2023,2,Saudi Arabian Grand Prix,PER,Red Bull Racing,1,0.0,88.265,0.6,13.2,17.8,0.0,26.09,57.79,1.77,0,1
2023,2,Saudi Arabian Grand Prix,VER,Red Bull Racing,15,5.0,109.953,0.8,21.6,21.6,1.0,26.09,57.79,1.77,0,1
2023,2,Saudi Arabian Grand Prix,ALO,Aston Martin,2,0.4650000000000034,88.73,0.2,6.2,5.6,0.0,26.09,57.79,1.77,0,1
2023,2,Saudi Arabian Grand Prix,RUS,Mercedes,3,0.5919999999999987,88.857,0.2,13.2,8.8,0.0,26.09,57.79,1.77,0,0
2023,2,Saudi Arabian Grand Prix,HAM,Mercedes,7,0.9579999999999984,89.223,0.6,12.8,7.6,0.0,26.09,57.79,1.77,0,0
2023,2,Saudi Arabian Grand Prix,SAI,Ferrari,4,0.6659999999999968,88.931,0.2,9.8,10.8,1.0,26.09,57.79,1.77,0,0
2023,2,Saudi Arabian Grand Prix,LEC,Ferrari,12,0.1550000000000011,88.42,0.4,10.6,10.0,1.0,26.09,57.79,1.77,0,0
2023,2,Saudi Arabian Grand Prix,OCO,Alpine,6,0.8130000000000024,89.078,0.0,2.8,2.4,0.0,26.09,57.79,1.77,0,0
2023,2,Saudi Arabian Grand Prix,GAS,Alpine,9,1.0919999999999987,89.357,0.0,0.4,2.4,0.0,26.09,57.79,1.77,0,0
2023,2,Saudi Arabian Grand Prix,MAG,Haas F1 Team,13,1.3689999999999998,89.634,0.0,0.4,0.0,0.0,26.09,57.79,1.77,0,0
2023,2,Saudi Arabian Grand Prix,TSU,AlphaTauri,16,1.6739999999999924,89.939,0.0,0.2,0.0,0.0,26.09,57.79,1.77,0,0
2023,2,Saudi Arabian Grand Prix,HUL,Haas F1 Team,10,1.1859999999999928,89.451,0.0,0.0,0.2,0.0,26.09,57.79,1.77,0,0
2023,2,Saudi Arabian Grand Prix,ZHO,Alfa Romeo,11,1.195999999999998,89.461,0.0,0.0,0.8,0.0,26.09,57.79,1.77,0,0
2023,2,Saudi Arabian Grand Prix,DEV,AlphaTauri,18,1.9789999999999992,90.244,0.0,1.0,0.0,0.0,26.09,57.79,1.77,0,0
2023,2,Saudi Arabian Grand Prix,PIA,McLaren,8,0.9779999999999944,89.243,0.0,0.0,2.2,0.0,26.09,57.79,1.77,0,0
2023,2,Saudi Arabian Grand Prix,SAR,Williams,20,5.0,128.51,0.0,0.0,0.2,0.0,26.09,57.79,1.77,0,0
2023,2,Saudi Arabian Grand Prix,NOR,McLaren,19,2.182000000000002,90.447,0.0,3.8,2.2,0.0,26.09,57.79,1.77,0,0
2023,2,Saudi Arabian Grand Prix,BOT,Alfa Romeo,14,1.4030000000000058,89.668,0.0,1.4,0.8,0.0,26.09,57.79,1.77,0,0
2023,2,Saudi Arabian Grand Prix,ALB,Williams,17,1.7289999999999992,89.994,0.0,0.2,0.2,0.0,26.09,57.79,1.77,0,0
2023,2,Saudi Arabian Grand Prix,STR,Aston Martin,5,0.6799999999999926,88.945,0.0,2.6,8.6,0.0,26.09,57.79,1.77,0,0
2023,3,Australian Grand Prix,VER,Red Bull Racing,1,0.0,76.732,0.8,20.4,20.4,0.0,17.45,54.16,1.13,0,1
2023,3,Australian Grand Prix,HAM,Mercedes,3,0.3719999999999999,77.104,0.4,11.2,7.6,0.0,17.45,54.16,1.13,0,1
2023,3,Australian Grand Prix,ALO,Aston Martin,4,0.4069999999999965,77.139,0.4,8.0,7.8,0.0,17.45,54.16,1.13,0,1
2023,3,Australian Grand Prix,STR,Aston Martin,6,0.5760000000000076,77.308,0.0,2.6,10.6,0.0,17.45,54.16,1.13,0,0
2023,3,Australian Grand Prix,NOR,McLaren,13,1.3870000000000005,78.119,0.0,2.2,0.4,0.0,17.45,54.16,1.13,0,0
2023,3,Australian Grand Prix,HUL,Haas F1 Team,10,1.003,77.735,0.0,0.0,0.2,0.0,17.45,54.16,1.13,0,0
2023,3,Australian Grand Prix,PIA,McLaren,16,1.7849999999999966,78.517,0.0,0.0,1.6,0.0,17.45,54.16,1.13,0,0
2023,3,Australian Grand Prix,ZHO,Alfa Romeo,17,1.808000000000007,78.54,0.0,0.0,0.8,0.0,17.45,54.16,1.13,0,0
2023,3,Australian Grand Prix,TSU,AlphaTauri,12,1.3670000000000044,78.099,0.0,0.0,0.0,0.0,17.45,54.16,1.13,0,0
2023,3,Australian Grand Prix,BOT,Alfa Romeo,19,1.9819999999999995,78.714,0.0,1.4,1.2,0.0,17.45,54.16,1.13,0,0
2023,3,Australian Grand Prix,SAI,Ferrari,5,0.5379999999999967,77.27,0.2,11.4,7.6,0.0,17.45,54.16,1.13,0,0
2023,3,Australian Grand Prix,GAS,Alpine,9,0.9429999999999978,77.675,0.0,0.8,1.6,0.0,17.45,54.16,1.13,0,0
2023,3,Australian Grand Prix,OCO,Alpine,11,1.0360000000000014,77.768,0.0,3.6,1.6,0.0,17.45,54.16,1.13,0,0
2023,3,Australian Grand Prix,DEV,AlphaTauri,15,1.6029999999999944,78.335,0.0,0.6666666666666666,0.2,0.0,17.45,54.16,1.13,0,0
2023,3,Australian Grand Prix,SAR,Williams,18,1.8250000000000028,78.557,0.0,0.0,0.2,0.0,17.45,54.16,1.13,0,0
2023,3,Australian Grand Prix,MAG,Haas F1 Team,14,1.3970000000000056,78.129,0.0,0.2,1.4,0.0,17.45,54.16,1.13,0,0
2023,3,Australian Grand Prix,RUS,Mercedes,2,0.2360000000000042,76.968,0.2,13.4,11.2,1.0,17.45,54.16,1.13,0,0
2023,3,Australian Grand Prix,ALB,Williams,8,0.8769999999999953,77.609,0.0,0.2,0.2,0.0,17.45,54.16,1.13,0,0
2023,3,Australian Grand Prix,LEC,Ferrari,7,0.6370000000000005,77.369,0.2,8.8,5.2,1.0,17.45,54.16,1.13,0,0
2023,4,Azerbaijan Grand Prix,PER,Red Bull Racing,3,0.2920000000000016,100.495,0.8,15.8,22.4,1.0,24.86,49.22,1.08,0,1
2023,4,Azerbaijan Grand Prix,VER,Red Bull Racing,2,0.1880000000000024,100.391,0.8,20.4,22.4,1.0,24.86,49.22,1.08,0,1
2023,4,Azerbaijan Grand Prix,LEC,Ferrari,1,0.0,100.203,0.2,7.2,2.8,0.0,24.86,49.22,1.08,0,1
2023,4,Azerbaijan Grand Prix,ALO,Aston Martin,6,1.0499999999999972,101.253,0.6,11.0,10.0,0.0,24.86,49.22,1.08,0,0
2023,4,Azerbaijan Grand Prix,SAI,Ferrari,4,0.8130000000000024,101.016,0.2,9.4,5.8,0.0,24.86,49.22,1.08,0,0
2023,4,Azerbaijan Grand Prix,HAM,Mercedes,5,0.9740000000000038,101.177,0.4,11.2,9.2,0.0,24.86,49.22,1.08,0,0
2023,4,Azerbaijan Grand Prix,STR,Aston Martin,9,1.4080000000000013,101.611,0.0,5.0,10.8,0.0,24.86,49.22,1.08,0,0
2023,4,Azerbaijan Grand Prix,RUS,Mercedes,11,1.4509999999999934,101.654,0.2,10.8,9.6,1.0,24.86,49.22,1.08,0,0
2023,4,Azerbaijan Grand Prix,NOR,McLaren,7,1.078000000000003,101.281,0.0,3.4,2.4,0.0,24.86,49.22,1.08,0,0
2023,4,Azerbaijan Grand Prix,TSU,AlphaTauri,8,1.378,101.581,0.0,0.2,0.2,0.0,24.86,49.22,1.08,0,0
2023,4,Azerbaijan Grand Prix,PIA,McLaren,10,1.4080000000000013,101.611,0.0,1.3333333333333333,2.8,0.0,24.86,49.22,1.08,0,0
2023,4,Azerbaijan Grand Prix,ALB,Williams,12,1.6149999999999949,101.818,0.0,0.2,0.0,0.0,24.86,49.22,1.08,0,0
2023,4,Azerbaijan Grand Prix,MAG,Haas F1 Team,16,3.213999999999998,103.417,0.0,0.2,1.4,0.0,24.86,49.22,1.08,0,0
2023,4,Azerbaijan Grand Prix,GAS,Alpine,17,4.649999999999992,104.853,0.0,0.8,1.2,0.0,24.86,49.22,1.08,0,0
2023,4,Azerbaijan Grand Prix,OCO,Alpine,19,1.5949999999999989,101.798,0.0,2.8,1.2,0.0,24.86,49.22,1.08,0,0
2023,4,Azerbaijan Grand Prix,SAR,Williams,14,2.191999999999993,102.395,0.0,0.0,0.0,0.0,24.86,49.22,1.08,0,0
2023,4,Azerbaijan Grand Prix,HUL,Haas F1 Team,20,2.5519999999999925,102.755,0.0,1.2,1.4,0.0,24.86,49.22,1.08,0,0
2023,4,Azerbaijan Grand Prix,BOT,Alfa Romeo,13,2.0559999999999974,102.259,0.0,1.2,0.4,0.0,24.86,49.22,1.08,0,0
2023,4,Azerbaijan Grand Prix,ZHO,Alfa Romeo,15,2.438999999999993,102.642,0.0,0.4,0.4,0.0,24.86,49.22,1.08,0,0
2023,4,Azerbaijan Grand Prix,DEV,AlphaTauri,18,5.0,115.282,0.0,0.5,0.4,0.0,24.86,49.22,1.08,0,0
2023,5,Miami Grand Prix,VER,Red Bull Racing,9,0.027000000000001,86.814,1.0,22.4,22.4,1.0,27.12,59.43,3.97,0,1
2023,5,Miami Grand Prix,PER,Red Bull Racing,1,0.0,86.841,0.8,17.8,22.6,0.0,27.12,59.43,3.97,0,1
2023,5,Miami Grand Prix,ALO,Aston Martin,2,0.3610000000000042,87.202,0.6,11.4,9.0,0.0,27.12,59.43,3.97,0,1
2023,5,Miami Grand Prix,RUS,Mercedes,6,0.963000000000008,87.804,0.0,6.6,8.2,0.0,27.12,59.43,3.97,0,0
2023,5,Miami Grand Prix,SAI,Ferrari,3,0.5080000000000098,87.349,0.0,8.4,6.2,1.0,27.12,59.43,3.97,0,0
2023,5,Miami Grand Prix,HAM,Mercedes,13,1.1340000000000003,87.975,0.2,9.2,8.6,0.0,27.12,59.43,3.97,0,0
2023,5,Miami Grand Prix,LEC,Ferrari,7,1.0200000000000102,87.861,0.4,7.8,7.0,1.0,27.12,59.43,3.97,0,0
2023,5,Miami Grand Prix,GAS,Alpine,5,0.9450000000000074,87.786,0.0,0.8,0.4,0.0,27.12,59.43,3.97,0,0
2023,5,Miami Grand Prix,OCO,Alpine,8,1.0940000000000083,87.935,0.0,2.0,0.8,0.0,27.12,59.43,3.97,0,0
2023,5,Miami Grand Prix,MAG,Haas F1 Team,4,0.926000000000002,87.767,0.0,0.2,1.2,0.0,27.12,59.43,3.97,0,0
2023,5,Miami Grand Prix,TSU,AlphaTauri,17,1.588000000000008,88.429,0.0,0.4,0.4,0.0,27.12,59.43,3.97,0,0
2023,5,Miami Grand Prix,STR,Aston Martin,18,1.6350000000000051,88.476,0.0,6.0,12.0,0.0,27.12,59.43,3.97,0,0
2023,5,Miami Grand Prix,BOT,Alfa Romeo,10,0.722999999999999,87.564,0.0,0.8,0.4,0.0,27.12,59.43,3.97,0,0
2023,5,Miami Grand Prix,ALB,Williams,11,0.9540000000000076,87.795,0.0,0.2,0.0,0.0,27.12,59.43,3.97,0,0
2023,5,Miami Grand Prix,HUL,Haas F1 Team,12,1.0620000000000118,87.903,0.0,1.2,1.4,0.0,27.12,59.43,3.97,0,0
2023,5,Miami Grand Prix,ZHO,Alfa Romeo,14,1.25,88.091,0.0,0.4,0.4,0.0,27.12,59.43,3.97,0,0
2023,5,Miami Grand Prix,NOR,McLaren,16,1.5530000000000117,88.394,0.0,3.8,2.8,0.0,27.12,59.43,3.97,0,0
2023,5,Miami Grand Prix,DEV,AlphaTauri,15,1.554000000000002,88.395,0.0,0.4,0.4,0.0,27.12,59.43,3.97,0,0
2023,5,Miami Grand Prix,PIA,McLaren,19,1.643000000000001,88.484,0.0,1.0,2.8,0.0,27.12,59.43,3.97,0,0
2023,5,Miami Grand Prix,SAR,Williams,20,1.7360000000000042,88.577,0.0,0.0,0.0,0.0,27.12,59.43,3.97,0,0
2023,6,Monaco Grand Prix,VER,Red Bull Racing,1,0.0,71.365,1.0,22.6,22.4,1.0,25.07,45.86,1.01,1,1
2023,6,Monaco Grand Prix,ALO,Aston Martin,2,0.0840000000000031,71.449,0.8,14.4,9.0,0.0,25.07,45.86,1.01,1,1
2023,6,Monaco Grand Prix,OCO,Alpine,3,0.1880000000000024,71.553,0.0,1.2,1.2,0.0,25.07,45.86,1.01,1,1
2023,6,Monaco Grand Prix,HAM,Mercedes,5,0.3599999999999994,71.725,0.2,10.8,6.6,0.0,25.07,45.86,1.01,1,0
2023,6,Monaco Grand Prix,RUS,Mercedes,8,0.5990000000000038,71.964,0.0,7.0,9.2,0.0,25.07,45.86,1.01,1,0
2023,6,Monaco Grand Prix,LEC,Ferrari,6,0.1060000000000087,71.471,0.2,5.4,8.2,0.0,25.07,45.86,1.01,1,0
2023,6,Monaco Grand Prix,GAS,Alpine,7,0.568000000000012,71.933,0.0,1.6,4.2,0.0,25.07,45.86,1.01,1,0
2023,6,Monaco Grand Prix,SAI,Ferrari,4,0.2650000000000005,71.63,0.0,8.0,9.8,1.0,25.07,45.86,1.01,1,0
2023,6,Monaco Grand Prix,NOR,McLaren,10,0.88900000000001,72.254,0.0,2.0,1.2,0.0,25.07,45.86,1.01,1,0
2023,6,Monaco Grand Prix,PIA,McLaren,11,1.0300000000000011,72.395,0.0,0.8,0.8,0.0,25.07,45.86,1.01,1,0
2023,6,Monaco Grand Prix,BOT,Alfa Romeo,15,1.2600000000000051,72.625,0.0,0.8,0.0,0.0,25.07,45.86,1.01,1,0
2023,6,Monaco Grand Prix,DEV,AlphaTauri,12,1.0630000000000024,72.428,0.0,0.0,0.2,0.0,25.07,45.86,1.01,1,0
2023,6,Monaco Grand Prix,ZHO,Alfa Romeo,19,2.1580000000000013,73.523,0.0,0.4,0.0,0.0,25.07,45.86,1.01,1,0
2023,6,Monaco Grand Prix,ALB,Williams,13,1.162000000000006,72.527,0.0,0.2,0.0,0.0,25.07,45.86,1.01,1,0
2023,6,Monaco Grand Prix,TSU,AlphaTauri,9,0.7169999999999987,72.082,0.0,0.4,0.2,0.0,25.07,45.86,1.01,1,0
2023,6,Monaco Grand Prix,PER,Red Bull Racing,20,2.4849999999999994,73.85,1.0,20.2,22.4,1.0,25.07,45.86,1.01,1,0
2023,6,Monaco Grand Prix,HUL,Haas F1 Team,18,1.9140000000000013,73.279,0.0,1.2,0.2,0.0,25.07,45.86,1.01,1,0
2023,6,Monaco Grand Prix,SAR,Williams,16,1.7480000000000049,73.113,0.0,0.0,0.0,0.0,25.07,45.86,1.01,1,0
2023,6,Monaco Grand Prix,MAG,Haas F1 Team,17,1.9050000000000007,73.27,0.0,0.4,0.2,0.0,25.07,45.86,1.01,1,0
2023,6,Monaco Grand Prix,STR,Aston Martin,14,1.2580000000000098,72.623,0.0,5.2,10.2,0.0,25.07,45.86,1.01,1,0
2023,7,Spanish Grand Prix,VER,Red Bull Racing,1,0.0,72.272,1.0,22.6,17.4,1.0,22.67,63.08,1.87,0,1
2023,7,Spanish Grand Prix,HAM,Mercedes,4,0.5459999999999923,72.818,0.2,11.4,9.6,0.0,22.67,63.08,1.87,0,1
2023,7,Spanish Grand Prix,RUS,Mercedes,12,1.1749999999999972,73.447,0.0,7.8,12.2,1.0,22.67,63.08,1.87,0,1
2023,7,Spanish Grand Prix,PER,Red Bull Racing,11,1.0619999999999976,73.334,0.8,17.2,19.0,1.0,22.67,63.08,1.87,0,0
2023,7,Spanish Grand Prix,SAI,Ferrari,2,0.4619999999999891,72.734,0.0,6.4,7.6,0.0,22.67,63.08,1.87,0,0
2023,7,Spanish Grand Prix,STR,Aston Martin,5,0.7219999999999942,72.994,0.0,3.6,7.8,0.0,22.67,63.08,1.87,0,0
2023,7,Spanish Grand Prix,ALO,Aston Martin,8,1.2349999999999994,73.507,0.8,15.0,8.2,0.0,22.67,63.08,1.87,0,0
2023,7,Spanish Grand Prix,OCO,Alpine,6,0.8109999999999928,73.083,0.2,4.2,5.4,0.0,22.67,63.08,1.87,0,0
2023,7,Spanish Grand Prix,ZHO,Alfa Romeo,13,1.2489999999999952,73.521,0.0,0.4,0.0,0.0,22.67,63.08,1.87,0,0
2023,7,Spanish Grand Prix,GAS,Alpine,10,0.5439999999999969,72.816,0.0,2.4,6.2,0.0,22.67,63.08,1.87,0,0
2023,7,Spanish Grand Prix,LEC,Ferrari,19,1.806999999999988,74.079,0.2,7.0,7.6,0.0,22.67,63.08,1.87,0,0
2023,7,Spanish Grand Prix,TSU,AlphaTauri,15,2.2049999999999983,74.477,0.0,0.4,0.0,0.0,22.67,63.08,1.87,0,0
2023,7,Spanish Grand Prix,PIA,McLaren,9,1.4099999999999966,73.682,0.0,1.0,0.6,0.0,22.67,63.08,1.87,0,0
2023,7,Spanish Grand Prix,DEV,AlphaTauri,14,1.8109999999999928,74.083,0.0,0.0,0.0,0.0,22.67,63.08,1.87,0,0
2023,7,Spanish Grand Prix,HUL,Haas F1 Team,7,0.9569999999999936,73.229,0.0,1.2,0.2,0.0,22.67,63.08,1.87,0,0
2023,7,Spanish Grand Prix,ALB,Williams,18,1.7909999999999968,74.063,0.0,0.0,0.0,0.0,22.67,63.08,1.87,0,0
2023,7,Spanish Grand Prix,NOR,McLaren,3,0.519999999999996,72.792,0.0,2.4,0.6,0.0,22.67,63.08,1.87,0,0
2023,7,Spanish Grand Prix,MAG,Haas F1 Team,17,1.769999999999996,74.042,0.0,0.4,0.2,0.0,22.67,63.08,1.87,0,0
2023,7,Spanish Grand Prix,BOT,Alfa Romeo,16,1.7049999999999983,73.977,0.0,0.0,0.4,0.0,22.67,63.08,1.87,0,0
2023,7,Spanish Grand Prix,SAR,Williams,20,2.4269999999999925,74.699,0.0,0.0,0.0,0.0,22.67,63.08,1.87,0,0
2023,8,Canadian Grand Prix,VER,Red Bull Racing,1,0.0,85.858,1.0,24.0,16.2,1.0,18.53,63.9,1.94,0,1
2023,8,Canadian Grand Prix,ALO,Aston Martin,2,1.4279999999999973,87.286,0.6,13.2,6.4,0.0,18.53,63.9,1.94,0,1
2023,8,Canadian Grand Prix,HAM,Mercedes,3,1.7689999999999912,87.627,0.4,13.0,12.8,1.0,18.53,63.9,1.94,0,1
2023,8,Canadian Grand Prix,LEC,Ferrari,10,5.0,80.615,0.2,5.8,5.6,0.0,18.53,63.9,1.94,0,0
2023,8,Canadian Grand Prix,SAI,Ferrari,11,3.435999999999993,89.294,0.0,6.8,6.8,1.0,18.53,63.9,1.94,0,0
2023,8,Canadian Grand Prix,PER,Red Bull Racing,12,4.899000000000001,80.959,0.6,16.0,17.6,0.0,18.53,63.9,1.94,0,0
2023,8,Canadian Grand Prix,ALB,Williams,9,5.0,78.725,0.0,0.0,0.0,0.0,18.53,63.9,1.94,0,0
2023,8,Canadian Grand Prix,OCO,Alpine,6,2.086999999999989,87.945,0.2,4.2,5.6,0.0,18.53,63.9,1.94,0,0
2023,8,Canadian Grand Prix,STR,Aston Martin,16,4.374000000000009,81.484,0.0,5.2,10.0,0.0,18.53,63.9,1.94,0,0
2023,8,Canadian Grand Prix,BOT,Alfa Romeo,14,4.037000000000006,81.821,0.0,0.0,0.4,0.0,18.53,63.9,1.94,0,0
2023,8,Canadian Grand Prix,PIA,McLaren,8,5.0,91.349,0.0,1.0,0.6,0.0,18.53,63.9,1.94,0,0
2023,8,Canadian Grand Prix,GAS,Alpine,15,2.9720000000000084,82.886,0.0,2.2,6.0,0.0,18.53,63.9,1.94,0,0
2023,8,Canadian Grand Prix,NOR,McLaren,7,2.1880000000000024,88.046,0.0,2.4,0.6,0.0,18.53,63.9,1.94,0,0
2023,8,Canadian Grand Prix,TSU,AlphaTauri,19,3.112000000000009,82.746,0.0,0.4,0.0,0.0,18.53,63.9,1.94,0,0
2023,8,Canadian Grand Prix,HUL,Haas F1 Team,5,1.2439999999999998,87.102,0.0,1.2,0.0,0.0,18.53,63.9,1.94,0,0
2023,8,Canadian Grand Prix,ZHO,Alfa Romeo,20,2.5160000000000053,83.342,0.0,0.8,0.6,0.0,18.53,63.9,1.94,0,0
2023,8,Canadian Grand Prix,MAG,Haas F1 Team,13,4.180000000000007,81.678,0.0,0.2,0.0,0.0,18.53,63.9,1.94,0,0
2023,8,Canadian Grand Prix,DEV,AlphaTauri,17,2.721000000000004,83.137,0.0,0.0,0.0,0.0,18.53,63.9,1.94,0,0
2023,8,Canadian Grand Prix,RUS,Mercedes,4,2.0349999999999966,87.893,0.2,8.4,14.2,0.0,18.53,63.9,1.94,0,0
2023,8,Canadian Grand Prix,SAR,Williams,18,2.521000000000001,83.337,0.0,0.0,1.2,0.0,18.53,63.9,1.94,0,0
2023,9,Austrian Grand Prix,VER,Red Bull Racing,1,0.0,64.391,1.0,24.0,14.4,1.0,22.4,52.05,1.1,1,1
2023,9,Austrian Grand Prix,LEC,Ferrari,2,0.0479999999999876,64.439,0.2,8.2,7.2,1.0,22.4,52.05,1.1,1,1
2023,9,Austrian Grand Prix,PER,Red Bull Racing,15,5.0,126.688,0.4,12.8,19.6,0.0,22.4,52.05,1.1,1,1
2023,9,Austrian Grand Prix,NOR,McLaren,4,0.2669999999999959,64.658,0.0,0.8,0.2,0.0,22.4,52.05,1.1,1,0
2023,9,Austrian Grand Prix,ALO,Aston Martin,7,0.519999999999996,64.911,0.6,13.8,6.8,0.0,22.4,52.05,1.1,1,0
2023,9,Austrian Grand Prix,SAI,Ferrari,3,0.1899999999999977,64.581,0.0,8.8,10.0,0.0,22.4,52.05,1.1,1,0
2023,9,Austrian Grand Prix,RUS,Mercedes,11,1.036999999999992,65.428,0.2,8.4,11.6,0.0,22.4,52.05,1.1,1,0
2023,9,Austrian Grand Prix,HAM,Mercedes,5,0.4279999999999972,64.819,0.4,12.4,10.8,1.0,22.4,52.05,1.1,1,0
2023,9,Austrian Grand Prix,STR,Aston Martin,6,0.5019999999999953,64.893,0.0,3.2,8.8,0.0,22.4,52.05,1.1,1,0
2023,9,Austrian Grand Prix,GAS,Alpine,9,0.7789999999999964,65.17,0.0,2.2,3.0,0.0,22.4,52.05,1.1,1,0
2023,9,Austrian Grand Prix,ALB,Williams,10,1.431999999999988,65.823,0.0,1.2,1.2,0.0,22.4,52.05,1.1,1,0
2023,9,Austrian Grand Prix,ZHO,Alfa Romeo,17,1.4269999999999925,65.818,0.0,0.4,0.6,0.0,22.4,52.05,1.1,1,0
2023,9,Austrian Grand Prix,SAR,Williams,18,1.556999999999988,65.948,0.0,0.0,1.2,0.0,22.4,52.05,1.1,1,0
2023,9,Austrian Grand Prix,OCO,Alpine,12,1.0619999999999976,65.453,0.2,5.0,2.0,0.0,22.4,52.05,1.1,1,0
2023,9,Austrian Grand Prix,BOT,Alfa Romeo,14,1.2890000000000017,65.68,0.0,0.2,0.6,0.0,22.4,52.05,1.1,1,0
2023,9,Austrian Grand Prix,PIA,McLaren,13,1.2139999999999986,65.605,0.0,0.2,2.4,0.0,22.4,52.05,1.1,1,0
2023,9,Austrian Grand Prix,DEV,AlphaTauri,20,1.5829999999999984,65.974,0.0,0.0,0.0,0.0,22.4,52.05,1.1,1,0
2023,9,Austrian Grand Prix,MAG,Haas F1 Team,19,1.5799999999999983,65.971,0.0,0.2,0.0,0.0,22.4,52.05,1.1,1,0
2023,9,Austrian Grand Prix,TSU,AlphaTauri,16,1.393000000000001,65.784,0.0,0.2,0.0,0.0,22.4,52.05,1.1,1,0
2023,9,Austrian Grand Prix,HUL,Haas F1 Team,8,0.6989999999999981,65.09,0.0,0.0,0.0,0.0,22.4,52.05,1.1,1,0
2023,10,British Grand Prix,VER,Red Bull Racing,1,0.0,86.72,1.0,25.6,17.4,0.0,21.47,56.19,3.02,0,1
2023,10,British Grand Prix,NOR,McLaren,2,0.2409999999999996,86.961,0.0,2.8,2.4,0.0,21.47,56.19,3.02,0,1
2023,10,British Grand Prix,HAM,Mercedes,7,0.4909999999999996,87.211,0.4,11.6,8.0,1.0,21.47,56.19,3.02,0,1
2023,10,British Grand Prix,PIA,McLaren,3,0.3719999999999999,87.092,0.0,0.2,6.0,0.0,21.47,56.19,3.02,0,0
2023,10,British Grand Prix,RUS,Mercedes,6,0.4350000000000023,87.155,0.2,8.6,8.0,0.0,21.47,56.19,3.02,0,0
2023,10,British Grand Prix,PER,Red Bull Racing,15,3.2480000000000047,89.968,0.4,10.8,20.2,1.0,21.47,56.19,3.02,0,0
2023,10,British Grand Prix,ALO,Aston Martin,9,0.9390000000000072,87.659,0.6,13.4,7.6,0.0,21.47,56.19,3.02,0,0
2023,10,British Grand Prix,ALB,Williams,8,0.8100000000000023,87.53,0.0,1.2,1.2,0.0,21.47,56.19,3.02,0,0
2023,10,British Grand Prix,LEC,Ferrari,4,0.4159999999999968,87.136,0.2,8.8,9.6,0.0,21.47,56.19,3.02,0,0
2023,10,British Grand Prix,SAI,Ferrari,5,0.4279999999999972,87.148,0.0,8.4,10.0,1.0,21.47,56.19,3.02,0,0
2023,10,British Grand Prix,SAR,Williams,14,2.311000000000007,89.031,0.0,0.0,2.0,0.0,21.47,56.19,3.02,0,0
2023,10,British Grand Prix,BOT,Alfa Romeo,20,3.078000000000003,89.798,0.0,0.2,0.2,0.0,21.47,56.19,3.02,0,0
2023,10,British Grand Prix,HUL,Haas F1 Team,11,2.176000000000002,88.896,0.0,0.0,0.0,0.0,21.47,56.19,3.02,0,0
2023,10,British Grand Prix,STR,Aston Martin,12,2.2150000000000034,88.935,0.0,2.4,7.6,0.0,21.47,56.19,3.02,0,0
2023,10,British Grand Prix,ZHO,Alfa Romeo,17,3.403000000000006,90.123,0.0,0.4,0.2,0.0,21.47,56.19,3.02,0,0
2023,10,British Grand Prix,TSU,AlphaTauri,16,3.305000000000007,90.025,0.0,0.0,0.0,0.0,21.47,56.19,3.02,0,0
2023,10,British Grand Prix,DEV,AlphaTauri,18,3.7930000000000064,90.513,0.0,0.0,0.0,0.0,21.47,56.19,3.02,0,0
2023,10,British Grand Prix,GAS,Alpine,10,0.968999999999994,87.689,0.0,2.4,1.2,0.0,21.47,56.19,3.02,0,0
2023,10,British Grand Prix,MAG,Haas F1 Team,19,5.0,92.378,0.0,0.2,0.0,0.0,21.47,56.19,3.02,0,0
2023,10,British Grand Prix,OCO,Alpine,13,2.236000000000004,88.956,0.2,5.0,1.0,0.0,21.47,56.19,3.02,0,0
2023,11,Hungarian Grand Prix,VER,Red Bull Racing,2,0.0030000000000001,76.612,1.0,25.6,16.8,1.0,28.81,32.8,1.44,0,1
2023,11,Hungarian Grand Prix,NOR,McLaren,3,0.0850000000000079,76.694,0.2,6.4,8.4,0.0,28.81,32.8,1.44,0,1
2023,11,Hungarian Grand Prix,PER,Red Bull Racing,9,0.436000000000007,77.045,0.2,8.8,20.2,0.0,28.81,32.8,1.44,0,1
2023,11,Hungarian Grand Prix,HAM,Mercedes,1,0.0,76.609,0.6,13.0,7.0,1.0,28.81,32.8,1.44,0,0
2023,11,Hungarian Grand Prix,PIA,McLaren,4,0.2960000000000065,76.905,0.0,2.6,12.0,0.0,28.81,32.8,1.44,0,0
2023,11,Hungarian Grand Prix,RUS,Mercedes,18,2.4180000000000064,79.027,0.2,8.2,9.4,1.0,28.81,32.8,1.44,0,0
2023,11,Hungarian Grand Prix,LEC,Ferrari,6,0.3830000000000098,76.992,0.2,8.0,7.8,0.0,28.81,32.8,1.44,0,0
2023,11,Hungarian Grand Prix,SAI,Ferrari,11,1.0940000000000083,77.703,0.0,6.6,7.0,0.0,28.81,32.8,1.44,0,0
2023,11,Hungarian Grand Prix,ALO,Aston Martin,8,0.4260000000000019,77.035,0.4,11.6,4.0,0.0,28.81,32.8,1.44,0,0
2023,11,Hungarian Grand Prix,STR,Aston Martin,14,1.5350000000000108,78.144,0.0,2.4,4.0,0.0,28.81,32.8,1.44,0,0
2023,11,Hungarian Grand Prix,ALB,Williams,16,2.308000000000007,78.917,0.0,2.0,0.8,0.0,28.81,32.8,1.44,0,0
2023,11,Hungarian Grand Prix,BOT,Alfa Romeo,7,0.4250000000000113,77.034,0.0,0.2,0.0,0.0,28.81,32.8,1.44,0,0
2023,11,Hungarian Grand Prix,RIC,AlphaTauri,13,1.393000000000001,78.002,0.0,1.6,0.0,0.0,28.81,32.8,1.44,0,0
2023,11,Hungarian Grand Prix,HUL,Haas F1 Team,10,0.5770000000000124,77.186,0.0,0.0,0.0,0.0,28.81,32.8,1.44,0,0
2023,11,Hungarian Grand Prix,TSU,AlphaTauri,17,2.3100000000000023,78.919,0.0,0.0,0.0,0.0,28.81,32.8,1.44,0,0
2023,11,Hungarian Grand Prix,ZHO,Alfa Romeo,5,0.362000000000009,76.971,0.0,0.4,0.0,0.0,28.81,32.8,1.44,0,0
2023,11,Hungarian Grand Prix,MAG,Haas F1 Team,19,2.5970000000000084,79.206,0.0,0.0,0.0,0.0,28.81,32.8,1.44,0,0
2023,11,Hungarian Grand Prix,SAR,Williams,20,2.63900000000001,79.248,0.0,0.0,0.8,0.0,28.81,32.8,1.44,0,0
2023,11,Hungarian Grand Prix,OCO,Alpine,12,1.231999999999999,77.841,0.2,4.6,0.2,0.0,28.81,32.8,1.44,0,0
2023,11,Hungarian Grand Prix,GAS,Alpine,15,1.608000000000004,78.217,0.0,1.6,0.2,0.0,28.81,32.8,1.44,0,0
2023,12,Belgian Grand Prix,VER,Red Bull Racing,6,0.0,106.168,1.0,25.8,18.0,1.0,17.87,61.93,1.59,1,1
2023,12,Belgian Grand Prix,PER,Red Bull Racing,2,0.8769999999999953,107.045,0.4,11.8,20.0,1.0,17.87,61.93,1.59,1,1
2023,12,Belgian Grand Prix,LEC,Ferrari,1,0.8199999999999932,106.988,0.2,7.6,4.2,0.0,17.87,61.93,1.59,1,1
2023,12,Belgian Grand Prix,HAM,Mercedes,3,0.9189999999999968,107.087,0.6,12.8,9.8,0.0,17.87,61.93,1.59,1,0
2023,12,Belgian Grand Prix,ALO,Aston Martin,9,1.6749999999999972,107.843,0.2,8.4,2.2,0.0,17.87,61.93,1.59,1,0
2023,12,Belgian Grand Prix,RUS,Mercedes,8,1.6370000000000005,107.805,0.2,7.8,11.6,0.0,17.87,61.93,1.59,1,0
2023,12,Belgian Grand Prix,NOR,McLaren,7,1.5009999999999906,107.669,0.4,9.6,11.6,0.0,17.87,61.93,1.59,1,0
2023,12,Belgian Grand Prix,OCO,Alpine,14,5.0,116.372,0.0,1.6,0.0,0.0,17.87,61.93,1.59,1,0
2023,12,Belgian Grand Prix,STR,Aston Martin,10,2.672999999999988,108.841,0.0,2.6,3.8,0.0,17.87,61.93,1.59,1,0
2023,12,Belgian Grand Prix,TSU,AlphaTauri,11,5.0,113.148,0.0,0.0,0.0,0.0,17.87,61.93,1.59,1,0
2023,12,Belgian Grand Prix,GAS,Alpine,12,5.0,113.671,0.0,0.4,0.8,0.0,17.87,61.93,1.59,1,0
2023,12,Belgian Grand Prix,BOT,Alfa Romeo,13,5.0,114.694,0.0,0.2,0.0,0.0,17.87,61.93,1.59,1,0
2023,12,Belgian Grand Prix,ZHO,Alfa Romeo,17,5.0,120.832,0.0,0.4,0.0,0.0,17.87,61.93,1.59,1,0
2023,12,Belgian Grand Prix,ALB,Williams,15,5.0,120.314,0.0,2.0,0.8,0.0,17.87,61.93,1.59,1,0
2023,12,Belgian Grand Prix,MAG,Haas F1 Team,16,5.0,114.16,0.0,0.0,0.0,0.0,17.87,61.93,1.59,1,0
2023,12,Belgian Grand Prix,RIC,AlphaTauri,19,5.0,122.159,0.0,1.6,0.2,0.0,17.87,61.93,1.59,1,0
2023,12,Belgian Grand Prix,SAR,Williams,18,5.0,121.535,0.0,0.0,0.8,0.0,17.87,61.93,1.59,1,0
2023,12,Belgian Grand Prix,HUL,Haas F1 Team,20,5.0,123.166,0.0,0.0,0.0,0.0,17.87,61.93,1.59,1,0
2023,12,Belgian Grand Prix,SAI,Ferrari,4,0.9839999999999948,107.152,0.0,6.6,5.6,1.0,17.87,61.93,1.59,1,0
2023,12,Belgian Grand Prix,PIA,McLaren,5,1.1969999999999883,107.365,0.0,4.4,12.8,0.0,17.87,61.93,1.59,1,0
2023,13,Dutch Grand Prix,VER,Red Bull Racing,1,0.0,70.567,1.0,25.6,18.4,1.0,16.79,70.78,2.82,1,1
2023,13,Dutch Grand Prix,ALO,Aston Martin,5,0.9390000000000072,71.506,0.2,9.2,3.0,0.0,16.79,70.78,2.82,1,1
2023,13,Dutch Grand Prix,GAS,Alpine,12,5.0,80.128,0.0,0.2,0.8,0.0,16.79,70.78,2.82,1,1
2023,13,Dutch Grand Prix,PER,Red Bull Racing,7,1.3130000000000024,71.88,0.6,13.0,21.8,0.0,16.79,70.78,2.82,1,0
2023,13,Dutch Grand Prix,SAI,Ferrari,6,1.1870000000000118,71.754,0.0,4.6,5.2,0.0,16.79,70.78,2.82,1,0
2023,13,Dutch Grand Prix,HAM,Mercedes,13,5.0,80.151,0.4,11.8,10.2,0.0,16.79,70.78,2.82,1,0
2023,13,Dutch Grand Prix,NOR,McLaren,2,0.5370000000000061,71.104,0.4,10.8,9.2,0.0,16.79,70.78,2.82,1,0
2023,13,Dutch Grand Prix,ALB,Williams,4,0.8520000000000039,71.419,0.0,2.0,0.0,0.0,16.79,70.78,2.82,1,0
2023,13,Dutch Grand Prix,PIA,McLaren,8,1.371000000000009,71.938,0.0,4.4,8.0,0.0,16.79,70.78,2.82,1,0
2023,13,Dutch Grand Prix,OCO,Alpine,16,5.0,82.11,0.0,1.6,3.8,0.0,16.79,70.78,2.82,1,0
2023,13,Dutch Grand Prix,STR,Aston Martin,11,5.0,80.121,0.0,1.4,6.8,0.0,16.79,70.78,2.82,1,0
2023,13,Dutch Grand Prix,HUL,Haas F1 Team,14,5.0,80.25,0.0,0.0,0.0,0.0,16.79,70.78,2.82,1,0
2023,13,Dutch Grand Prix,LAW,AlphaTauri,19,5.0,83.42,0.0,0.0,0.2,0.0,16.79,70.78,2.82,1,0
2023,13,Dutch Grand Prix,BOT,Alfa Romeo,18,5.0,82.26,0.0,0.2,0.0,0.0,16.79,70.78,2.82,1,0
2023,13,Dutch Grand Prix,TSU,AlphaTauri,17,5.0,80.23,0.0,0.2,0.2,0.0,16.79,70.78,2.82,1,0
2023,13,Dutch Grand Prix,MAG,Haas F1 Team,0,5.0,82.192,0.0,0.0,0.0,0.0,16.79,70.78,2.82,1,0
2023,13,Dutch Grand Prix,RUS,Mercedes,3,0.7270000000000039,71.294,0.0,6.4,9.8,1.0,16.79,70.78,2.82,1,0
2023,13,Dutch Grand Prix,ZHO,Alfa Romeo,15,5.0,82.067,0.0,0.0,0.0,0.0,16.79,70.78,2.82,1,0
2023,13,Dutch Grand Prix,LEC,Ferrari,9,2.098000000000013,72.665,0.4,10.6,7.0,1.0,16.79,70.78,2.82,1,0
2023,13,Dutch Grand Prix,SAR,Williams,10,5.0,76.748,0.0,0.0,0.8,0.0,16.79,70.78,2.82,1,0
2023,14,Italian Grand Prix,VER,Red Bull Racing,2,0.0130000000000052,80.307,1.0,25.6,19.0,1.0,29.33,42.32,1.14,0,1
2023,14,Italian Grand Prix,PER,Red Bull Racing,5,0.3940000000000054,80.688,0.6,13.6,21.0,0.0,29.33,42.32,1.14,0,1
2023,14,Italian Grand Prix,SAI,Ferrari,1,0.0,80.294,0.0,4.6,5.8,0.0,29.33,42.32,1.14,0,1
2023,14,Italian Grand Prix,LEC,Ferrari,3,0.0670000000000072,80.361,0.4,8.2,8.0,1.0,29.33,42.32,1.14,0,0
2023,14,Italian Grand Prix,RUS,Mercedes,4,0.3770000000000095,80.671,0.0,6.4,7.4,1.0,29.33,42.32,1.14,0,0
2023,14,Italian Grand Prix,HAM,Mercedes,8,0.5259999999999962,80.82,0.2,10.4,7.8,0.0,29.33,42.32,1.14,0,0
2023,14,Italian Grand Prix,ALB,Williams,6,0.4660000000000082,80.76,0.0,1.6,0.8,0.0,29.33,42.32,1.14,0,0
2023,14,Italian Grand Prix,NOR,McLaren,9,0.6850000000000023,80.979,0.4,12.0,4.8,0.0,29.33,42.32,1.14,0,0
2023,14,Italian Grand Prix,ALO,Aston Martin,10,1.1230000000000049,81.417,0.2,9.4,6.4,0.0,29.33,42.32,1.14,0,0
2023,14,Italian Grand Prix,BOT,Alfa Romeo,14,1.6460000000000008,81.94,0.0,0.0,0.0,0.0,29.33,42.32,1.14,0,0
2023,14,Italian Grand Prix,LAW,AlphaTauri,12,1.4639999999999986,81.758,0.0,0.0,0.2,0.0,29.33,42.32,1.14,0,0
2023,14,Italian Grand Prix,PIA,McLaren,7,0.4909999999999996,80.785,0.0,4.8,3.6,0.0,29.33,42.32,1.14,0,0
2023,14,Italian Grand Prix,SAR,Williams,15,1.6500000000000057,81.944,0.0,0.0,2.0,0.0,29.33,42.32,1.14,0,0
2023,14,Italian Grand Prix,ZHO,Alfa Romeo,16,2.096000000000004,82.39,0.0,0.0,0.2,0.0,29.33,42.32,1.14,0,0
2023,14,Italian Grand Prix,GAS,Alpine,17,2.2510000000000048,82.545,0.2,3.2,4.0,0.0,29.33,42.32,1.14,0,0
2023,14,Italian Grand Prix,STR,Aston Martin,20,2.5660000000000025,82.86,0.0,1.0,6.6,0.0,29.33,42.32,1.14,0,0
2023,14,Italian Grand Prix,HUL,Haas F1 Team,13,1.481999999999999,81.776,0.0,0.0,0.0,0.0,29.33,42.32,1.14,0,0
2023,14,Italian Grand Prix,MAG,Haas F1 Team,19,2.298000000000002,82.592,0.0,0.0,0.0,0.0,29.33,42.32,1.14,0,0
2023,14,Italian Grand Prix,OCO,Alpine,18,2.254000000000005,82.548,0.0,1.0,4.0,0.0,29.33,42.32,1.14,0,0
2023,14,Italian Grand Prix,TSU,AlphaTauri,11,1.2999999999999972,81.594,0.0,0.2,0.2,0.0,29.33,42.32,1.14,0,0
2023,15,Singapore Grand Prix,SAI,Ferrari,1,0.0,90.984,0.2,6.0,7.4,1.0,29.84,72.03,1.42,0,1
2023,15,Singapore Grand Prix,NOR,McLaren,4,0.2860000000000013,91.27,0.4,10.4,2.4,0.0,29.84,72.03,1.42,0,1
2023,15,Singapore Grand Prix,HAM,Mercedes,5,0.5010000000000048,91.485,0.2,11.2,6.8,0.0,29.84,72.03,1.42,0,1
2023,15,Singapore Grand Prix,LEC,Ferrari,3,0.0790000000000077,91.063,0.2,7.0,12.4,1.0,29.84,72.03,1.42,0,0
2023,15,Singapore Grand Prix,VER,Red Bull Racing,11,1.1890000000000072,92.173,1.0,25.4,19.6,0.0,29.84,72.03,1.42,0,0
2023,15,Singapore Grand Prix,GAS,Alpine,12,1.2900000000000065,92.274,0.2,3.0,3.2,0.0,29.84,72.03,1.42,0,0
2023,15,Singapore Grand Prix,PIA,McLaren,17,1.9180000000000064,92.902,0.0,4.8,6.0,0.0,29.84,72.03,1.42,0,0
2023,15,Singapore Grand Prix,PER,Red Bull Racing,13,1.3260000000000076,92.31,0.6,14.2,18.0,1.0,29.84,72.03,1.42,0,0
2023,15,Singapore Grand Prix,LAW,AlphaTauri,10,1.284000000000006,92.268,0.0,0.0,0.0,0.0,29.84,72.03,1.42,0,0
2023,15,Singapore Grand Prix,MAG,Haas F1 Team,6,0.5910000000000082,91.575,0.0,0.0,0.0,0.0,29.84,72.03,1.42,0,0
2023,15,Singapore Grand Prix,ALB,Williams,14,2.7349999999999994,93.719,0.0,2.8,2.0,0.0,29.84,72.03,1.42,0,0
2023,15,Singapore Grand Prix,ZHO,Alfa Romeo,19,2.274000000000001,93.258,0.0,0.0,0.2,0.0,29.84,72.03,1.42,0,0
2023,15,Singapore Grand Prix,HUL,Haas F1 Team,9,0.8240000000000123,91.808,0.0,0.0,0.2,0.0,29.84,72.03,1.42,0,0
2023,15,Singapore Grand Prix,SAR,Williams,18,2.2680000000000007,93.252,0.0,0.0,2.0,0.0,29.84,72.03,1.42,0,0
2023,15,Singapore Grand Prix,ALO,Aston Martin,7,0.6310000000000002,91.615,0.2,7.8,4.6,0.0,29.84,72.03,1.42,0,0
2023,15,Singapore Grand Prix,RUS,Mercedes,2,0.0720000000000027,91.056,0.0,7.2,8.4,0.0,29.84,72.03,1.42,0,0
2023,15,Singapore Grand Prix,BOT,Alfa Romeo,16,1.8250000000000028,92.809,0.0,0.2,0.2,0.0,29.84,72.03,1.42,0,0
2023,15,Singapore Grand Prix,OCO,Alpine,8,0.6890000000000072,91.673,0.0,1.0,4.8,0.0,29.84,72.03,1.42,0,0
2023,15,Singapore Grand Prix,TSU,AlphaTauri,15,1.007000000000005,91.991,0.0,0.2,0.4,0.0,29.84,72.03,1.42,0,0
2023,16,Japanese Grand Prix,VER,Red Bull Racing,1,0.0,88.877,0.8,22.2,13.8,1.0,27.29,42.32,1.83,0,1
2023,16,Japanese Grand Prix,NOR,McLaren,3,0.6159999999999997,89.493,0.4,10.4,6.0,0.0,27.29,42.32,1.83,0,1
2023,16,Japanese Grand Prix,PIA,McLaren,2,0.5810000000000031,89.458,0.0,3.6,9.2,0.0,27.29,42.32,1.83,0,1
2023,16,Japanese Grand Prix,LEC,Ferrari,4,0.6650000000000063,89.542,0.2,9.0,12.8,1.0,27.29,42.32,1.83,0,0
2023,16,Japanese Grand Prix,HAM,Mercedes,7,1.031000000000006,89.908,0.2,11.4,6.8,0.0,27.29,42.32,1.83,0,0
2023,16,Japanese Grand Prix,SAI,Ferrari,6,0.972999999999999,89.85,0.4,10.8,15.2,0.0,27.29,42.32,1.83,0,0
2023,16,Japanese Grand Prix,RUS,Mercedes,8,1.3419999999999987,90.219,0.0,5.2,8.8,0.0,27.29,42.32,1.83,0,0
2023,16,Japanese Grand Prix,ALO,Aston Martin,10,1.683000000000007,90.56,0.2,6.6,4.2,0.0,27.29,42.32,1.83,0,0
2023,16,Japanese Grand Prix,OCO,Alpine,14,1.7090000000000032,90.586,0.0,1.0,1.8,0.0,27.29,42.32,1.83,0,0
2023,16,Japanese Grand Prix,GAS,Alpine,12,1.632000000000005,90.509,0.2,4.6,2.0,0.0,27.29,42.32,1.83,0,0
2023,16,Japanese Grand Prix,LAW,AlphaTauri,11,1.6310000000000002,90.508,0.0,0.6666666666666666,0.4,0.0,27.29,42.32,1.83,0,0
2023,16,Japanese Grand Prix,TSU,AlphaTauri,9,1.426000000000002,90.303,0.0,0.2,0.4,0.0,27.29,42.32,1.83,0,0
2023,16,Japanese Grand Prix,ZHO,Alfa Romeo,19,2.521000000000001,91.398,0.0,0.0,0.2,0.0,27.29,42.32,1.83,0,0
2023,16,Japanese Grand Prix,HUL,Haas F1 Team,18,2.4220000000000117,91.299,0.0,0.0,0.2,0.0,27.29,42.32,1.83,0,0
2023,16,Japanese Grand Prix,MAG,Haas F1 Team,15,1.788000000000011,90.665,0.0,0.2,0.2,0.0,27.29,42.32,1.83,0,0
2023,16,Japanese Grand Prix,ALB,Williams,13,1.6600000000000108,90.537,0.0,2.0,1.2,0.0,27.29,42.32,1.83,0,0
2023,16,Japanese Grand Prix,STR,Aston Martin,17,2.304000000000002,91.181,0.0,0.6,1.2,0.0,27.29,42.32,1.83,0,0
2023,16,Japanese Grand Prix,PER,Red Bull Racing,5,0.7730000000000103,89.65,0.6,13.4,16.6,1.0,27.29,42.32,1.83,0,0
2023,16,Japanese Grand Prix,BOT,Alfa Romeo,16,2.1720000000000117,91.049,0.0,0.2,0.2,0.0,27.29,42.32,1.83,0,0
2023,17,Qatar Grand Prix,VER,Red Bull Racing,1,0.0,83.778,0.8,22.2,11.6,0.0,31.46,73.16,0.89,0,1
2023,17,Qatar Grand Prix,PIA,McLaren,6,0.7620000000000005,84.54,0.2,4.6,11.4,0.0,31.46,73.16,0.89,0,1
2023,17,Qatar Grand Prix,NOR,McLaren,10,0.9069999999999964,84.685,0.4,10.4,15.0,0.0,31.46,73.16,0.89,0,1
2023,17,Qatar Grand Prix,RUS,Mercedes,2,0.4409999999999883,84.219,0.0,4.8,8.0,0.0,31.46,73.16,0.89,0,0
2023,17,Qatar Grand Prix,LEC,Ferrari,5,0.6460000000000008,84.424,0.2,10.2,13.8,0.0,31.46,73.16,0.89,0,0
2023,17,Qatar Grand Prix,ALO,Aston Martin,4,0.590999999999994,84.369,0.2,7.0,1.2,0.0,31.46,73.16,0.89,0,0
2023,17,Qatar Grand Prix,OCO,Alpine,8,0.9849999999999994,84.763,0.0,1.4,2.2,0.0,31.46,73.16,0.89,0,0
2023,17,Qatar Grand Prix,BOT,Alfa Romeo,9,1.2800000000000011,85.058,0.0,0.2,0.0,0.0,31.46,73.16,0.89,0,0
2023,17,Qatar Grand Prix,ZHO,Alfa Romeo,19,3.653999999999997,87.432,0.0,0.0,0.8,0.0,31.46,73.16,0.89,0,0
2023,17,Qatar Grand Prix,PER,Red Bull Racing,20,1.6839999999999975,85.462,0.4,10.4,13.2,0.0,31.46,73.16,0.89,0,0
2023,17,Qatar Grand Prix,STR,Aston Martin,16,2.566999999999993,86.345,0.0,0.6,2.4,0.0,31.46,73.16,0.89,0,0
2023,17,Qatar Grand Prix,GAS,Alpine,7,0.7749999999999915,84.553,0.2,4.8,3.4,0.0,31.46,73.16,0.89,0,0
2023,17,Qatar Grand Prix,ALB,Williams,13,1.928999999999988,85.707,0.0,2.0,1.2,0.0,31.46,73.16,0.89,0,0
2023,17,Qatar Grand Prix,MAG,Haas F1 Team,18,3.2680000000000007,87.046,0.0,0.2,0.2,0.0,31.46,73.16,0.89,0,0
2023,17,Qatar Grand Prix,TSU,AlphaTauri,11,1.522999999999996,85.301,0.0,0.2,0.4,0.0,31.46,73.16,0.89,0,0
2023,17,Qatar Grand Prix,HUL,Haas F1 Team,14,2.0049999999999955,85.783,0.0,0.0,0.2,0.0,31.46,73.16,0.89,0,0
2023,17,Qatar Grand Prix,LAW,AlphaTauri,17,2.8569999999999998,86.635,0.0,0.5,0.4,0.0,31.46,73.16,0.89,0,0
2023,17,Qatar Grand Prix,SAR,Williams,15,2.431999999999988,86.21,0.0,0.0,0.0,0.0,31.46,73.16,0.89,0,0
2023,17,Qatar Grand Prix,HAM,Mercedes,3,0.527000000000001,84.305,0.2,11.0,8.8,0.0,31.46,73.16,0.89,0,0
2023,17,Qatar Grand Prix,SAI,Ferrari,12,1.5499999999999972,85.328,0.4,11.6,13.4,0.0,31.46,73.16,0.89,0,0
2023,18,United States Grand Prix,VER,Red Bull Racing,6,0.3580000000000041,95.081,0.8,22.4,11.4,1.0,29.96,41.91,3.31,0,1
2023,18,United States Grand Prix,NOR,McLaren,2,0.1299999999999954,94.853,0.6,12.2,14.4,0.0,29.96,41.91,3.31,0,1
2023,18,United States Grand Prix,SAI,Ferrari,4,0.2219999999999942,94.945,0.4,11.6,8.4,0.0,29.96,41.91,3.31,0,1
2023,18,United States Grand Prix,PER,Red Bull Racing,9,0.4500000000000028,95.173,0.2,7.0,15.6,0.0,29.96,41.91,3.31,0,0
2023,18,United States Grand Prix,RUS,Mercedes,5,0.3559999999999945,95.079,0.0,5.6,5.6,0.0,29.96,41.91,3.31,0,0
2023,18,United States Grand Prix,GAS,Alpine,7,0.3659999999999996,95.089,0.2,4.8,1.8,0.0,29.96,41.91,3.31,0,0
2023,18,United States Grand Prix,STR,Aston Martin,20,1.866,96.589,0.0,0.4,2.4,0.0,29.96,41.91,3.31,0,0
2023,18,United States Grand Prix,TSU,AlphaTauri,11,0.9740000000000038,95.697,0.0,0.0,0.0,0.0,29.96,41.91,3.31,0,0
2023,18,United States Grand Prix,ALB,Williams,15,1.5919999999999987,96.315,0.0,2.0,0.0,0.0,29.96,41.91,3.31,0,0
2023,18,United States Grand Prix,SAR,Williams,16,2.103999999999999,96.827,0.0,0.0,0.4,0.0,29.96,41.91,3.31,0,0
2023,18,United States Grand Prix,HUL,Haas F1 Team,18,1.5120000000000005,96.235,0.0,0.0,0.0,0.0,29.96,41.91,3.31,0,0
2023,18,United States Grand Prix,BOT,Alfa Romeo,13,1.1350000000000051,95.858,0.0,1.0,1.2,0.0,29.96,41.91,3.31,0,0
2023,18,United States Grand Prix,ZHO,Alfa Romeo,12,0.9749999999999944,95.698,0.0,0.4,1.2,0.0,29.96,41.91,3.31,0,0
2023,18,United States Grand Prix,MAG,Haas F1 Team,17,1.1569999999999965,95.88,0.0,0.2,0.0,0.0,29.96,41.91,3.31,0,0
2023,18,United States Grand Prix,RIC,AlphaTauri,14,1.2510000000000048,95.974,0.0,1.6,1.0,0.0,29.96,41.91,3.31,0,0
2023,18,United States Grand Prix,ALO,Aston Martin,19,1.5450000000000017,96.268,0.2,6.6,3.6,0.0,29.96,41.91,3.31,0,0
2023,18,United States Grand Prix,PIA,McLaren,10,0.7439999999999998,95.467,0.4,8.2,16.8,0.0,29.96,41.91,3.31,0,0
2023,18,United States Grand Prix,OCO,Alpine,8,0.4309999999999974,95.154,0.0,1.8,3.4,0.0,29.96,41.91,3.31,0,0
2023,18,United States Grand Prix,HAM,Mercedes,3,0.1389999999999958,94.862,0.2,8.4,7.6,1.0,29.96,41.91,3.31,0,0
2023,18,United States Grand Prix,LEC,Ferrari,1,0.0,94.723,0.0,9.2,9.0,1.0,29.96,41.91,3.31,0,0
2023,19,Mexico City Grand Prix,VER,Red Bull Racing,3,0.0970000000000084,77.263,0.8,22.4,12.8,1.0,25.55,23.55,1.49,0,1
2023,19,Mexico City Grand Prix,HAM,Mercedes,6,0.2879999999999967,77.454,0.2,6.8,5.6,1.0,25.55,23.55,1.49,0,1
2023,19,Mexico City Grand Prix,LEC,Ferrari,1,0.0,77.166,0.0,9.2,6.6,0.0,25.55,23.55,1.49,0,1
2023,19,Mexico City Grand Prix,SAI,Ferrari,2,0.0670000000000072,77.233,0.6,12.6,8.0,0.0,25.55,23.55,1.49,0,0
2023,19,Mexico City Grand Prix,NOR,McLaren,17,4.388000000000005,81.554,0.8,14.6,13.2,0.0,25.55,23.55,1.49,0,0
2023,19,Mexico City Grand Prix,RUS,Mercedes,8,0.5080000000000098,77.674,0.0,7.6,8.2,0.0,25.55,23.55,1.49,0,0
2023,19,Mexico City Grand Prix,RIC,AlphaTauri,4,0.2160000000000081,77.382,0.0,0.4,1.0,0.0,25.55,23.55,1.49,0,0
2023,19,Mexico City Grand Prix,PIA,McLaren,7,0.4570000000000078,77.623,0.4,7.8,12.2,0.0,25.55,23.55,1.49,0,0
2023,19,Mexico City Grand Prix,ALB,Williams,14,1.9810000000000088,79.147,0.0,1.6,0.6,0.0,25.55,23.55,1.49,0,0
2023,19,Mexico City Grand Prix,OCO,Alpine,15,1.9140000000000013,79.08,0.0,1.6,3.0,0.0,25.55,23.55,1.49,0,0
2023,19,Mexico City Grand Prix,GAS,Alpine,11,1.355000000000004,78.521,0.0,3.4,3.0,0.0,25.55,23.55,1.49,0,0
2023,19,Mexico City Grand Prix,TSU,AlphaTauri,18,1.7240000000000038,78.89,0.0,1.0,2.2,0.0,25.55,23.55,1.49,0,0
2023,19,Mexico City Grand Prix,HUL,Haas F1 Team,12,1.358000000000004,78.524,0.0,0.0,0.0,0.0,25.55,23.55,1.49,0,0
2023,19,Mexico City Grand Prix,ZHO,Alfa Romeo,10,0.8840000000000003,78.05,0.0,0.4,1.2,0.0,25.55,23.55,1.49,0,0
2023,19,Mexico City Grand Prix,BOT,Alfa Romeo,9,0.8659999999999997,78.032,0.0,1.0,1.2,0.0,25.55,23.55,1.49,0,0
2023,19,Mexico City Grand Prix,STR,Aston Martin,0,2.061000000000007,79.227,0.0,1.2,2.8,0.0,25.55,23.55,1.49,0,0
2023,19,Mexico City Grand Prix,ALO,Aston Martin,13,1.5720000000000027,78.738,0.0,2.8,2.8,0.0,25.55,23.55,1.49,0,0
2023,19,Mexico City Grand Prix,MAG,Haas F1 Team,16,1.997,79.163,0.0,0.2,0.0,0.0,25.55,23.55,1.49,0,0
2023,19,Mexico City Grand Prix,PER,Red Bull Racing,5,0.257000000000005,77.423,0.2,7.0,17.8,1.0,25.55,23.55,1.49,0,0
2023,20,São Paulo Grand Prix,VER,Red Bull Racing,1,0.0,70.727,0.8,22.4,12.6,0.0,20.46,58.17,1.31,1,1
2023,20,São Paulo Grand Prix,NOR,McLaren,6,1.259999999999991,71.987,0.8,15.8,9.4,0.0,20.46,58.17,1.31,1,1
2023,20,São Paulo Grand Prix,ALO,Aston Martin,4,0.6599999999999966,71.387,0.0,2.4,1.2,0.0,20.46,58.17,1.31,1,1
2023,20,São Paulo Grand Prix,PER,Red Bull Racing,9,1.593999999999994,72.321,0.0,3.4,17.4,0.0,20.46,58.17,1.31,1,0
2023,20,São Paulo Grand Prix,STR,Aston Martin,3,0.6169999999999902,71.344,0.0,1.2,4.2,0.0,20.46,58.17,1.31,1,0
2023,20,São Paulo Grand Prix,SAI,Ferrari,7,1.2620000000000005,71.989,0.4,12.0,8.4,1.0,20.46,58.17,1.31,1,0
2023,20,São Paulo Grand Prix,GAS,Alpine,15,0.1600000000000108,70.567,0.0,3.4,1.8,0.0,20.46,58.17,1.31,1,0
2023,20,São Paulo Grand Prix,HAM,Mercedes,5,0.7419999999999902,71.469,0.4,9.0,7.4,1.0,20.46,58.17,1.31,1,0
2023,20,São Paulo Grand Prix,TSU,AlphaTauri,16,0.1099999999999994,70.837,0.0,1.0,2.2,0.0,20.46,58.17,1.31,1,0
2023,20,São Paulo Grand Prix,OCO,Alpine,14,0.1650000000000062,70.562,0.0,1.8,3.0,0.0,20.46,58.17,1.31,1,0
2023,20,São Paulo Grand Prix,SAR,Williams,19,0.3079999999999927,71.035,0.0,0.2,1.0,0.0,20.46,58.17,1.31,1,0
2023,20,São Paulo Grand Prix,HUL,Haas F1 Team,11,0.1800000000000068,70.547,0.0,0.0,0.0,0.0,20.46,58.17,1.31,1,0
2023,20,São Paulo Grand Prix,RIC,AlphaTauri,17,0.1159999999999996,70.843,0.0,1.6,2.6,0.0,20.46,58.17,1.31,1,0
2023,20,São Paulo Grand Prix,PIA,McLaren,10,0.3970000000000055,70.33,0.4,8.6,10.2,0.0,20.46,58.17,1.31,1,0
2023,20,São Paulo Grand Prix,RUS,Mercedes,8,0.8629999999999995,71.59,0.0,7.2,8.2,1.0,20.46,58.17,1.31,1,0
2023,20,São Paulo Grand Prix,BOT,Alfa Romeo,18,0.2279999999999944,70.955,0.0,0.8,0.4,0.0,20.46,58.17,1.31,1,0
2023,20,São Paulo Grand Prix,ZHO,Alfa Romeo,20,0.5480000000000018,71.275,0.0,0.4,0.0,0.0,20.46,58.17,1.31,1,0
2023,20,São Paulo Grand Prix,MAG,Haas F1 Team,12,0.0040000000000048,70.723,0.0,0.2,0.0,0.0,20.46,58.17,1.31,1,0
2023,20,São Paulo Grand Prix,ALB,Williams,13,0.1129999999999995,70.84,0.0,0.8,1.0,0.0,20.46,58.17,1.31,1,0
2023,20,São Paulo Grand Prix,LEC,Ferrari,2,0.2939999999999969,71.021,0.2,9.8,10.0,0.0,20.46,58.17,1.31,1,0
2023,21,Las Vegas Grand Prix,VER,Red Bull Racing,2,0.3780000000000001,93.104,1.0,25.4,14.8,0.0,18.05,47.36,2.3,0,1
2023,21,Las Vegas Grand Prix,LEC,Ferrari,1,0.0,92.726,0.2,7.4,7.0,0.0,18.05,47.36,2.3,0,1
2023,21,Las Vegas Grand Prix,PER,Red Bull Racing,11,1.1290000000000049,93.855,0.0,5.0,17.4,0.0,18.05,47.36,2.3,0,1
2023,21,Las Vegas Grand Prix,OCO,Alpine,16,2.108000000000004,94.834,0.0,2.0,1.6,0.0,18.05,47.36,2.3,0,0
2023,21,Las Vegas Grand Prix,STR,Aston Martin,19,1.472999999999999,94.199,0.0,3.2,5.0,0.0,18.05,47.36,2.3,0,0
2023,21,Las Vegas Grand Prix,SAI,Ferrari,12,0.0439999999999969,92.77,0.2,8.6,10.6,0.0,18.05,47.36,2.3,0,0
2023,21,Las Vegas Grand Prix,HAM,Mercedes,10,1.1110000000000042,93.837,0.2,6.6,6.2,0.0,18.05,47.36,2.3,0,0
2023,21,Las Vegas Grand Prix,RUS,Mercedes,3,0.3859999999999957,93.112,0.0,7.2,7.4,0.0,18.05,47.36,2.3,0,0
2023,21,Las Vegas Grand Prix,ALO,Aston Martin,9,0.8290000000000077,93.555,0.2,5.4,7.0,0.0,18.05,47.36,2.3,0,0
2023,21,Las Vegas Grand Prix,PIA,McLaren,18,2.1239999999999952,94.85,0.4,7.4,6.6,0.0,18.05,47.36,2.3,0,0
2023,21,Las Vegas Grand Prix,GAS,Alpine,4,0.5130000000000052,93.239,0.0,3.0,4.0,0.0,18.05,47.36,2.3,0,0
2023,21,Las Vegas Grand Prix,ALB,Williams,5,0.5969999999999942,93.323,0.0,0.8,1.0,0.0,18.05,47.36,2.3,0,0
2023,21,Las Vegas Grand Prix,MAG,Haas F1 Team,8,0.811000000000007,93.537,0.0,0.0,0.0,0.0,18.05,47.36,2.3,0,0
2023,21,Las Vegas Grand Prix,RIC,AlphaTauri,14,1.5820000000000078,94.308,0.0,1.2,1.6,0.0,18.05,47.36,2.3,0,0
2023,21,Las Vegas Grand Prix,ZHO,Alfa Romeo,17,2.1230000000000047,94.849,0.0,0.4,0.0,0.0,18.05,47.36,2.3,0,0
2023,21,Las Vegas Grand Prix,SAR,Williams,6,0.7870000000000061,93.513,0.0,0.2,0.6,0.0,18.05,47.36,2.3,0,0
2023,21,Las Vegas Grand Prix,BOT,Alfa Romeo,7,0.7990000000000066,93.525,0.0,0.8,0.0,0.0,18.05,47.36,2.3,0,0
2023,21,Las Vegas Grand Prix,TSU,AlphaTauri,20,3.721000000000004,96.447,0.0,1.4,1.6,0.0,18.05,47.36,2.3,0,0
2023,21,Las Vegas Grand Prix,HUL,Haas F1 Team,13,1.253,93.979,0.0,0.0,0.0,0.0,18.05,47.36,2.3,0,0
2023,21,Las Vegas Grand Prix,NOR,McLaren,15,1.977000000000004,94.703,0.8,16.0,7.0,0.0,18.05,47.36,2.3,0,0
2023,22,Abu Dhabi Grand Prix,VER,Red Bull Racing,1,0.0,83.445,1.0,25.2,15.4,1.0,26.96,51.0,1.79,0,1
2023,22,Abu Dhabi Grand Prix,LEC,Ferrari,2,0.13900000000001,83.584,0.4,8.6,9.2,1.0,26.96,51.0,1.79,0,1
2023,22,Abu Dhabi Grand Prix,RUS,Mercedes,4,0.3430000000000035,83.788,0.0,6.8,4.4,0.0,26.96,51.0,1.79,0,1
2023,22,Abu Dhabi Grand Prix,PER,Red Bull Racing,9,0.7260000000000133,84.171,0.2,8.0,20.6,1.0,26.96,51.0,1.79,0,0
2023,22,Abu Dhabi Grand Prix,NOR,McLaren,5,0.3710000000000093,83.816,0.6,12.4,5.0,0.0,26.96,51.0,1.79,0,0
2023,22,Abu Dhabi Grand Prix,PIA,McLaren,3,0.3370000000000033,83.782,0.2,4.8,6.2,0.0,26.96,51.0,1.79,0,0
2023,22,Abu Dhabi Grand Prix,ALO,Aston Martin,7,0.63900000000001,84.084,0.2,5.0,7.4,0.0,26.96,51.0,1.79,0,0
2023,22,Abu Dhabi Grand Prix,TSU,AlphaTauri,6,0.5230000000000103,83.968,0.0,1.4,0.4,0.0,26.96,51.0,1.79,0,0
2023,22,Abu Dhabi Grand Prix,HAM,Mercedes,11,0.9140000000000016,84.359,0.2,5.8,5.8,0.0,26.96,51.0,1.79,0,0
2023,22,Abu Dhabi Grand Prix,STR,Aston Martin,13,0.977000000000004,84.422,0.0,5.2,8.6,0.0,26.96,51.0,1.79,0,0
2023,22,Abu Dhabi Grand Prix,RIC,AlphaTauri,15,0.997,84.442,0.0,1.2,1.2,0.0,26.96,51.0,1.79,0,0
2023,22,Abu Dhabi Grand Prix,OCO,Alpine,12,0.9460000000000122,84.391,0.0,4.0,3.8,0.0,26.96,51.0,1.79,0,0
2023,22,Abu Dhabi Grand Prix,GAS,Alpine,10,1.1030000000000086,84.548,0.0,2.8,3.8,0.0,26.96,51.0,1.79,0,0
2023,22,Abu Dhabi Grand Prix,ALB,Williams,14,0.9939999999999998,84.439,0.0,0.8,0.4,0.0,26.96,51.0,1.79,0,0
2023,22,Abu Dhabi Grand Prix,HUL,Haas F1 Team,8,0.6630000000000109,84.108,0.0,0.0,0.0,0.0,26.96,51.0,1.79,0,0
2023,22,Abu Dhabi Grand Prix,ZHO,Alfa Romeo,19,1.7140000000000128,85.159,0.0,0.4,0.0,0.0,26.96,51.0,1.79,0,0
2023,22,Abu Dhabi Grand Prix,SAI,Ferrari,16,1.2930000000000064,84.738,0.2,8.6,10.4,0.0,26.96,51.0,1.79,0,0
2023,22,Abu Dhabi Grand Prix,BOT,Alfa Romeo,18,1.3430000000000035,84.788,0.0,0.8,0.0,0.0,26.96,51.0,1.79,0,0
2023,22,Abu Dhabi Grand Prix,MAG,Haas F1 Team,17,1.3190000000000026,84.764,0.0,0.0,0.0,0.0,26.96,51.0,1.79,0,0
2024,1,Bahrain Grand Prix,VER,Red Bull Racing,1,0.0,89.179,1.0,25.2,18.0,0.5,18.23,48.82,0.79,0,1
2024,1,Bahrain Grand Prix,PER,Red Bull Racing,5,0.3580000000000041,89.537,0.2,10.2,20.8,0.5,18.23,48.82,0.79,0,1
2024,1,Bahrain Grand Prix,SAI,Ferrari,4,0.3280000000000029,89.507,0.2,8.6,8.8,0.5,18.23,48.82,0.79,0,1
2024,1,Bahrain Grand Prix,LEC,Ferrari,2,0.2279999999999944,89.407,0.6,10.2,11.8,0.5,18.23,48.82,0.79,0,0
2024,1,Bahrain Grand Prix,RUS,Mercedes,3,0.3059999999999974,89.485,0.2,7.4,5.4,0.0,18.23,48.82,0.79,0,0
2024,1,Bahrain Grand Prix,NOR,McLaren,7,0.4350000000000023,89.614,0.4,11.4,4.0,0.0,18.23,48.82,0.79,0,0
2024,1,Bahrain Grand Prix,HAM,Mercedes,9,0.5309999999999917,89.71,0.2,6.2,7.4,0.5,18.23,48.82,0.79,0,0
2024,1,Bahrain Grand Prix,PIA,McLaren,8,0.5040000000000049,89.683,0.0,2.8,5.6,0.0,18.23,48.82,0.79,0,0
2024,1,Bahrain Grand Prix,ALO,Aston Martin,6,0.3629999999999995,89.542,0.2,4.6,5.8,0.5,18.23,48.82,0.79,0,0
2024,1,Bahrain Grand Prix,STR,Aston Martin,12,1.0210000000000008,90.2,0.0,5.4,4.2,0.0,18.23,48.82,0.79,0,0
2024,1,Bahrain Grand Prix,ZHO,Kick Sauber,17,1.578000000000003,90.757,0.0,0.0,0.0,0.0,18.23,48.82,0.79,0,0
2024,1,Bahrain Grand Prix,MAG,Haas F1 Team,15,1.3499999999999943,90.529,0.0,0.0,0.0,0.0,18.23,48.82,0.79,0,0
2024,1,Bahrain Grand Prix,RIC,RB,14,1.0990000000000038,90.278,0.0,1.2,0.0,0.0,18.23,48.82,0.79,0,0
2024,1,Bahrain Grand Prix,TSU,RB,11,0.9500000000000028,90.129,0.0,2.2,0.0,0.0,18.23,48.82,0.79,0,0
2024,1,Bahrain Grand Prix,ALB,Williams,13,1.0420000000000016,90.221,0.0,0.8,0.0,0.0,18.23,48.82,0.79,0,0
2024,1,Bahrain Grand Prix,HUL,Haas F1 Team,10,1.3229999999999933,90.502,0.0,0.0,0.0,0.0,18.23,48.82,0.79,0,0
2024,1,Bahrain Grand Prix,OCO,Alpine,19,1.6140000000000043,90.793,0.0,2.8,2.6,0.0,18.23,48.82,0.79,0,0
2024,1,Bahrain Grand Prix,GAS,Alpine,20,1.7689999999999912,90.948,0.0,2.8,2.4,0.0,18.23,48.82,0.79,0,0
2024,1,Bahrain Grand Prix,BOT,Kick Sauber,16,1.5769999999999982,90.756,0.0,0.0,0.0,0.0,18.23,48.82,0.79,0,0
2024,1,Bahrain Grand Prix,SAR,Williams,18,1.590999999999994,90.77,0.0,0.2,0.0,0.0,18.23,48.82,0.79,0,0
2024,2,Saudi Arabian Grand Prix,VER,Red Bull Racing,1,0.0,87.472,1.0,25.4,19.4,1.0,25.53,62.34,1.3,0,1
2024,2,Saudi Arabian Grand Prix,PER,Red Bull Racing,3,0.3350000000000079,87.807,0.4,11.4,21.4,0.5,25.53,62.34,1.3,0,1
2024,2,Saudi Arabian Grand Prix,LEC,Ferrari,2,0.3190000000000026,87.791,0.6,12.6,10.6,0.5,25.53,62.34,1.3,0,1
2024,2,Saudi Arabian Grand Prix,PIA,McLaren,5,0.6170000000000044,88.089,0.0,3.6,6.0,0.0,25.53,62.34,1.3,0,0
2024,2,Saudi Arabian Grand Prix,ALO,Aston Martin,4,0.3740000000000094,87.846,0.2,5.0,2.4,0.5,25.53,62.34,1.3,0,0
2024,2,Saudi Arabian Grand Prix,RUS,Mercedes,7,0.8440000000000083,88.316,0.2,7.4,7.4,0.0,25.53,62.34,1.3,0,0
2024,2,Saudi Arabian Grand Prix,BEA,Ferrari,11,1.1700000000000017,88.642,0.0,0.0,12.2,0.0,25.53,62.34,1.3,0,0
2024,2,Saudi Arabian Grand Prix,NOR,McLaren,6,0.6600000000000108,88.132,0.2,9.4,8.4,0.0,25.53,62.34,1.3,0,0
2024,2,Saudi Arabian Grand Prix,HAM,Mercedes,8,0.9879999999999995,88.46,0.2,7.4,8.2,0.0,25.53,62.34,1.3,0,0
2024,2,Saudi Arabian Grand Prix,HUL,Haas F1 Team,15,1.5830000000000126,89.055,0.0,0.0,0.0,0.0,25.53,62.34,1.3,0,0
2024,2,Saudi Arabian Grand Prix,ALB,Williams,12,1.5080000000000098,88.98,0.0,0.4,0.0,0.0,25.53,62.34,1.3,0,0
2024,2,Saudi Arabian Grand Prix,MAG,Haas F1 Team,13,1.5480000000000018,89.02,0.0,0.0,0.2,0.0,25.53,62.34,1.3,0,0
2024,2,Saudi Arabian Grand Prix,OCO,Alpine,17,2.003,89.475,0.0,2.8,0.0,0.0,25.53,62.34,1.3,0,0
2024,2,Saudi Arabian Grand Prix,SAR,Williams,19,2.054000000000002,89.526,0.0,0.2,0.0,0.0,25.53,62.34,1.3,0,0
2024,2,Saudi Arabian Grand Prix,TSU,RB,9,1.0750000000000028,88.547,0.0,1.2,0.0,0.0,25.53,62.34,1.3,0,0
2024,2,Saudi Arabian Grand Prix,RIC,RB,14,1.5530000000000117,89.025,0.0,1.2,0.0,0.0,25.53,62.34,1.3,0,0
2024,2,Saudi Arabian Grand Prix,BOT,Kick Sauber,16,1.7070000000000078,89.179,0.0,0.0,0.0,0.0,25.53,62.34,1.3,0,0
2024,2,Saudi Arabian Grand Prix,STR,Aston Martin,10,1.1000000000000083,88.572,0.0,4.4,4.0,0.0,25.53,62.34,1.3,0,0
2024,2,Saudi Arabian Grand Prix,GAS,Alpine,18,2.007000000000005,89.479,0.0,1.2,0.0,0.0,25.53,62.34,1.3,0,0
2024,3,Australian Grand Prix,SAI,Ferrari,2,0.269999999999996,76.185,0.2,8.6,9.8,0.0,20.62,44.45,0.95,0,1
2024,3,Australian Grand Prix,LEC,Ferrari,4,0.519999999999996,76.435,0.6,12.8,14.8,0.5,20.62,44.45,0.95,0,1
2024,3,Australian Grand Prix,NOR,McLaren,3,0.3999999999999915,76.315,0.2,8.2,7.2,0.0,20.62,44.45,0.95,0,1
2024,3,Australian Grand Prix,PIA,McLaren,5,0.6569999999999965,76.572,0.0,5.2,8.6,0.0,20.62,44.45,0.95,0,0
2024,3,Australian Grand Prix,PER,Red Bull Racing,6,0.3589999999999946,76.274,0.6,15.0,19.8,1.0,20.62,44.45,0.95,0,0
2024,3,Australian Grand Prix,STR,Aston Martin,9,1.1569999999999965,77.072,0.0,4.4,2.8,0.0,20.62,44.45,0.95,0,0
2024,3,Australian Grand Prix,TSU,RB,8,0.8729999999999905,76.788,0.0,1.2,0.0,0.0,20.62,44.45,0.95,0,0
2024,3,Australian Grand Prix,ALO,Aston Martin,10,1.6370000000000005,77.552,0.2,7.0,4.2,0.5,20.62,44.45,0.95,0,0
2024,3,Australian Grand Prix,HUL,Haas F1 Team,16,2.060999999999993,77.976,0.0,0.2,0.2,0.0,20.62,44.45,0.95,0,0
2024,3,Australian Grand Prix,MAG,Haas F1 Team,14,1.5120000000000005,77.427,0.0,0.0,0.6,0.0,20.62,44.45,0.95,0,0
2024,3,Australian Grand Prix,ALB,Williams,12,1.2519999999999951,77.167,0.0,0.0,0.0,0.0,20.62,44.45,0.95,0,0
2024,3,Australian Grand Prix,RIC,RB,18,2.1699999999999875,78.085,0.0,0.0,1.2,0.0,20.62,44.45,0.95,0,0
2024,3,Australian Grand Prix,GAS,Alpine,17,2.066999999999993,77.982,0.0,1.2,0.0,0.0,20.62,44.45,0.95,0,0
2024,3,Australian Grand Prix,BOT,Kick Sauber,13,1.4249999999999972,77.34,0.0,0.0,0.0,0.0,20.62,44.45,0.95,0,0
2024,3,Australian Grand Prix,ZHO,Kick Sauber,19,2.272999999999996,78.188,0.0,0.0,0.0,0.0,20.62,44.45,0.95,0,0
2024,3,Australian Grand Prix,OCO,Alpine,15,1.7819999999999965,77.697,0.0,2.6,0.0,0.0,20.62,44.45,0.95,0,0
2024,3,Australian Grand Prix,RUS,Mercedes,7,0.8089999999999975,76.724,0.2,7.4,5.6,0.5,20.62,44.45,0.95,0,0
2024,3,Australian Grand Prix,HAM,Mercedes,11,1.0449999999999875,76.96,0.0,4.0,5.2,0.5,20.62,44.45,0.95,0,0
2024,3,Australian Grand Prix,VER,Red Bull Racing,1,0.0,75.915,1.0,25.4,19.4,0.5,20.62,44.45,0.95,0,0
2024,4,Japanese Grand Prix,VER,Red Bull Racing,1,0.0,88.197,0.8,20.4,14.2,1.0,21.69,43.43,2.24,0,1
2024,4,Japanese Grand Prix,PER,Red Bull Racing,2,0.0660000000000025,88.263,0.6,14.6,15.8,0.5,21.69,43.43,2.24,0,1
2024,4,Japanese Grand Prix,SAI,Ferrari,4,0.4849999999999994,88.682,0.4,11.2,15.6,0.0,21.69,43.43,2.24,0,1
2024,4,Japanese Grand Prix,LEC,Ferrari,8,0.5889999999999986,88.786,0.8,16.6,16.2,0.5,21.69,43.43,2.24,0,0
2024,4,Japanese Grand Prix,NOR,McLaren,3,0.2920000000000016,88.489,0.2,7.4,9.4,0.5,21.69,43.43,2.24,0,0
2024,4,Japanese Grand Prix,ALO,Aston Martin,5,0.4890000000000043,88.686,0.0,4.8,4.6,0.0,21.69,43.43,2.24,0,0
2024,4,Japanese Grand Prix,RUS,Mercedes,9,0.8109999999999928,89.008,0.2,7.4,3.2,0.0,21.69,43.43,2.24,0,0
2024,4,Japanese Grand Prix,PIA,McLaren,6,0.5630000000000024,88.76,0.0,7.6,10.6,1.0,21.69,43.43,2.24,0,0
2024,4,Japanese Grand Prix,HAM,Mercedes,7,0.5690000000000026,88.766,0.0,3.2,3.2,0.0,21.69,43.43,2.24,0,0
2024,4,Japanese Grand Prix,TSU,RB,10,1.215999999999994,89.413,0.0,2.0,1.2,0.0,21.69,43.43,2.24,0,0
2024,4,Japanese Grand Prix,HUL,Haas F1 Team,12,1.296999999999997,89.494,0.0,0.6,0.8,0.0,21.69,43.43,2.24,0,0
2024,4,Japanese Grand Prix,STR,Aston Martin,16,1.8269999999999984,90.024,0.0,4.0,6.0,0.0,21.69,43.43,2.24,0,0
2024,4,Japanese Grand Prix,MAG,Haas F1 Team,18,1.9339999999999973,90.131,0.0,0.2,0.8,0.0,21.69,43.43,2.24,0,0
2024,4,Japanese Grand Prix,BOT,Kick Sauber,13,1.3960000000000008,89.593,0.0,0.0,0.0,0.0,21.69,43.43,2.24,0,0
2024,4,Japanese Grand Prix,OCO,Alpine,15,1.6189999999999998,89.816,0.0,2.4,0.0,0.0,21.69,43.43,2.24,0,0
2024,4,Japanese Grand Prix,GAS,Alpine,17,1.921999999999997,90.119,0.0,0.0,0.0,0.0,21.69,43.43,2.24,0,0
2024,4,Japanese Grand Prix,SAR,Williams,19,1.941999999999993,90.139,0.0,0.2,0.0,0.0,21.69,43.43,2.24,0,0
2024,4,Japanese Grand Prix,ZHO,Kick Sauber,20,1.945999999999998,90.143,0.0,0.0,0.0,0.0,21.69,43.43,2.24,0,0
2024,4,Japanese Grand Prix,RIC,RB,11,1.2749999999999917,89.472,0.0,0.0,1.4,0.0,21.69,43.43,2.24,0,0
2024,4,Japanese Grand Prix,ALB,Williams,14,1.516999999999996,89.714,0.0,0.0,0.0,0.0,21.69,43.43,2.24,0,0
2024,5,Chinese Grand Prix,VER,Red Bull Racing,1,0.0,93.66,0.8,20.6,14.4,0.0,18.64,66.06,1.68,0,1
2024,5,Chinese Grand Prix,NOR,McLaren,4,0.5050000000000097,94.165,0.2,9.4,9.0,0.0,18.64,66.06,1.68,0,1
2024,5,Chinese Grand Prix,PER,Red Bull Racing,2,0.3220000000000027,93.982,0.6,15.2,15.8,0.0,18.64,66.06,1.68,0,1
2024,5,Chinese Grand Prix,LEC,Ferrari,6,0.6290000000000049,94.289,0.6,15.4,15.4,0.0,18.64,66.06,1.68,0,0
2024,5,Chinese Grand Prix,SAI,Ferrari,7,0.6370000000000005,94.297,0.6,12.6,16.6,0.0,18.64,66.06,1.68,0,0
2024,5,Chinese Grand Prix,RUS,Mercedes,8,0.7730000000000103,94.433,0.2,7.8,2.0,0.0,18.64,66.06,1.68,0,0
2024,5,Chinese Grand Prix,ALO,Aston Martin,3,0.4879999999999995,94.148,0.0,6.0,4.0,0.0,18.64,66.06,1.68,0,0
2024,5,Chinese Grand Prix,PIA,McLaren,5,0.6129999999999995,94.273,0.0,8.0,11.8,0.0,18.64,66.06,1.68,0,0
2024,5,Chinese Grand Prix,HAM,Mercedes,18,1.9129999999999967,95.573,0.0,2.4,3.2,0.0,18.64,66.06,1.68,0,0
2024,5,Chinese Grand Prix,HUL,Haas F1 Team,9,0.9440000000000026,94.604,0.0,0.6,0.6,0.0,18.64,66.06,1.68,0,0
2024,5,Chinese Grand Prix,OCO,Alpine,13,1.5630000000000024,95.223,0.0,0.0,0.0,0.0,18.64,66.06,1.68,0,0
2024,5,Chinese Grand Prix,ALB,Williams,14,1.581000000000003,95.241,0.0,0.0,0.0,0.0,18.64,66.06,1.68,0,0
2024,5,Chinese Grand Prix,GAS,Alpine,15,1.8029999999999973,95.463,0.0,0.0,0.0,0.0,18.64,66.06,1.68,0,0
2024,5,Chinese Grand Prix,ZHO,Kick Sauber,16,1.8449999999999989,95.505,0.0,0.0,0.0,0.0,18.64,66.06,1.68,0,0
2024,5,Chinese Grand Prix,STR,Aston Martin,11,1.1779999999999973,94.838,0.0,2.0,5.4,0.0,18.64,66.06,1.68,0,0
2024,5,Chinese Grand Prix,MAG,Haas F1 Team,17,1.8560000000000088,95.516,0.0,0.2,0.8,0.0,18.64,66.06,1.68,0,0
2024,5,Chinese Grand Prix,SAR,Williams,20,2.6980000000000075,96.358,0.0,0.0,0.0,0.0,18.64,66.06,1.68,0,0
2024,5,Chinese Grand Prix,RIC,RB,12,1.274000000000001,94.934,0.0,0.0,1.4,0.0,18.64,66.06,1.68,0,0
2024,5,Chinese Grand Prix,TSU,RB,19,2.0859999999999985,95.746,0.0,2.2,1.4,0.0,18.64,66.06,1.68,0,0
2024,5,Chinese Grand Prix,BOT,Kick Sauber,10,1.0050000000000097,94.665,0.0,0.0,0.0,0.0,18.64,66.06,1.68,0,0
2024,6,Miami Grand Prix,NOR,McLaren,5,0.3529999999999944,87.594,0.4,11.0,9.6,0.0,28.52,59.01,3.08,0,1
2024,6,Miami Grand Prix,VER,Red Bull Racing,1,0.0,87.241,0.8,20.4,16.8,1.0,28.52,59.01,3.08,0,1
2024,6,Miami Grand Prix,LEC,Ferrari,2,0.1410000000000053,87.382,0.4,14.2,13.6,0.5,28.52,59.01,3.08,0,1
2024,6,Miami Grand Prix,PER,Red Bull Racing,4,0.2189999999999941,87.46,0.8,15.8,20.4,0.5,28.52,59.01,3.08,0,0
2024,6,Miami Grand Prix,SAI,Ferrari,3,0.2139999999999986,87.455,0.6,13.0,12.8,0.5,28.52,59.01,3.08,0,0
2024,6,Miami Grand Prix,HAM,Mercedes,8,0.8659999999999997,88.107,0.0,2.4,3.6,0.0,28.52,59.01,3.08,0,0
2024,6,Miami Grand Prix,TSU,RB,10,0.9509999999999934,88.192,0.0,1.4,0.2,0.0,28.52,59.01,3.08,0,0
2024,6,Miami Grand Prix,RUS,Mercedes,7,0.8259999999999934,88.067,0.0,6.4,5.2,0.0,28.52,59.01,3.08,0,0
2024,6,Miami Grand Prix,ALO,Aston Martin,15,1.186000000000007,88.427,0.0,6.2,3.8,0.5,28.52,59.01,3.08,0,0
2024,6,Miami Grand Prix,OCO,Alpine,13,1.1299999999999957,88.371,0.0,0.0,0.0,0.0,28.52,59.01,3.08,0,0
2024,6,Miami Grand Prix,HUL,Haas F1 Team,9,0.9050000000000012,88.146,0.0,0.8,0.4,0.0,28.52,59.01,3.08,0,0
2024,6,Miami Grand Prix,GAS,Alpine,12,1.0829999999999984,88.324,0.0,0.0,0.2,0.0,28.52,59.01,3.08,0,0
2024,6,Miami Grand Prix,PIA,McLaren,6,0.4339999999999975,87.675,0.0,7.2,12.2,0.0,28.52,59.01,3.08,0,0
2024,6,Miami Grand Prix,ZHO,Kick Sauber,19,1.5829999999999984,88.824,0.0,0.0,0.0,0.0,28.52,59.01,3.08,0,0
2024,6,Miami Grand Prix,RIC,RB,20,1.3760000000000048,88.617,0.0,0.0,1.4,0.0,28.52,59.01,3.08,0,0
2024,6,Miami Grand Prix,BOT,Kick Sauber,16,1.2219999999999942,88.463,0.0,0.0,0.0,0.0,28.52,59.01,3.08,0,0
2024,6,Miami Grand Prix,STR,Aston Martin,11,0.9809999999999944,88.222,0.0,1.8,3.4,0.0,28.52,59.01,3.08,0,0
2024,6,Miami Grand Prix,ALB,Williams,14,1.171999999999997,88.413,0.0,0.0,0.0,0.0,28.52,59.01,3.08,0,0
2024,6,Miami Grand Prix,MAG,Haas F1 Team,18,1.378,88.619,0.0,0.2,0.2,0.0,28.52,59.01,3.08,0,0
2024,6,Miami Grand Prix,SAR,Williams,17,1.2459999999999951,88.487,0.0,0.0,0.0,0.0,28.52,59.01,3.08,0,0
2024,7,Emilia Romagna Grand Prix,VER,Red Bull Racing,1,0.0,74.746,0.8,18.8,17.6,1.0,25.11,48.43,2.14,0,1
2024,7,Emilia Romagna Grand Prix,NOR,McLaren,2,0.0910000000000081,74.837,0.6,14.4,10.2,1.0,25.11,48.43,2.14,0,1
2024,7,Emilia Romagna Grand Prix,LEC,Ferrari,3,0.2240000000000037,74.97,0.6,14.8,11.8,0.0,25.11,48.43,2.14,0,1
2024,7,Emilia Romagna Grand Prix,PIA,McLaren,5,0.073999999999998,74.82,0.0,6.4,13.0,0.0,25.11,48.43,2.14,0,0
2024,7,Emilia Romagna Grand Prix,SAI,Ferrari,4,0.487000000000009,75.233,0.6,15.0,12.4,0.0,25.11,48.43,2.14,0,0
2024,7,Emilia Romagna Grand Prix,HAM,Mercedes,8,0.7580000000000098,75.504,0.0,2.8,4.8,0.0,25.11,48.43,2.14,0,0
2024,7,Emilia Romagna Grand Prix,RUS,Mercedes,6,0.4879999999999995,75.234,0.0,5.2,6.0,0.0,25.11,48.43,2.14,0,0
2024,7,Emilia Romagna Grand Prix,PER,Red Bull Racing,11,0.960000000000008,75.706,0.6,14.6,19.0,1.0,25.11,48.43,2.14,0,0
2024,7,Emilia Romagna Grand Prix,STR,Aston Martin,13,1.246000000000009,75.992,0.0,1.6,1.8,0.0,25.11,48.43,2.14,0,0
2024,7,Emilia Romagna Grand Prix,TSU,RB,7,0.7190000000000083,75.465,0.0,2.6,1.2,0.0,25.11,48.43,2.14,0,0
2024,7,Emilia Romagna Grand Prix,HUL,Haas F1 Team,10,1.2340000000000089,75.98,0.0,0.8,0.2,0.0,25.11,48.43,2.14,0,0
2024,7,Emilia Romagna Grand Prix,MAG,Haas F1 Team,18,2.108000000000004,76.854,0.0,0.2,0.2,0.0,25.11,48.43,2.14,0,0
2024,7,Emilia Romagna Grand Prix,RIC,RB,9,0.9280000000000116,75.674,0.0,0.0,1.4,0.0,25.11,48.43,2.14,0,0
2024,7,Emilia Romagna Grand Prix,OCO,Alpine,12,1.1600000000000108,75.906,0.0,0.2,0.2,0.0,25.11,48.43,2.14,0,0
2024,7,Emilia Romagna Grand Prix,ZHO,Kick Sauber,17,2.088000000000008,76.834,0.0,0.0,0.0,0.0,25.11,48.43,2.14,0,0
2024,7,Emilia Romagna Grand Prix,GAS,Alpine,15,1.6350000000000051,76.381,0.0,0.0,0.2,0.0,25.11,48.43,2.14,0,0
2024,7,Emilia Romagna Grand Prix,BOT,Kick Sauber,16,1.8800000000000097,76.626,0.0,0.0,0.0,0.0,25.11,48.43,2.14,0,0
2024,7,Emilia Romagna Grand Prix,ALO,Aston Martin,20,2.1710000000000065,76.917,0.0,6.2,2.2,0.0,25.11,48.43,2.14,0,0
2024,7,Emilia Romagna Grand Prix,ALB,Williams,14,1.4540000000000075,76.2,0.0,0.0,0.0,0.0,25.11,48.43,2.14,0,0
2024,8,Monaco Grand Prix,LEC,Ferrari,1,0.0,70.27,0.6,14.6,12.0,0.0,21.6,63.99,0.98,0,1
2024,8,Monaco Grand Prix,PIA,McLaren,2,0.1540000000000105,70.424,0.0,6.4,11.8,0.0,21.6,63.99,0.98,0,1
2024,8,Monaco Grand Prix,SAI,Ferrari,3,0.2480000000000046,70.518,0.4,14.0,15.0,0.5,21.6,63.99,0.98,0,1
2024,8,Monaco Grand Prix,NOR,McLaren,4,0.2720000000000055,70.542,0.8,17.2,14.6,0.0,21.6,63.99,0.98,0,0
2024,8,Monaco Grand Prix,RUS,Mercedes,5,0.2730000000000103,70.543,0.0,5.0,5.8,0.0,21.6,63.99,0.98,0,0
2024,8,Monaco Grand Prix,VER,Red Bull Racing,6,0.296999999999997,70.567,0.8,18.8,14.8,1.0,21.6,63.99,0.98,0,0
2024,8,Monaco Grand Prix,HAM,Mercedes,7,0.3509999999999991,70.621,0.0,4.0,7.4,0.0,21.6,63.99,0.98,0,0
2024,8,Monaco Grand Prix,TSU,RB,8,0.5880000000000081,70.858,0.0,2.8,1.4,0.0,21.6,63.99,0.98,0,0
2024,8,Monaco Grand Prix,ALB,Williams,9,0.6779999999999973,70.948,0.0,0.0,0.0,0.0,21.6,63.99,0.98,0,0
2024,8,Monaco Grand Prix,GAS,Alpine,10,1.041000000000011,71.311,0.0,0.0,0.2,0.0,21.6,63.99,0.98,0,0
2024,8,Monaco Grand Prix,ALO,Aston Martin,14,1.7490000000000094,72.019,0.0,4.2,0.8,0.5,21.6,63.99,0.98,0,0
2024,8,Monaco Grand Prix,RIC,RB,12,1.2120000000000033,71.482,0.0,0.0,2.2,0.0,21.6,63.99,0.98,0,0
2024,8,Monaco Grand Prix,BOT,Kick Sauber,17,2.2420000000000044,72.512,0.0,0.0,0.0,0.0,21.6,63.99,0.98,0,0
2024,8,Monaco Grand Prix,STR,Aston Martin,13,1.2930000000000064,71.563,0.0,2.0,0.8,0.0,21.6,63.99,0.98,0,0
2024,8,Monaco Grand Prix,SAR,Williams,15,1.75,72.02,0.0,0.0,0.4,0.0,21.6,63.99,0.98,0,0
2024,8,Monaco Grand Prix,ZHO,Kick Sauber,18,2.7580000000000098,73.028,0.0,0.0,0.0,0.0,21.6,63.99,0.98,0,0
2024,8,Monaco Grand Prix,OCO,Alpine,11,1.0150000000000006,71.285,0.0,0.2,0.4,0.5,21.6,63.99,0.98,0,0
2024,8,Monaco Grand Prix,PER,Red Bull Racing,16,1.7900000000000065,72.06,0.4,11.8,13.4,0.5,21.6,63.99,0.98,0,0
2024,8,Monaco Grand Prix,HUL,Haas F1 Team,19,1.1700000000000017,71.44,0.0,0.6,0.0,0.0,21.6,63.99,0.98,0,0
2024,8,Monaco Grand Prix,MAG,Haas F1 Team,20,1.4549999999999983,71.725,0.0,0.2,0.0,0.0,21.6,63.99,0.98,0,0
2024,9,Canadian Grand Prix,VER,Red Bull Racing,2,0.0,72.0,0.8,20.4,9.8,1.0,17.8,73.38,1.17,1,1
2024,9,Canadian Grand Prix,NOR,McLaren,3,0.0210000000000007,72.021,0.6,16.6,12.0,0.0,17.8,73.38,1.17,1,1
2024,9,Canadian Grand Prix,RUS,Mercedes,1,0.0,72.0,0.0,7.0,7.2,0.0,17.8,73.38,1.17,1,1
2024,9,Canadian Grand Prix,HAM,Mercedes,7,0.2800000000000011,72.28,0.0,5.4,9.4,1.0,17.8,73.38,1.17,1,0
2024,9,Canadian Grand Prix,PIA,McLaren,4,0.1029999999999944,72.103,0.2,7.6,15.6,0.0,17.8,73.38,1.17,1,0
2024,9,Canadian Grand Prix,ALO,Aston Martin,6,0.2279999999999944,72.228,0.0,3.4,0.4,0.5,17.8,73.38,1.17,1,0
2024,9,Canadian Grand Prix,STR,Aston Martin,9,0.7009999999999934,72.701,0.0,0.4,2.0,0.0,17.8,73.38,1.17,1,0
2024,9,Canadian Grand Prix,RIC,RB,5,0.1779999999999972,72.178,0.0,0.0,1.0,0.0,17.8,73.38,1.17,1,0
2024,9,Canadian Grand Prix,GAS,Alpine,15,0.9399999999999976,72.94,0.0,0.2,0.2,0.0,17.8,73.38,1.17,1,0
2024,9,Canadian Grand Prix,OCO,Alpine,18,1.4350000000000025,73.435,0.0,0.2,0.6,0.0,17.8,73.38,1.17,1,0
2024,9,Canadian Grand Prix,HUL,Haas F1 Team,17,1.9779999999999944,73.978,0.0,0.2,0.0,0.0,17.8,73.38,1.17,1,0
2024,9,Canadian Grand Prix,MAG,Haas F1 Team,14,0.9159999999999968,72.916,0.0,0.0,0.0,0.0,17.8,73.38,1.17,1,0
2024,9,Canadian Grand Prix,BOT,Kick Sauber,19,1.3659999999999997,73.366,0.0,0.0,0.0,0.0,17.8,73.38,1.17,1,0
2024,9,Canadian Grand Prix,TSU,RB,8,0.4140000000000015,72.414,0.0,2.4,1.8,0.0,17.8,73.38,1.17,1,0
2024,9,Canadian Grand Prix,ZHO,Kick Sauber,20,2.2920000000000016,74.292,0.0,0.0,0.0,0.0,17.8,73.38,1.17,1,0
2024,9,Canadian Grand Prix,SAI,Ferrari,12,0.7279999999999944,72.728,0.4,12.0,15.0,0.5,17.8,73.38,1.17,1,0
2024,9,Canadian Grand Prix,ALB,Williams,10,0.7960000000000065,72.796,0.0,0.4,0.4,0.0,17.8,73.38,1.17,1,0
2024,9,Canadian Grand Prix,PER,Red Bull Racing,16,1.3259999999999934,73.326,0.4,9.8,12.4,0.0,17.8,73.38,1.17,1,0
2024,9,Canadian Grand Prix,LEC,Ferrari,11,0.6910000000000025,72.691,0.6,15.8,13.0,0.0,17.8,73.38,1.17,1,0
2024,9,Canadian Grand Prix,SAR,Williams,13,0.7360000000000042,72.736,0.0,0.0,0.4,0.0,17.8,73.38,1.17,1,0
2024,10,Spanish Grand Prix,VER,Red Bull Racing,2,0.0200000000000102,71.403,0.8,20.2,7.4,1.0,24.13,63.44,2.12,1,1
2024,10,Spanish Grand Prix,NOR,McLaren,1,0.0,71.383,0.8,18.2,14.0,0.0,24.13,63.44,2.12,1,1
2024,10,Spanish Grand Prix,HAM,Mercedes,3,0.3179999999999978,71.701,0.0,7.6,10.4,0.5,24.13,63.44,2.12,1,1
2024,10,Spanish Grand Prix,RUS,Mercedes,4,0.3200000000000074,71.703,0.2,8.8,12.0,1.0,24.13,63.44,2.12,1,0
2024,10,Spanish Grand Prix,LEC,Ferrari,5,0.347999999999999,71.731,0.6,13.4,10.0,0.0,24.13,63.44,2.12,1,0
2024,10,Spanish Grand Prix,SAI,Ferrari,6,0.3530000000000086,71.736,0.2,9.0,10.0,0.0,24.13,63.44,2.12,1,0
2024,10,Spanish Grand Prix,PIA,McLaren,9,0.6280000000000001,72.011,0.2,8.8,15.4,0.0,24.13,63.44,2.12,1,0
2024,10,Spanish Grand Prix,PER,Red Bull Racing,11,0.6780000000000115,72.061,0.2,6.2,11.6,0.5,24.13,63.44,2.12,1,0
2024,10,Spanish Grand Prix,GAS,Alpine,7,0.4740000000000037,71.857,0.0,0.6,0.8,0.0,24.13,63.44,2.12,1,0
2024,10,Spanish Grand Prix,OCO,Alpine,8,0.7420000000000044,72.125,0.0,0.4,1.2,0.0,24.13,63.44,2.12,1,0
2024,10,Spanish Grand Prix,HUL,Haas F1 Team,13,0.9270000000000068,72.31,0.0,0.2,0.0,0.0,24.13,63.44,2.12,1,0
2024,10,Spanish Grand Prix,ALO,Aston Martin,10,0.7450000000000045,72.128,0.0,3.4,2.8,0.0,24.13,63.44,2.12,1,0
2024,10,Spanish Grand Prix,ZHO,Kick Sauber,15,1.355000000000004,72.738,0.0,0.0,0.0,0.0,24.13,63.44,2.12,1,0
2024,10,Spanish Grand Prix,STR,Aston Martin,14,0.9890000000000044,72.372,0.0,1.6,2.8,0.0,24.13,63.44,2.12,1,0
2024,10,Spanish Grand Prix,RIC,RB,18,1.6920000000000073,73.075,0.0,0.8,1.6,0.0,24.13,63.44,2.12,1,0
2024,10,Spanish Grand Prix,BOT,Kick Sauber,12,0.8440000000000083,72.227,0.0,0.0,0.0,0.0,24.13,63.44,2.12,1,0
2024,10,Spanish Grand Prix,MAG,Haas F1 Team,16,1.554000000000002,72.937,0.0,0.0,0.0,0.0,24.13,63.44,2.12,1,0
2024,10,Spanish Grand Prix,ALB,Williams,20,1.7700000000000102,73.153,0.0,0.4,0.4,0.0,24.13,63.44,2.12,1,0
2024,10,Spanish Grand Prix,TSU,RB,17,1.602000000000004,72.985,0.0,2.2,1.6,0.0,24.13,63.44,2.12,1,0
2024,10,Spanish Grand Prix,SAR,Williams,19,2.1260000000000048,73.509,0.0,0.0,0.4,0.0,24.13,63.44,2.12,1,0
2024,11,Austrian Grand Prix,RUS,Mercedes,3,0.5260000000000105,64.84,0.2,9.6,12.4,0.0,29.43,35.01,1.67,1,1
2024,11,Austrian Grand Prix,PIA,McLaren,7,0.7340000000000089,65.048,0.2,9.2,13.0,0.0,29.43,35.01,1.67,1,1
2024,11,Austrian Grand Prix,SAI,Ferrari,4,0.5370000000000061,64.851,0.2,8.6,6.6,0.0,29.43,35.01,1.67,1,1
2024,11,Austrian Grand Prix,HAM,Mercedes,5,0.5890000000000128,64.903,0.2,10.2,16.0,0.5,29.43,35.01,1.67,1,0
2024,11,Austrian Grand Prix,VER,Red Bull Racing,1,0.0,64.314,0.8,20.2,10.8,1.0,29.43,35.01,1.67,1,0
2024,11,Austrian Grand Prix,HUL,Haas F1 Team,9,1.0710000000000122,65.385,0.0,0.0,0.0,0.0,29.43,35.01,1.67,1,0
2024,11,Austrian Grand Prix,PER,Red Bull Racing,8,0.8880000000000052,65.202,0.0,4.0,12.8,0.5,29.43,35.01,1.67,1,0
2024,11,Austrian Grand Prix,MAG,Haas F1 Team,12,1.0330000000000013,65.347,0.0,0.0,1.6,0.0,29.43,35.01,1.67,1,0
2024,11,Austrian Grand Prix,RIC,RB,11,0.9750000000000084,65.289,0.0,0.8,0.8,0.0,29.43,35.01,1.67,1,0
2024,11,Austrian Grand Prix,GAS,Alpine,13,1.0450000000000017,65.359,0.0,1.0,1.2,0.0,29.43,35.01,1.67,1,0
2024,11,Austrian Grand Prix,LEC,Ferrari,6,0.730000000000004,65.044,0.6,13.0,6.6,1.0,29.43,35.01,1.67,1,0
2024,11,Austrian Grand Prix,OCO,Alpine,10,1.5690000000000026,65.883,0.0,0.6,1.4,0.0,29.43,35.01,1.67,1,0
2024,11,Austrian Grand Prix,STR,Aston Martin,17,1.5050000000000097,65.819,0.0,1.6,2.8,0.0,29.43,35.01,1.67,1,0
2024,11,Austrian Grand Prix,TSU,RB,14,1.0980000000000132,65.412,0.0,2.2,1.2,0.0,29.43,35.01,1.67,1,0
2024,11,Austrian Grand Prix,ALB,Williams,16,1.4220000000000113,65.736,0.0,0.4,0.0,0.0,29.43,35.01,1.67,1,0
2024,11,Austrian Grand Prix,BOT,Kick Sauber,18,1.5330000000000013,65.847,0.0,0.0,0.0,0.0,29.43,35.01,1.67,1,0
2024,11,Austrian Grand Prix,ZHO,Kick Sauber,20,1.747000000000014,66.061,0.0,0.0,0.0,0.0,29.43,35.01,1.67,1,0
2024,11,Austrian Grand Prix,ALO,Aston Martin,15,1.3250000000000028,65.639,0.0,2.0,2.8,0.0,29.43,35.01,1.67,1,0
2024,11,Austrian Grand Prix,SAR,Williams,19,1.5420000000000016,65.856,0.0,0.0,0.0,0.0,29.43,35.01,1.67,1,0
2024,11,Austrian Grand Prix,NOR,McLaren,2,0.4040000000000106,64.718,0.8,18.4,14.2,0.0,29.43,35.01,1.67,1,0
2024,12,British Grand Prix,HAM,Mercedes,2,0.1709999999999922,85.99,0.2,11.0,15.4,1.0,15.77,67.33,1.35,1,1
2024,12,British Grand Prix,VER,Red Bull Racing,4,0.3840000000000003,86.203,0.6,18.6,9.0,0.5,15.77,67.33,1.35,1,1
2024,12,British Grand Prix,NOR,McLaren,3,0.2109999999999985,86.03,0.6,13.4,10.6,0.5,15.77,67.33,1.35,1,1
2024,12,British Grand Prix,PIA,McLaren,5,0.4179999999999921,86.237,0.4,12.8,11.6,0.0,15.77,67.33,1.35,1,0
2024,12,British Grand Prix,SAI,Ferrari,7,0.6899999999999977,86.509,0.4,9.6,6.6,0.5,15.77,67.33,1.35,1,0
2024,12,British Grand Prix,HUL,Haas F1 Team,6,0.5189999999999912,86.338,0.0,1.6,2.4,0.0,15.77,67.33,1.35,1,0
2024,12,British Grand Prix,STR,Aston Martin,8,0.7659999999999911,86.585,0.0,1.6,1.2,0.0,15.77,67.33,1.35,1,0
2024,12,British Grand Prix,ALO,Aston Martin,10,1.097999999999999,86.917,0.0,1.6,1.2,0.0,15.77,67.33,1.35,1,0
2024,12,British Grand Prix,ALB,Williams,9,0.820999999999998,86.64,0.0,0.4,0.0,0.0,15.77,67.33,1.35,1,0
2024,12,British Grand Prix,TSU,RB,13,1.4500000000000028,87.269,0.0,1.0,0.4,0.0,15.77,67.33,1.35,1,0
2024,12,British Grand Prix,SAR,Williams,12,1.3559999999999943,87.175,0.0,0.0,0.4,0.0,15.77,67.33,1.35,1,0
2024,12,British Grand Prix,MAG,Haas F1 Team,17,5.0,92.905,0.0,0.8,4.0,0.0,15.77,67.33,1.35,1,0
2024,12,British Grand Prix,RIC,RB,15,2.1299999999999955,87.949,0.0,1.2,0.6,0.0,15.77,67.33,1.35,1,0
2024,12,British Grand Prix,LEC,Ferrari,11,1.2779999999999916,87.097,0.4,10.0,8.8,0.0,15.77,67.33,1.35,1,0
2024,12,British Grand Prix,BOT,Kick Sauber,16,5.0,92.431,0.0,0.0,0.0,0.0,15.77,67.33,1.35,1,0
2024,12,British Grand Prix,OCO,Alpine,18,5.0,94.557,0.0,0.4,1.0,0.0,15.77,67.33,1.35,1,0
2024,12,British Grand Prix,PER,Red Bull Racing,20,5.0,98.348,0.0,2.8,12.6,0.5,15.77,67.33,1.35,1,0
2024,12,British Grand Prix,ZHO,Kick Sauber,14,2.048000000000002,87.867,0.0,0.0,0.0,0.0,15.77,67.33,1.35,1,0
2024,12,British Grand Prix,RUS,Mercedes,1,0.0,85.819,0.4,13.8,17.8,0.0,15.77,67.33,1.35,1,0
2024,12,British Grand Prix,GAS,Alpine,19,5.0,99.804,0.0,1.2,0.8,0.0,15.77,67.33,1.35,1,0
2024,13,Hungarian Grand Prix,PIA,McLaren,2,0.0219999999999913,75.249,0.4,12.8,10.2,0.0,28.82,46.92,1.25,0,1
2024,13,Hungarian Grand Prix,NOR,McLaren,1,0.0,75.227,0.6,12.8,14.0,0.5,28.82,46.92,1.25,0,1
2024,13,Hungarian Grand Prix,HAM,Mercedes,5,0.6269999999999953,75.854,0.4,14.4,14.8,0.5,28.82,46.92,1.25,0,1
2024,13,Hungarian Grand Prix,LEC,Ferrari,6,0.6779999999999973,75.905,0.2,7.0,6.8,0.0,28.82,46.92,1.25,0,0
2024,13,Hungarian Grand Prix,VER,Red Bull Racing,3,0.0459999999999922,75.273,0.6,17.2,7.6,1.0,28.82,46.92,1.25,0,0
2024,13,Hungarian Grand Prix,SAI,Ferrari,4,0.4689999999999941,75.696,0.4,9.8,7.6,0.0,28.82,46.92,1.25,0,0
2024,13,Hungarian Grand Prix,PER,Red Bull Racing,16,2.658999999999992,77.886,0.0,2.0,8.8,0.5,28.82,46.92,1.25,0,0
2024,13,Hungarian Grand Prix,RUS,Mercedes,17,2.741,77.968,0.4,12.4,15.4,0.5,28.82,46.92,1.25,0,0
2024,13,Hungarian Grand Prix,TSU,RB,10,1.25,76.477,0.0,1.0,0.6,0.0,28.82,46.92,1.25,0,0
2024,13,Hungarian Grand Prix,STR,Aston Martin,8,1.016999999999996,76.244,0.0,2.4,2.0,0.0,28.82,46.92,1.25,0,0
2024,13,Hungarian Grand Prix,ALO,Aston Martin,7,0.8160000000000025,76.043,0.0,2.4,2.2,0.0,28.82,46.92,1.25,0,0
2024,13,Hungarian Grand Prix,RIC,RB,9,1.2199999999999989,76.447,0.0,1.2,1.0,0.0,28.82,46.92,1.25,0,0
2024,13,Hungarian Grand Prix,HUL,Haas F1 Team,11,1.0899999999999892,76.317,0.0,3.2,4.0,0.0,28.82,46.92,1.25,0,0
2024,13,Hungarian Grand Prix,ALB,Williams,13,1.2019999999999982,76.429,0.0,0.8,0.4,0.0,28.82,46.92,1.25,0,0
2024,13,Hungarian Grand Prix,MAG,Haas F1 Team,15,1.320999999999998,76.548,0.0,0.8,4.0,0.0,28.82,46.92,1.25,0,0
2024,13,Hungarian Grand Prix,BOT,Kick Sauber,12,1.1569999999999965,76.384,0.0,0.0,0.0,0.0,28.82,46.92,1.25,0,0
2024,13,Hungarian Grand Prix,SAR,Williams,14,1.3160000000000025,76.543,0.0,0.0,0.4,0.0,28.82,46.92,1.25,0,0
2024,13,Hungarian Grand Prix,OCO,Alpine,19,2.8220000000000027,78.049,0.0,0.4,0.4,0.0,28.82,46.92,1.25,0,0
2024,13,Hungarian Grand Prix,ZHO,Kick Sauber,18,2.8100000000000023,78.037,0.0,0.0,0.0,0.0,28.82,46.92,1.25,0,0
2024,13,Hungarian Grand Prix,GAS,Alpine,20,2.938999999999993,78.166,0.0,1.2,0.2,0.0,28.82,46.92,1.25,0,0
2024,14,Belgian Grand Prix,HAM,Mercedes,3,0.6759999999999877,113.835,0.6,16.0,11.4,0.0,21.33,49.58,1.68,0,1
2024,14,Belgian Grand Prix,PIA,McLaren,5,0.867999999999995,114.027,0.4,14.2,14.0,0.0,21.33,49.58,1.68,0,1
2024,14,Belgian Grand Prix,LEC,Ferrari,1,0.5949999999999989,113.754,0.0,4.4,6.2,0.5,21.33,49.58,1.68,0,1
2024,14,Belgian Grand Prix,VER,Red Bull Racing,11,0.0,113.159,0.6,17.6,8.0,1.0,21.33,49.58,1.68,0,0
2024,14,Belgian Grand Prix,NOR,McLaren,4,0.8219999999999885,113.981,0.8,14.0,17.6,0.0,21.33,49.58,1.68,0,0
2024,14,Belgian Grand Prix,SAI,Ferrari,7,1.3179999999999978,114.477,0.2,8.4,9.2,0.5,21.33,49.58,1.68,0,0
2024,14,Belgian Grand Prix,PER,Red Bull Racing,2,0.6059999999999945,113.765,0.0,3.2,9.2,1.0,21.33,49.58,1.68,0,0
2024,14,Belgian Grand Prix,ALO,Aston Martin,8,1.6059999999999943,114.765,0.0,2.4,2.2,0.0,21.33,49.58,1.68,0,0
2024,14,Belgian Grand Prix,OCO,Alpine,9,1.6509999999999962,114.81,0.0,0.4,0.0,0.0,21.33,49.58,1.68,0,0
2024,14,Belgian Grand Prix,RIC,RB,13,1.522999999999996,114.682,0.0,1.2,0.6,0.0,21.33,49.58,1.68,0,0
2024,14,Belgian Grand Prix,STR,Aston Martin,15,2.556999999999988,115.716,0.0,2.6,3.0,0.0,21.33,49.58,1.68,0,0
2024,14,Belgian Grand Prix,ALB,Williams,10,1.313999999999993,114.473,0.0,0.4,0.4,0.0,21.33,49.58,1.68,0,0
2024,14,Belgian Grand Prix,GAS,Alpine,12,1.475999999999999,114.635,0.0,1.0,0.4,0.0,21.33,49.58,1.68,0,0
2024,14,Belgian Grand Prix,MAG,Haas F1 Team,17,3.340999999999994,116.5,0.0,0.8,2.4,0.0,21.33,49.58,1.68,0,0
2024,14,Belgian Grand Prix,BOT,Kick Sauber,14,1.6049999999999898,114.764,0.0,0.0,0.0,0.0,21.33,49.58,1.68,0,0
2024,14,Belgian Grand Prix,TSU,RB,20,3.433999999999997,116.593,0.0,0.6,0.8,0.0,21.33,49.58,1.68,0,0
2024,14,Belgian Grand Prix,SAR,Williams,18,4.070999999999998,117.23,0.0,0.0,0.4,0.0,21.33,49.58,1.68,0,0
2024,14,Belgian Grand Prix,HUL,Haas F1 Team,16,3.149000000000001,116.308,0.0,3.2,1.6,0.0,21.33,49.58,1.68,0,0
2024,14,Belgian Grand Prix,ZHO,Kick Sauber,19,4.616,117.775,0.0,0.0,0.0,0.0,21.33,49.58,1.68,0,0
2024,14,Belgian Grand Prix,RUS,Mercedes,6,1.0249999999999917,114.184,0.4,11.4,14.0,0.0,21.33,49.58,1.68,0,0
2024,15,Dutch Grand Prix,NOR,McLaren,1,0.0,69.673,0.6,12.4,16.6,0.0,19.01,60.96,4.57,0,1
2024,15,Dutch Grand Prix,VER,Red Bull Racing,2,0.3559999999999945,70.029,0.4,15.0,7.0,1.0,19.01,60.96,4.57,0,1
2024,15,Dutch Grand Prix,LEC,Ferrari,6,0.9089999999999918,70.582,0.2,7.4,8.6,0.5,19.01,60.96,4.57,0,1
2024,15,Dutch Grand Prix,PIA,McLaren,3,0.4989999999999952,70.172,0.6,15.8,19.4,0.0,19.01,60.96,4.57,0,0
2024,15,Dutch Grand Prix,SAI,Ferrari,10,1.2409999999999997,70.914,0.2,10.0,11.6,0.0,19.01,60.96,4.57,0,0
2024,15,Dutch Grand Prix,PER,Red Bull Racing,5,0.742999999999995,70.416,0.0,4.6,10.6,0.0,19.01,60.96,4.57,0,0
2024,15,Dutch Grand Prix,RUS,Mercedes,4,0.570999999999998,70.244,0.2,8.4,9.0,0.5,19.01,60.96,4.57,0,0
2024,15,Dutch Grand Prix,HAM,Mercedes,14,1.2749999999999917,70.948,0.8,18.4,10.2,0.0,19.01,60.96,4.57,0,0
2024,15,Dutch Grand Prix,GAS,Alpine,9,1.304000000000002,70.977,0.0,0.6,0.4,0.5,19.01,60.96,4.57,0,0
2024,15,Dutch Grand Prix,ALO,Aston Martin,7,0.9599999999999936,70.633,0.0,1.6,1.8,0.5,19.01,60.96,4.57,0,0
2024,15,Dutch Grand Prix,HUL,Haas F1 Team,12,1.5420000000000016,71.215,0.0,3.2,0.0,0.0,19.01,60.96,4.57,0,0
2024,15,Dutch Grand Prix,RIC,RB,13,2.269999999999996,71.943,0.0,0.6,0.6,0.0,19.01,60.96,4.57,0,0
2024,15,Dutch Grand Prix,STR,Aston Martin,8,1.1839999999999975,70.857,0.0,1.4,1.2,0.0,19.01,60.96,4.57,0,0
2024,15,Dutch Grand Prix,ALB,Williams,19,0.980000000000004,70.653,0.0,0.4,0.0,0.0,19.01,60.96,4.57,0,0
2024,15,Dutch Grand Prix,OCO,Alpine,15,2.3220000000000027,71.995,0.0,0.6,0.8,0.0,19.01,60.96,4.57,0,0
2024,15,Dutch Grand Prix,TSU,RB,11,1.2819999999999965,70.955,0.0,0.6,0.6,0.0,19.01,60.96,4.57,0,0
2024,15,Dutch Grand Prix,MAG,Haas F1 Team,20,1.622,71.295,0.0,0.8,0.0,0.0,19.01,60.96,4.57,0,0
2024,15,Dutch Grand Prix,BOT,Kick Sauber,16,2.4950000000000045,72.168,0.0,0.0,0.0,0.0,19.01,60.96,4.57,0,0
2024,15,Dutch Grand Prix,ZHO,Kick Sauber,17,3.587999999999994,73.261,0.0,0.0,0.0,0.0,19.01,60.96,4.57,0,0
2024,16,Italian Grand Prix,LEC,Ferrari,4,0.1340000000000003,79.461,0.4,8.4,11.2,0.5,33.1,32.29,1.52,0,1
2024,16,Italian Grand Prix,PIA,McLaren,2,0.1090000000000088,79.436,0.6,17.0,16.8,0.0,33.1,32.29,1.52,0,1
2024,16,Italian Grand Prix,NOR,McLaren,1,0.0,79.327,0.6,13.8,16.8,0.0,33.1,32.29,1.52,0,1
2024,16,Italian Grand Prix,SAI,Ferrari,5,0.1400000000000005,79.467,0.2,10.4,14.6,0.5,33.1,32.29,1.52,0,0
2024,16,Italian Grand Prix,HAM,Mercedes,6,0.186000000000007,79.513,0.6,16.2,8.0,0.0,33.1,32.29,1.52,0,0
2024,16,Italian Grand Prix,VER,Red Bull Racing,7,0.6950000000000074,80.022,0.4,13.6,10.2,1.0,33.1,32.29,1.52,0,0
2024,16,Italian Grand Prix,RUS,Mercedes,3,0.1129999999999995,79.44,0.2,7.2,9.0,0.5,33.1,32.29,1.52,0,0
2024,16,Italian Grand Prix,PER,Red Bull Racing,8,0.7349999999999994,80.062,0.0,5.4,10.6,0.5,33.1,32.29,1.52,0,0
2024,16,Italian Grand Prix,ALB,Williams,9,0.9720000000000084,80.299,0.0,0.4,0.0,0.0,33.1,32.29,1.52,0,0
2024,16,Italian Grand Prix,MAG,Haas F1 Team,13,1.3709999999999951,80.698,0.0,0.8,0.0,0.0,33.1,32.29,1.52,0,0
2024,16,Italian Grand Prix,ALO,Aston Martin,11,1.0940000000000083,80.421,0.0,1.8,1.0,0.0,33.1,32.29,1.52,0,0
2024,16,Italian Grand Prix,COL,Williams,18,1.7340000000000089,81.061,0.0,0.0,0.4,0.0,33.1,32.29,1.52,0,0
2024,16,Italian Grand Prix,RIC,RB,12,1.152000000000001,80.479,0.0,0.6,0.2,0.0,33.1,32.29,1.52,0,0
2024,16,Italian Grand Prix,OCO,Alpine,15,1.4390000000000072,80.766,0.0,0.4,0.8,0.0,33.1,32.29,1.52,0,0
2024,16,Italian Grand Prix,GAS,Alpine,14,1.4110000000000014,80.738,0.0,0.6,0.8,0.0,33.1,32.29,1.52,0,0
2024,16,Italian Grand Prix,BOT,Kick Sauber,19,1.774000000000001,81.101,0.0,0.0,0.0,0.0,33.1,32.29,1.52,0,0
2024,16,Italian Grand Prix,HUL,Haas F1 Team,10,1.0120000000000005,80.339,0.0,3.2,0.2,0.0,33.1,32.29,1.52,0,0
2024,16,Italian Grand Prix,ZHO,Kick Sauber,20,2.117999999999995,81.445,0.0,0.0,0.0,0.0,33.1,32.29,1.52,0,0
2024,16,Italian Grand Prix,STR,Aston Martin,17,1.686000000000007,81.013,0.0,1.4,1.0,0.0,33.1,32.29,1.52,0,0
2024,16,Italian Grand Prix,TSU,RB,16,1.617999999999995,80.945,0.0,0.6,0.2,0.0,33.1,32.29,1.52,0,0
2024,17,Azerbaijan Grand Prix,PIA,McLaren,2,0.3210000000000121,101.686,0.6,17.0,16.4,0.0,26.71,38.02,1.55,0,1
2024,17,Azerbaijan Grand Prix,LEC,Ferrari,1,0.0,101.365,0.6,13.4,14.0,0.5,26.71,38.02,1.55,0,1
2024,17,Azerbaijan Grand Prix,RUS,Mercedes,5,0.5090000000000003,101.874,0.0,3.4,5.2,0.5,26.71,38.02,1.55,0,1
2024,17,Azerbaijan Grand Prix,NOR,McLaren,15,2.244,103.609,0.8,17.0,19.4,0.0,26.71,38.02,1.55,0,0
2024,17,Azerbaijan Grand Prix,VER,Red Bull Racing,6,0.6580000000000013,102.023,0.4,13.2,9.0,1.0,26.71,38.02,1.55,0,0
2024,17,Azerbaijan Grand Prix,ALO,Aston Martin,7,1.0040000000000049,102.369,0.0,1.8,0.2,0.0,26.71,38.02,1.55,0,0
2024,17,Azerbaijan Grand Prix,ALB,Williams,9,1.4939999999999998,102.859,0.0,0.8,0.4,0.0,26.71,38.02,1.55,0,0
2024,17,Azerbaijan Grand Prix,COL,Williams,8,1.1650000000000065,102.53,0.0,0.0,1.6,0.0,26.71,38.02,1.55,0,0
2024,17,Azerbaijan Grand Prix,HAM,Mercedes,19,0.9240000000000066,102.289,0.6,15.8,8.2,0.0,26.71,38.02,1.55,0,0
2024,17,Azerbaijan Grand Prix,BEA,Haas F1 Team,10,1.6030000000000086,102.968,0.0,6.0,0.2,0.0,26.71,38.02,1.55,0,0
2024,17,Azerbaijan Grand Prix,HUL,Haas F1 Team,12,1.826000000000008,103.191,0.0,1.6,0.4,0.0,26.71,38.02,1.55,0,0
2024,17,Azerbaijan Grand Prix,GAS,Alpine,18,1.8140000000000072,103.179,0.0,0.4,0.4,0.0,26.71,38.02,1.55,0,0
2024,17,Azerbaijan Grand Prix,RIC,RB,14,2.182000000000002,103.547,0.0,0.2,0.0,0.0,26.71,38.02,1.55,0,0
2024,17,Azerbaijan Grand Prix,ZHO,Kick Sauber,17,2.881,104.246,0.0,0.0,0.0,0.0,26.71,38.02,1.55,0,0
2024,17,Azerbaijan Grand Prix,OCO,Alpine,20,3.13900000000001,104.504,0.0,0.4,0.4,0.0,26.71,38.02,1.55,0,0
2024,17,Azerbaijan Grand Prix,BOT,Kick Sauber,16,2.253,103.618,0.0,0.0,0.0,0.0,26.71,38.02,1.55,0,0
2024,17,Azerbaijan Grand Prix,PER,Red Bull Racing,4,0.4480000000000075,101.813,0.0,5.0,9.6,1.0,26.71,38.02,1.55,0,0
2024,17,Azerbaijan Grand Prix,SAI,Ferrari,3,0.4400000000000119,101.805,0.0,9.8,16.0,0.0,26.71,38.02,1.55,0,0
2024,17,Azerbaijan Grand Prix,STR,Aston Martin,13,2.039000000000001,103.404,0.0,1.4,1.8,0.0,26.71,38.02,1.55,0,0
2024,17,Azerbaijan Grand Prix,TSU,RB,11,1.6700000000000017,103.035,0.0,0.6,0.0,0.0,26.71,38.02,1.55,0,0
2024,18,Singapore Grand Prix,NOR,McLaren,1,0.0,89.525,0.6,16.6,16.8,0.5,30.79,74.65,0.96,0,1
2024,18,Singapore Grand Prix,VER,Red Bull Racing,2,0.2029999999999887,89.728,0.2,11.6,6.0,0.0,30.79,74.65,0.96,0,1
2024,18,Singapore Grand Prix,PIA,McLaren,5,0.4279999999999972,89.953,0.8,19.6,19.4,0.0,30.79,74.65,0.96,0,1
2024,18,Singapore Grand Prix,RUS,Mercedes,4,0.3419999999999987,89.867,0.2,6.4,7.4,0.0,30.79,74.65,0.96,0,0
2024,18,Singapore Grand Prix,LEC,Ferrari,9,0.2219999999999942,89.747,0.8,17.0,13.0,0.5,30.79,74.65,0.96,0,0
2024,18,Singapore Grand Prix,HAM,Mercedes,3,0.3159999999999883,89.841,0.4,11.2,9.0,0.5,30.79,74.65,0.96,0,0
2024,18,Singapore Grand Prix,SAI,Ferrari,10,0.5829999999999984,90.108,0.0,7.6,13.0,1.0,30.79,74.65,0.96,0,0
2024,18,Singapore Grand Prix,ALO,Aston Martin,7,0.688999999999993,90.214,0.0,2.6,1.6,0.0,30.79,74.65,0.96,0,0
2024,18,Singapore Grand Prix,HUL,Haas F1 Team,6,0.5899999999999892,90.115,0.0,0.0,0.4,0.0,30.79,74.65,0.96,0,0
2024,18,Singapore Grand Prix,PER,Red Bull Racing,13,1.0539999999999878,90.579,0.0,5.0,8.0,0.5,30.79,74.65,0.96,0,0
2024,18,Singapore Grand Prix,COL,Williams,12,0.9559999999999887,90.481,0.0,2.0,2.4,0.0,30.79,74.65,0.96,0,0
2024,18,Singapore Grand Prix,TSU,RB,8,0.8289999999999935,90.354,0.0,0.4,0.0,0.0,30.79,74.65,0.96,0,0
2024,18,Singapore Grand Prix,OCO,Alpine,15,1.2439999999999998,90.769,0.0,0.4,0.0,0.0,30.79,74.65,0.96,0,0
2024,18,Singapore Grand Prix,STR,Aston Martin,17,1.5689999999999884,91.094,0.0,0.2,2.4,0.0,30.79,74.65,0.96,0,0
2024,18,Singapore Grand Prix,ZHO,Kick Sauber,20,2.5289999999999964,92.054,0.0,0.0,0.0,0.0,30.79,74.65,0.96,0,0
2024,18,Singapore Grand Prix,BOT,Kick Sauber,19,2.046999999999997,91.572,0.0,0.0,0.0,0.0,30.79,74.65,0.96,0,0
2024,18,Singapore Grand Prix,GAS,Alpine,18,1.786999999999992,91.312,0.0,0.4,0.0,0.0,30.79,74.65,0.96,0,0
2024,18,Singapore Grand Prix,RIC,RB,16,1.559999999999988,91.085,0.0,0.2,0.0,0.0,30.79,74.65,0.96,0,0
2024,18,Singapore Grand Prix,MAG,Haas F1 Team,14,1.128,90.653,0.0,0.2,0.8,0.0,30.79,74.65,0.96,0,0
2024,18,Singapore Grand Prix,ALB,Williams,11,0.948999999999998,90.474,0.0,1.6,2.4,0.0,30.79,74.65,0.96,0,0
2024,19,United States Grand Prix,LEC,Ferrari,4,0.4099999999999966,92.74,0.8,16.6,9.2,0.5,28.12,35.54,1.5,0,1
2024,19,United States Grand Prix,SAI,Ferrari,3,0.3220000000000027,92.652,0.0,7.2,11.8,0.5,28.12,35.54,1.5,0,1
2024,19,United States Grand Prix,VER,Red Bull Racing,2,0.0310000000000059,92.361,0.4,13.2,6.6,1.0,28.12,35.54,1.5,0,1
2024,19,United States Grand Prix,NOR,McLaren,1,0.0,92.33,0.6,18.0,18.8,0.5,28.12,35.54,1.5,0,0
2024,19,United States Grand Prix,PIA,McLaren,5,0.6200000000000045,92.95,0.8,17.6,18.0,0.0,28.12,35.54,1.5,0,0
2024,19,United States Grand Prix,RUS,Mercedes,20,0.6440000000000055,92.974,0.2,7.8,8.6,0.0,28.12,35.54,1.5,0,0
2024,19,United States Grand Prix,PER,Red Bull Racing,9,0.6899999999999977,93.02,0.0,4.0,8.8,0.0,28.12,35.54,1.5,0,0
2024,19,United States Grand Prix,HUL,Haas F1 Team,11,1.2139999999999986,93.544,0.0,0.4,0.6,0.0,28.12,35.54,1.5,0,0
2024,19,United States Grand Prix,LAW,RB,19,1.0090000000000003,93.339,0.0,0.4,0.0,0.0,28.12,35.54,1.5,0,0
2024,19,United States Grand Prix,COL,Williams,15,1.731999999999999,94.062,0.0,1.3333333333333333,2.0,0.0,28.12,35.54,1.5,0,0
2024,19,United States Grand Prix,MAG,Haas F1 Team,8,1.1509999999999962,93.481,0.0,0.2,1.4,0.0,28.12,35.54,1.5,0,0
2024,19,United States Grand Prix,GAS,Alpine,6,0.6880000000000024,93.018,0.0,0.4,0.0,0.0,28.12,35.54,1.5,0,0
2024,19,United States Grand Prix,ALO,Aston Martin,7,0.9789999999999992,93.309,0.0,3.4,2.4,0.0,28.12,35.54,1.5,0,0
2024,19,United States Grand Prix,TSU,RB,10,1.176000000000002,93.506,0.0,0.0,0.4,0.0,28.12,35.54,1.5,0,0
2024,19,United States Grand Prix,STR,Aston Martin,13,1.429000000000002,93.759,0.0,0.0,2.4,0.0,28.12,35.54,1.5,0,0
2024,19,United States Grand Prix,ALB,Williams,14,1.7210000000000036,94.051,0.0,1.6,2.2,0.0,28.12,35.54,1.5,0,0
2024,19,United States Grand Prix,BOT,Kick Sauber,16,1.8220000000000027,94.152,0.0,0.0,0.0,0.0,28.12,35.54,1.5,0,0
2024,19,United States Grand Prix,OCO,Alpine,12,1.266999999999996,93.597,0.0,0.4,0.0,0.0,28.12,35.54,1.5,0,0
2024,19,United States Grand Prix,ZHO,Kick Sauber,18,1.897999999999996,94.228,0.0,0.0,0.0,0.0,28.12,35.54,1.5,0,0
2024,19,United States Grand Prix,HAM,Mercedes,17,1.823999999999998,94.154,0.2,9.8,9.0,0.5,28.12,35.54,1.5,0,0
2024,20,Mexico City Grand Prix,SAI,Ferrari,1,0.0,75.946,0.2,9.2,11.8,0.0,19.89,51.05,2.15,0,1
2024,20,Mexico City Grand Prix,NOR,McLaren,3,0.3140000000000071,76.26,0.6,18.4,15.0,0.0,19.89,51.05,2.15,0,1
2024,20,Mexico City Grand Prix,LEC,Ferrari,4,0.3190000000000026,76.265,0.8,18.6,16.8,0.5,19.89,51.05,2.15,0,1
2024,20,Mexico City Grand Prix,HAM,Mercedes,6,0.7049999999999983,76.651,0.0,4.8,6.0,1.0,19.89,51.05,2.15,0,0
2024,20,Mexico City Grand Prix,RUS,Mercedes,5,0.4099999999999966,76.356,0.2,9.4,8.0,0.0,19.89,51.05,2.15,0,0
2024,20,Mexico City Grand Prix,VER,Red Bull Racing,2,0.2250000000000085,76.171,0.6,13.8,8.0,1.0,19.89,51.05,2.15,0,0
2024,20,Mexico City Grand Prix,MAG,Haas F1 Team,7,0.9399999999999976,76.886,0.0,0.2,1.2,0.0,19.89,51.05,2.15,0,0
2024,20,Mexico City Grand Prix,PIA,McLaren,17,1.6509999999999962,77.597,0.6,16.0,16.0,0.0,19.89,51.05,2.15,0,0
2024,20,Mexico City Grand Prix,HUL,Haas F1 Team,10,1.418999999999997,77.365,0.0,1.2,2.4,0.0,19.89,51.05,2.15,0,0
2024,20,Mexico City Grand Prix,GAS,Alpine,8,0.945999999999998,76.892,0.0,0.4,0.0,0.0,19.89,51.05,2.15,0,0
2024,20,Mexico City Grand Prix,STR,Aston Martin,14,1.347999999999999,77.294,0.0,0.0,0.8,0.0,19.89,51.05,2.15,0,0
2024,20,Mexico City Grand Prix,COL,Williams,16,1.612000000000009,77.558,0.0,1.25,1.0,0.0,19.89,51.05,2.15,0,0
2024,20,Mexico City Grand Prix,OCO,Alpine,0,1.6710000000000065,77.617,0.0,0.0,0.2,0.0,19.89,51.05,2.15,0,0
2024,20,Mexico City Grand Prix,BOT,Kick Sauber,15,1.8709999999999951,77.817,0.0,0.0,0.0,0.0,19.89,51.05,2.15,0,0
2024,20,Mexico City Grand Prix,ZHO,Kick Sauber,19,2.1260000000000048,78.072,0.0,0.0,0.0,0.0,19.89,51.05,2.15,0,0
2024,20,Mexico City Grand Prix,LAW,RB,12,1.2160000000000082,77.162,0.0,0.8,0.4,0.0,19.89,51.05,2.15,0,0
2024,20,Mexico City Grand Prix,PER,Red Bull Racing,18,1.6650000000000065,77.611,0.0,3.8,9.6,0.5,19.89,51.05,2.15,0,0
2024,20,Mexico City Grand Prix,ALO,Aston Martin,13,1.2220000000000084,77.168,0.0,2.6,0.8,0.0,19.89,51.05,2.15,0,0
2024,20,Mexico City Grand Prix,ALB,Williams,9,1.1189999999999998,77.065,0.0,1.6,0.2,0.0,19.89,51.05,2.15,0,0
2024,20,Mexico City Grand Prix,TSU,RB,11,1.183000000000007,77.129,0.0,0.0,0.4,0.0,19.89,51.05,2.15,0,0
2024,21,São Paulo Grand Prix,VER,Red Bull Racing,17,4.366,87.771,0.4,11.8,6.0,0.5,21.66,85.26,0.74,1,1
2024,21,São Paulo Grand Prix,OCO,Alpine,4,1.0699999999999932,84.475,0.0,0.0,0.2,0.0,21.66,85.26,0.74,1,1
2024,21,São Paulo Grand Prix,GAS,Alpine,13,5.0,89.614,0.0,0.2,3.8,0.0,21.66,85.26,0.74,1,1
2024,21,São Paulo Grand Prix,RUS,Mercedes,2,0.1730000000000018,83.578,0.2,10.2,7.6,0.5,21.66,85.26,0.74,1,0
2024,21,São Paulo Grand Prix,LEC,Ferrari,6,1.1200000000000043,84.525,0.8,18.8,18.0,0.0,21.66,85.26,0.74,1,0
2024,21,São Paulo Grand Prix,NOR,McLaren,1,0.0,83.405,0.6,16.8,11.8,0.5,21.66,85.26,0.74,1,0
2024,21,São Paulo Grand Prix,TSU,RB,3,0.7060000000000031,84.111,0.0,0.0,0.4,0.0,21.66,85.26,0.74,1,0
2024,21,São Paulo Grand Prix,PIA,McLaren,8,1.281000000000006,84.686,0.6,14.4,10.4,0.0,21.66,85.26,0.74,1,0
2024,21,São Paulo Grand Prix,LAW,RB,5,1.0789999999999935,84.484,0.0,0.8,1.6,0.0,21.66,85.26,0.74,1,0
2024,21,São Paulo Grand Prix,HAM,Mercedes,14,5.0,91.15,0.0,6.4,8.4,0.5,21.66,85.26,0.74,1,0
2024,21,São Paulo Grand Prix,PER,Red Bull Racing,12,4.753,88.158,0.0,2.2,11.0,0.0,21.66,85.26,0.74,1,0
2024,21,São Paulo Grand Prix,BEA,Haas F1 Team,15,5.0,91.229,0.0,3.5,2.4,0.0,21.66,85.26,0.74,1,0
2024,21,São Paulo Grand Prix,BOT,Kick Sauber,11,3.066999999999993,86.472,0.0,0.0,0.0,0.0,21.66,85.26,0.74,1,0
2024,21,São Paulo Grand Prix,ALO,Aston Martin,9,5.0,88.998,0.0,2.4,0.0,0.5,21.66,85.26,0.74,1,0
2024,21,São Paulo Grand Prix,ZHO,Kick Sauber,19,5.0,92.263,0.0,0.0,0.0,0.0,21.66,85.26,0.74,1,0
2024,21,São Paulo Grand Prix,SAI,Ferrari,20,5.0,89.406,0.4,12.2,18.8,0.5,21.66,85.26,0.74,1,0
2024,21,São Paulo Grand Prix,COL,Williams,16,5.0,91.27,0.0,1.0,0.2,0.0,21.66,85.26,0.74,1,0
2024,21,São Paulo Grand Prix,ALB,Williams,7,1.2519999999999951,84.657,0.0,1.6,0.2,0.0,21.66,85.26,0.74,1,0
2024,21,São Paulo Grand Prix,STR,Aston Martin,10,2.929000000000002,86.334,0.0,0.0,0.0,0.0,21.66,85.26,0.74,1,0
2024,21,São Paulo Grand Prix,HUL,Haas F1 Team,18,5.0,91.623,0.0,1.6,2.4,0.0,21.66,85.26,0.74,1,0
2024,22,Las Vegas Grand Prix,RUS,Mercedes,1,0.0,92.312,0.2,11.4,7.0,0.0,17.83,47.86,2.9,0,1
2024,22,Las Vegas Grand Prix,HAM,Mercedes,10,5.0,108.106,0.0,4.6,12.0,0.0,17.83,47.86,2.9,0,1
2024,22,Las Vegas Grand Prix,SAI,Ferrari,2,0.0979999999999989,92.41,0.4,9.8,13.8,0.0,17.83,47.86,2.9,0,1
2024,22,Las Vegas Grand Prix,LEC,Ferrari,4,0.4710000000000036,92.783,0.6,15.8,13.2,1.0,17.83,47.86,2.9,0,0
2024,22,Las Vegas Grand Prix,VER,Red Bull Racing,5,0.4849999999999994,92.797,0.6,15.4,8.0,1.0,17.83,47.86,2.9,0,0
2024,22,Las Vegas Grand Prix,NOR,McLaren,6,0.695999999999998,93.008,0.4,15.2,8.8,0.0,17.83,47.86,2.9,0,0
2024,22,Las Vegas Grand Prix,PIA,McLaren,8,0.7210000000000036,93.033,0.4,11.6,8.6,0.0,17.83,47.86,2.9,0,0
2024,22,Las Vegas Grand Prix,HUL,Haas F1 Team,9,0.75,93.062,0.0,1.6,1.6,0.0,17.83,47.86,2.9,0,0
2024,22,Las Vegas Grand Prix,TSU,RB,7,0.7169999999999987,93.029,0.0,1.2,1.6,0.0,17.83,47.86,2.9,0,0
2024,22,Las Vegas Grand Prix,PER,Red Bull Racing,15,1.8430000000000035,94.155,0.0,1.4,8.8,1.0,17.83,47.86,2.9,0,0
2024,22,Las Vegas Grand Prix,ALO,Aston Martin,16,1.945999999999998,94.258,0.0,2.4,0.0,0.0,17.83,47.86,2.9,0,0
2024,22,Las Vegas Grand Prix,MAG,Haas F1 Team,12,0.9849999999999994,93.297,0.0,1.4,2.4,0.0,17.83,47.86,2.9,0,0
2024,22,Las Vegas Grand Prix,ZHO,Kick Sauber,13,1.2540000000000049,93.566,0.0,0.0,0.0,0.0,17.83,47.86,2.9,0,0
2024,22,Las Vegas Grand Prix,COL,Williams,20,1.4369999999999976,93.749,0.0,1.0,0.0,0.0,17.83,47.86,2.9,0,0
2024,22,Las Vegas Grand Prix,STR,Aston Martin,18,2.171999999999997,94.484,0.0,0.0,0.0,0.0,17.83,47.86,2.9,0,0
2024,22,Las Vegas Grand Prix,LAW,RB,14,1.9450000000000076,94.257,0.0,0.8,2.0,0.0,17.83,47.86,2.9,0,0
2024,22,Las Vegas Grand Prix,OCO,Alpine,11,0.909000000000006,93.221,0.2,3.6,6.8,0.0,17.83,47.86,2.9,0,0
2024,22,Las Vegas Grand Prix,BOT,Kick Sauber,19,2.118000000000009,94.43,0.0,0.0,0.0,0.0,17.83,47.86,2.9,0,0
2024,22,Las Vegas Grand Prix,ALB,Williams,17,2.1129999999999995,94.425,0.0,1.2,0.0,0.0,17.83,47.86,2.9,0,0
2024,22,Las Vegas Grand Prix,GAS,Alpine,3,0.3520000000000038,92.664,0.2,3.2,6.8,0.0,17.83,47.86,2.9,0,0
2024,23,Qatar Grand Prix,VER,Red Bull Racing,2,0.0,80.52,0.6,15.4,7.4,1.0,18.93,57.25,1.66,0,1
2024,23,Qatar Grand Prix,LEC,Ferrari,5,0.3320000000000078,80.852,0.4,14.6,10.6,0.0,18.93,57.25,1.66,0,1
2024,23,Qatar Grand Prix,PIA,McLaren,4,0.3089999999999975,80.829,0.2,7.8,6.2,1.0,18.93,57.25,1.66,0,1
2024,23,Qatar Grand Prix,RUS,Mercedes,1,0.0550000000000068,80.575,0.2,13.4,13.2,0.0,18.93,57.25,1.66,0,0
2024,23,Qatar Grand Prix,GAS,Alpine,11,0.9170000000000016,81.437,0.2,3.2,6.6,0.0,18.93,57.25,1.66,0,0
2024,23,Qatar Grand Prix,SAI,Ferrari,7,0.5210000000000008,81.041,0.6,12.8,11.0,0.0,18.93,57.25,1.66,0,0
2024,23,Qatar Grand Prix,ALO,Aston Martin,8,0.7310000000000088,81.251,0.0,0.8,0.0,0.0,18.93,57.25,1.66,0,0
2024,23,Qatar Grand Prix,ZHO,Kick Sauber,12,0.9810000000000088,81.501,0.0,0.0,0.0,0.0,18.93,57.25,1.66,0,0
2024,23,Qatar Grand Prix,MAG,Haas F1 Team,10,0.980000000000004,81.5,0.0,1.4,1.2,0.0,18.93,57.25,1.66,0,0
2024,23,Qatar Grand Prix,NOR,McLaren,3,0.2520000000000095,80.772,0.4,14.4,8.4,1.0,18.93,57.25,1.66,0,0
2024,23,Qatar Grand Prix,BOT,Kick Sauber,13,1.2109999999999983,81.731,0.0,0.0,0.8,0.0,18.93,57.25,1.66,0,0
2024,23,Qatar Grand Prix,HAM,Mercedes,6,0.4909999999999996,81.011,0.2,7.8,13.6,0.0,18.93,57.25,1.66,0,0
2024,23,Qatar Grand Prix,TSU,RB,14,1.2510000000000048,81.771,0.0,1.6,2.0,0.0,18.93,57.25,1.66,0,0
2024,23,Qatar Grand Prix,LAW,RB,17,1.8910000000000051,82.411,0.0,0.8,2.0,0.0,18.93,57.25,1.66,0,0
2024,23,Qatar Grand Prix,ALB,Williams,16,1.8700000000000043,82.39,0.0,0.0,0.0,0.0,18.93,57.25,1.66,0,0
2024,23,Qatar Grand Prix,HUL,Haas F1 Team,18,1.921999999999997,82.442,0.0,2.4,1.2,0.0,18.93,57.25,1.66,0,0
2024,23,Qatar Grand Prix,PER,Red Bull Racing,9,0.9050000000000012,81.425,0.0,1.6,12.4,0.0,18.93,57.25,1.66,0,0
2024,23,Qatar Grand Prix,STR,Aston Martin,15,1.3910000000000051,81.911,0.0,0.0,1.2,0.0,18.93,57.25,1.66,0,0
2024,23,Qatar Grand Prix,COL,Williams,19,2.073999999999998,82.594,0.0,0.2,0.0,0.0,18.93,57.25,1.66,0,0
2024,23,Qatar Grand Prix,OCO,Alpine,20,2.1940000000000026,82.714,0.2,3.6,8.6,0.0,18.93,57.25,1.66,0,0
2024,24,Abu Dhabi Grand Prix,NOR,McLaren,1,0.0,82.595,0.2,9.8,7.2,0.0,26.77,51.45,1.9,0,1
2024,24,Abu Dhabi Grand Prix,SAI,Ferrari,3,0.2289999999999992,82.824,0.6,13.2,10.6,0.0,26.77,51.45,1.9,0,1
2024,24,Abu Dhabi Grand Prix,LEC,Ferrari,19,1.2379999999999995,83.833,0.6,16.2,14.2,1.0,26.77,51.45,1.9,0,1
2024,24,Abu Dhabi Grand Prix,HAM,Mercedes,16,1.2920000000000016,83.887,0.2,6.2,11.2,0.0,26.77,51.45,1.9,0,0
2024,24,Abu Dhabi Grand Prix,RUS,Mercedes,6,0.5370000000000061,83.132,0.2,13.4,13.4,0.5,26.77,51.45,1.9,0,0
2024,24,Abu Dhabi Grand Prix,VER,Red Bull Racing,4,0.3499999999999943,82.945,0.6,16.8,7.2,1.0,26.77,51.45,1.9,0,0
2024,24,Abu Dhabi Grand Prix,GAS,Alpine,5,0.3889999999999958,82.984,0.2,5.2,5.0,0.0,26.77,51.45,1.9,0,0
2024,24,Abu Dhabi Grand Prix,HUL,Haas F1 Team,7,0.2909999999999968,82.886,0.0,2.0,1.2,0.0,26.77,51.45,1.9,0,0
2024,24,Abu Dhabi Grand Prix,ALO,Aston Martin,8,0.6009999999999991,83.196,0.0,1.2,1.2,0.0,26.77,51.45,1.9,0,0
2024,24,Abu Dhabi Grand Prix,PIA,McLaren,2,0.2090000000000031,82.804,0.2,7.8,11.4,0.0,26.77,51.45,1.9,0,0
2024,24,Abu Dhabi Grand Prix,ALB,Williams,18,1.225999999999999,83.821,0.0,0.0,0.0,0.0,26.77,51.45,1.9,0,0
2024,24,Abu Dhabi Grand Prix,TSU,RB,11,0.8239999999999981,83.419,0.0,1.6,0.8,0.0,26.77,51.45,1.9,0,0
2024,24,Abu Dhabi Grand Prix,ZHO,Kick Sauber,15,1.2849999999999966,83.88,0.0,0.8,0.8,0.0,26.77,51.45,1.9,0,0
2024,24,Abu Dhabi Grand Prix,STR,Aston Martin,13,1.1890000000000072,83.784,0.0,0.0,1.6,0.0,26.77,51.45,1.9,0,0
2024,24,Abu Dhabi Grand Prix,DOO,Alpine,17,1.5100000000000051,84.105,0.0,0.0,3.2,0.0,26.77,51.45,1.9,0,0
2024,24,Abu Dhabi Grand Prix,MAG,Haas F1 Team,14,1.2819999999999965,83.877,0.0,1.6,2.0,0.0,26.77,51.45,1.9,0,0
2024,24,Abu Dhabi Grand Prix,LAW,RB,12,0.8769999999999953,83.472,0.0,0.8,0.4,0.0,26.77,51.45,1.9,0,0
2024,24,Abu Dhabi Grand Prix,BOT,Kick Sauber,9,0.6089999999999947,83.204,0.0,0.0,0.8,0.0,26.77,51.45,1.9,0,0
2024,24,Abu Dhabi Grand Prix,COL,Williams,20,1.3170000000000073,83.912,0.0,0.2,0.0,0.0,26.77,51.45,1.9,0,0
2024,24,Abu Dhabi Grand Prix,PER,Red Bull Racing,10,0.6689999999999969,83.264,0.0,1.4,8.8,0.5,26.77,51.45,1.9,0,0
2025,1,Australian Grand Prix,NOR,McLaren,1,0.0,75.096,0.4,12.4,9.8,0.3333333333333333,15.71,78.42,3.48,1,1
2025,1,Australian Grand Prix,VER,Red Bull Racing,3,0.3849999999999909,75.481,0.4,15.4,6.8,0.3333333333333333,15.71,78.42,3.48,1,1
2025,1,Australian Grand Prix,RUS,Mercedes,4,0.4500000000000028,75.546,0.2,13.8,10.4,0.3333333333333333,15.71,78.42,3.48,1,1
2025,1,Australian Grand Prix,ANT,Mercedes,16,1.429000000000002,76.525,0.0,0.0,9.8,0.0,15.71,78.42,3.48,1,0
2025,1,Australian Grand Prix,ALB,Williams,6,0.6409999999999911,75.737,0.0,0.0,0.0,0.0,15.71,78.42,3.48,1,0
2025,1,Australian Grand Prix,STR,Aston Martin,13,1.3870000000000005,76.483,0.0,0.0,1.6,0.0,15.71,78.42,3.48,1,0
2025,1,Australian Grand Prix,HUL,Kick Sauber,17,1.48299999999999,76.579,0.0,2.0,0.8,0.0,15.71,78.42,3.48,1,0
2025,1,Australian Grand Prix,LEC,Ferrari,7,0.6589999999999918,75.755,0.6,14.2,14.2,0.6666666666666666,15.71,78.42,3.48,1,0
2025,1,Australian Grand Prix,PIA,McLaren,2,0.0840000000000031,75.18,0.2,6.0,13.6,0.0,15.71,78.42,3.48,1,0
2025,1,Australian Grand Prix,HAM,Ferrari,8,0.8769999999999953,75.973,0.2,8.6,12.6,0.3333333333333333,15.71,78.42,3.48,1,0
2025,1,Australian Grand Prix,GAS,Alpine,9,0.8840000000000003,75.98,0.2,6.4,3.2,0.0,15.71,78.42,3.48,1,0
2025,1,Australian Grand Prix,TSU,Racing Bulls,5,0.5739999999999981,75.67,0.0,1.6,0.0,0.0,15.71,78.42,3.48,1,0
2025,1,Australian Grand Prix,OCO,Haas F1 Team,19,2.051000000000002,77.147,0.2,3.6,1.2,0.0,15.71,78.42,3.48,1,0
2025,1,Australian Grand Prix,LAW,Red Bull Racing,18,1.9979999999999905,77.094,0.0,0.4,10.2,0.0,15.71,78.42,3.48,1,0
2025,1,Australian Grand Prix,BOR,Kick Sauber,15,2.4239999999999924,77.52,0.0,0.0,2.0,0.0,15.71,78.42,3.48,1,0
2025,1,Australian Grand Prix,ALO,Aston Martin,12,1.356999999999999,76.453,0.0,1.6,3.2,0.3333333333333333,15.71,78.42,3.48,1,0
2025,1,Australian Grand Prix,SAI,Williams,10,0.965999999999994,76.062,0.6,13.2,2.0,0.3333333333333333,15.71,78.42,3.48,1,0
2025,1,Australian Grand Prix,DOO,Alpine,14,1.766999999999996,76.863,0.0,0.0,3.2,0.0,15.71,78.42,3.48,1,0
2025,1,Australian Grand Prix,HAD,Racing Bulls,11,1.0789999999999935,76.175,0.0,0.0,0.0,0.0,15.71,78.42,3.48,1,0
2025,2,Chinese Grand Prix,PIA,McLaren,1,0.0,90.641,0.2,5.6,11.0,0.0,27.22,18.23,2.19,0,1
2025,2,Chinese Grand Prix,NOR,McLaren,3,0.152000000000001,90.793,0.4,13.8,15.6,1.0,27.22,18.23,2.19,0,1
2025,2,Chinese Grand Prix,RUS,Mercedes,2,0.0819999999999936,90.723,0.4,14.8,9.8,0.0,27.22,18.23,2.19,0,1
2025,2,Chinese Grand Prix,VER,Red Bull Racing,4,0.1759999999999877,90.817,0.6,17.4,5.2,1.0,27.22,18.23,2.19,0,0
2025,2,Chinese Grand Prix,OCO,Haas F1 Team,11,0.9839999999999948,91.625,0.2,3.6,1.2,0.0,27.22,18.23,2.19,0,0
2025,2,Chinese Grand Prix,ANT,Mercedes,8,0.4619999999999891,91.103,0.0,12.0,12.8,0.0,27.22,18.23,2.19,0,0
2025,2,Chinese Grand Prix,ALB,Williams,10,1.0649999999999975,91.706,0.0,2.0,2.0,0.0,27.22,18.23,2.19,0,0
2025,2,Chinese Grand Prix,BEA,Haas F1 Team,17,1.3769999999999951,92.018,0.0,2.3333333333333335,2.8,0.0,27.22,18.23,2.19,0,0
2025,2,Chinese Grand Prix,STR,Aston Martin,14,1.1319999999999908,91.773,0.0,1.6,2.0,0.0,27.22,18.23,2.19,0,0
2025,2,Chinese Grand Prix,SAI,Williams,15,1.198999999999998,91.84,0.4,8.2,3.2,0.0,27.22,18.23,2.19,0,0
2025,2,Chinese Grand Prix,HAD,Racing Bulls,7,0.4379999999999882,91.079,0.0,0.0,0.0,0.0,27.22,18.23,2.19,0,0
2025,2,Chinese Grand Prix,LAW,Red Bull Racing,20,1.5330000000000013,92.174,0.0,0.4,7.6,0.0,27.22,18.23,2.19,0,0
2025,2,Chinese Grand Prix,DOO,Alpine,18,1.4509999999999934,92.092,0.0,0.0,1.2,0.0,27.22,18.23,2.19,0,0
2025,2,Chinese Grand Prix,BOR,Kick Sauber,19,1.5,92.141,0.0,0.0,1.2,0.0,27.22,18.23,2.19,0,0
2025,2,Chinese Grand Prix,HUL,Kick Sauber,12,0.9909999999999995,91.632,0.0,2.8,1.2,0.0,27.22,18.23,2.19,0,0
2025,2,Chinese Grand Prix,TSU,Racing Bulls,9,0.997,91.638,0.0,1.6,0.0,0.0,27.22,18.23,2.19,0,0
2025,2,Chinese Grand Prix,ALO,Aston Martin,13,1.046999999999997,91.688,0.0,1.6,2.4,0.0,27.22,18.23,2.19,0,0
2025,2,Chinese Grand Prix,LEC,Ferrari,6,0.3799999999999954,91.021,0.4,11.8,9.2,0.0,27.22,18.23,2.19,0,0
2025,2,Chinese Grand Prix,HAM,Ferrari,5,0.2860000000000013,90.927,0.2,6.4,7.6,0.0,27.22,18.23,2.19,0,0
2025,2,Chinese Grand Prix,GAS,Alpine,16,1.350999999999999,91.992,0.2,6.2,1.2,0.0,27.22,18.23,2.19,0,0
2025,3,Japanese Grand Prix,VER,Red Bull Racing,1,0.0,86.983,0.4,14.6,6.0,1.0,14.43,76.37,1.2,0,1
2025,3,Japanese Grand Prix,NOR,McLaren,2,0.0120000000000004,86.995,0.6,15.8,14.2,0.3333333333333333,14.43,76.37,1.2,0,1
2025,3,Japanese Grand Prix,PIA,McLaren,3,0.0439999999999969,87.027,0.4,9.8,17.6,0.5,14.43,76.37,1.2,0,1
2025,3,Japanese Grand Prix,LEC,Ferrari,4,0.3160000000000025,87.299,0.4,9.8,4.0,0.3333333333333333,14.43,76.37,1.2,0,0
2025,3,Japanese Grand Prix,RUS,Mercedes,5,0.3349999999999937,87.318,0.6,15.4,12.0,0.0,14.43,76.37,1.2,0,0
2025,3,Japanese Grand Prix,ANT,Mercedes,6,0.5720000000000027,87.555,0.0,10.0,12.0,0.0,14.43,76.37,1.2,0,0
2025,3,Japanese Grand Prix,HAM,Ferrari,8,0.6269999999999953,87.61,0.2,6.2,3.4,0.0,14.43,76.37,1.2,0,0
2025,3,Japanese Grand Prix,HAD,Racing Bulls,7,0.5859999999999985,87.569,0.0,0.0,0.0,0.0,14.43,76.37,1.2,0,0
2025,3,Japanese Grand Prix,ALB,Williams,9,0.6319999999999908,87.615,0.0,3.2,3.4,0.0,14.43,76.37,1.2,0,0
2025,3,Japanese Grand Prix,BEA,Haas F1 Team,10,0.8840000000000003,87.867,0.0,2.75,3.6,0.0,14.43,76.37,1.2,0,0
2025,3,Japanese Grand Prix,ALO,Aston Martin,12,0.9140000000000016,87.897,0.0,1.6,2.0,0.0,14.43,76.37,1.2,0,0
2025,3,Japanese Grand Prix,TSU,Red Bull Racing,14,1.016999999999996,88.0,0.0,0.4,11.0,0.0,14.43,76.37,1.2,0,0
2025,3,Japanese Grand Prix,GAS,Alpine,11,0.8389999999999986,87.822,0.0,3.2,0.0,0.0,14.43,76.37,1.2,0,0
2025,3,Japanese Grand Prix,SAI,Williams,15,0.8529999999999944,87.836,0.4,8.4,3.8,0.3333333333333333,14.43,76.37,1.2,0,0
2025,3,Japanese Grand Prix,DOO,Alpine,19,1.8939999999999912,88.877,0.0,0.0,0.0,0.0,14.43,76.37,1.2,0,0
2025,3,Japanese Grand Prix,HUL,Kick Sauber,16,1.586999999999989,88.57,0.0,2.8,1.2,0.0,14.43,76.37,1.2,0,0
2025,3,Japanese Grand Prix,LAW,Racing Bulls,13,0.9230000000000018,87.906,0.0,0.0,0.8,0.0,14.43,76.37,1.2,0,0
2025,3,Japanese Grand Prix,OCO,Haas F1 Team,18,1.712999999999994,88.696,0.2,5.6,3.0,0.0,14.43,76.37,1.2,0,0
2025,3,Japanese Grand Prix,BOR,Kick Sauber,17,1.6389999999999958,88.622,0.0,0.0,1.2,0.0,14.43,76.37,1.2,0,0
2025,3,Japanese Grand Prix,STR,Aston Martin,20,2.2879999999999967,89.271,0.0,2.0,2.0,0.0,14.43,76.37,1.2,0,0
2025,4,Bahrain Grand Prix,PIA,McLaren,1,0.0,89.841,0.6,11.6,15.6,0.0,27.05,45.33,2.11,0,1
2025,4,Bahrain Grand Prix,RUS,Mercedes,3,0.1680000000000063,90.009,0.4,12.4,10.6,0.0,27.05,45.33,2.11,0,1
2025,4,Bahrain Grand Prix,NOR,McLaren,6,0.4260000000000019,90.267,0.8,17.6,20.2,0.0,27.05,45.33,2.11,0,1
2025,4,Bahrain Grand Prix,LEC,Ferrari,2,0.3340000000000032,90.175,0.4,9.8,3.8,0.3333333333333333,27.05,45.33,2.11,0,0
2025,4,Bahrain Grand Prix,HAM,Ferrari,9,0.9310000000000116,90.772,0.0,3.8,6.0,0.3333333333333333,27.05,45.33,2.11,0,0
2025,4,Bahrain Grand Prix,VER,Red Bull Racing,7,0.5820000000000078,90.423,0.6,17.6,7.4,0.6666666666666666,27.05,45.33,2.11,0,0
2025,4,Bahrain Grand Prix,GAS,Alpine,4,0.375,90.216,0.0,3.2,0.0,0.0,27.05,45.33,2.11,0,0
2025,4,Bahrain Grand Prix,OCO,Haas F1 Team,14,1.753,91.594,0.0,2.0,3.0,0.0,27.05,45.33,2.11,0,0
2025,4,Bahrain Grand Prix,TSU,Red Bull Racing,10,1.4620000000000033,91.303,0.0,0.0,9.0,0.0,27.05,45.33,2.11,0,0
2025,4,Bahrain Grand Prix,BEA,Haas F1 Team,20,2.5320000000000107,92.373,0.0,2.4,3.8,0.0,27.05,45.33,2.11,0,0
2025,4,Bahrain Grand Prix,ANT,Mercedes,5,0.3719999999999999,90.213,0.0,9.333333333333334,11.8,0.0,27.05,45.33,2.11,0,0
2025,4,Bahrain Grand Prix,ALB,Williams,15,2.1990000000000123,92.04,0.0,3.6,1.8,0.0,27.05,45.33,2.11,0,0
2025,4,Bahrain Grand Prix,HAD,Racing Bulls,12,1.4300000000000068,91.271,0.0,1.3333333333333333,0.8,0.0,27.05,45.33,2.11,0,0
2025,4,Bahrain Grand Prix,DOO,Alpine,11,1.4040000000000106,91.245,0.0,0.0,1.2,0.0,27.05,45.33,2.11,0,0
2025,4,Bahrain Grand Prix,ALO,Aston Martin,13,2.0450000000000017,91.886,0.0,1.6,0.4,0.3333333333333333,27.05,45.33,2.11,0,0
2025,4,Bahrain Grand Prix,LAW,Racing Bulls,17,2.3240000000000123,92.165,0.0,0.0,0.8,0.0,27.05,45.33,2.11,0,0
2025,4,Bahrain Grand Prix,STR,Aston Martin,19,2.4420000000000077,92.283,0.0,2.0,0.4,0.0,27.05,45.33,2.11,0,0
2025,4,Bahrain Grand Prix,BOR,Kick Sauber,18,2.345000000000013,92.186,0.0,0.0,0.0,0.0,27.05,45.33,2.11,0,0
2025,4,Bahrain Grand Prix,SAI,Williams,8,0.8390000000000128,90.68,0.2,5.4,1.8,0.6666666666666666,27.05,45.33,2.11,0,0
2025,4,Bahrain Grand Prix,HUL,Kick Sauber,16,2.225999999999999,92.067,0.0,2.0,0.0,0.0,27.05,45.33,2.11,0,0
2025,5,Saudi Arabian Grand Prix,PIA,McLaren,2,0.0100000000000051,87.304,0.6,13.6,18.2,0.0,29.48,62.73,1.03,0,1
2025,5,Saudi Arabian Grand Prix,VER,Red Bull Racing,1,0.0,87.294,0.4,14.2,7.0,1.0,29.48,62.73,1.03,0,1
2025,5,Saudi Arabian Grand Prix,LEC,Ferrari,4,0.3760000000000048,87.67,0.2,8.6,8.0,0.6666666666666666,29.48,62.73,1.03,0,1
2025,5,Saudi Arabian Grand Prix,NOR,McLaren,10,0.1869999999999976,87.481,1.0,20.2,19.6,0.0,29.48,62.73,1.03,0,0
2025,5,Saudi Arabian Grand Prix,RUS,Mercedes,3,0.1129999999999995,87.407,0.6,13.6,8.8,0.0,29.48,62.73,1.03,0,0
2025,5,Saudi Arabian Grand Prix,ANT,Mercedes,5,0.5720000000000027,87.866,0.0,7.0,9.2,0.0,29.48,62.73,1.03,0,0
2025,5,Saudi Arabian Grand Prix,HAM,Ferrari,7,0.9069999999999964,88.201,0.0,5.8,11.0,0.0,29.48,62.73,1.03,0,0
2025,5,Saudi Arabian Grand Prix,SAI,Williams,6,0.8700000000000045,88.164,0.2,3.8,0.6,0.5,29.48,62.73,1.03,0,0
2025,5,Saudi Arabian Grand Prix,ALB,Williams,11,0.8149999999999977,88.109,0.0,3.6,1.2,0.0,29.48,62.73,1.03,0,0
2025,5,Saudi Arabian Grand Prix,HAD,Racing Bulls,14,1.1240000000000094,88.418,0.0,1.0,0.8,0.0,29.48,62.73,1.03,0,0
2025,5,Saudi Arabian Grand Prix,ALO,Aston Martin,13,1.0090000000000003,88.303,0.0,0.4,0.0,0.3333333333333333,29.48,62.73,1.03,0,0
2025,5,Saudi Arabian Grand Prix,LAW,Racing Bulls,12,0.8970000000000056,88.191,0.0,0.0,1.0,0.0,29.48,62.73,1.03,0,0
2025,5,Saudi Arabian Grand Prix,BEA,Haas F1 Team,15,1.3539999999999992,88.648,0.0,1.4,2.0,0.0,29.48,62.73,1.03,0,0
2025,5,Saudi Arabian Grand Prix,OCO,Haas F1 Team,19,1.7980000000000018,89.092,0.0,2.8,1.2,0.0,29.48,62.73,1.03,0,0
2025,5,Saudi Arabian Grand Prix,HUL,Kick Sauber,18,1.4879999999999995,88.782,0.0,2.0,0.0,0.0,29.48,62.73,1.03,0,0
2025,5,Saudi Arabian Grand Prix,STR,Aston Martin,16,1.350999999999999,88.645,0.0,2.0,0.0,0.0,29.48,62.73,1.03,0,0
2025,5,Saudi Arabian Grand Prix,DOO,Alpine,17,1.4450000000000074,88.739,0.0,0.0,1.2,0.0,29.48,62.73,1.03,0,0
2025,5,Saudi Arabian Grand Prix,BOR,Kick Sauber,20,2.1680000000000064,89.462,0.0,0.0,0.0,0.0,29.48,62.73,1.03,0,0
2025,5,Saudi Arabian Grand Prix,TSU,Red Bull Racing,8,0.9099999999999966,88.204,0.0,0.4,10.6,0.0,29.48,62.73,1.03,0,0
2025,5,Saudi Arabian Grand Prix,GAS,Alpine,9,1.0730000000000075,88.367,0.0,2.4,1.2,0.0,29.48,62.73,1.03,0,0
2025,6,Miami Grand Prix,PIA,McLaren,4,0.1710000000000064,86.375,0.8,18.4,18.4,0.0,26.57,63.02,1.05,1,1
2025,6,Miami Grand Prix,NOR,McLaren,2,0.0650000000000119,86.269,0.8,17.6,20.4,0.3333333333333333,26.57,63.02,1.05,1,1
2025,6,Miami Grand Prix,RUS,Mercedes,5,0.1810000000000116,86.385,0.6,13.6,8.8,0.0,26.57,63.02,1.05,1,1
2025,6,Miami Grand Prix,VER,Red Bull Racing,1,0.0,86.204,0.6,16.2,5.6,1.0,26.57,63.02,1.05,1,0
2025,6,Miami Grand Prix,ALB,Williams,7,0.4780000000000086,86.682,0.0,4.0,1.2,0.0,26.57,63.02,1.05,1,0
2025,6,Miami Grand Prix,ANT,Mercedes,3,0.0670000000000072,86.271,0.0,7.2,10.2,0.0,26.57,63.02,1.05,1,0
2025,6,Miami Grand Prix,LEC,Ferrari,8,0.5500000000000114,86.754,0.2,8.6,9.8,0.6666666666666666,26.57,63.02,1.05,1,0
2025,6,Miami Grand Prix,HAM,Ferrari,12,0.8020000000000067,87.006,0.0,4.6,9.8,0.0,26.57,63.02,1.05,1,0
2025,6,Miami Grand Prix,SAI,Williams,6,0.3650000000000091,86.569,0.0,1.0,3.2,0.3333333333333333,26.57,63.02,1.05,1,0
2025,6,Miami Grand Prix,TSU,Red Bull Racing,10,0.7390000000000043,86.943,0.0,0.4,8.0,0.0,26.57,63.02,1.05,1,0
2025,6,Miami Grand Prix,HAD,Racing Bulls,11,0.7830000000000013,86.987,0.0,1.0,0.2,0.0,26.57,63.02,1.05,1,0
2025,6,Miami Grand Prix,OCO,Haas F1 Team,9,0.6200000000000045,86.824,0.0,2.8,1.0,0.0,26.57,63.02,1.05,1,0
2025,6,Miami Grand Prix,GAS,Alpine,20,1.5060000000000002,87.71,0.0,1.2,1.2,0.0,26.57,63.02,1.05,1,0
2025,6,Miami Grand Prix,HUL,Kick Sauber,16,1.2690000000000057,87.473,0.0,1.2,0.0,0.0,26.57,63.02,1.05,1,0
2025,6,Miami Grand Prix,ALO,Aston Martin,17,1.4000000000000057,87.604,0.0,0.0,0.0,0.3333333333333333,26.57,63.02,1.05,1,0
2025,6,Miami Grand Prix,STR,Aston Martin,18,1.6260000000000048,87.83,0.0,2.0,0.0,0.0,26.57,63.02,1.05,1,0
2025,6,Miami Grand Prix,LAW,Racing Bulls,15,1.159000000000006,87.363,0.0,0.0,0.2,0.0,26.57,63.02,1.05,1,0
2025,6,Miami Grand Prix,BOR,Kick Sauber,13,0.9470000000000028,87.151,0.0,0.0,0.0,0.0,26.57,63.02,1.05,1,0
2025,6,Miami Grand Prix,BEA,Haas F1 Team,19,1.7950000000000017,87.999,0.0,1.2,1.0,0.0,26.57,63.02,1.05,1,0
2025,6,Miami Grand Prix,DOO,Alpine,14,0.9820000000000136,87.186,0.0,0.0,1.2,0.0,26.57,63.02,1.05,1,0
2025,7,Emilia Romagna Grand Prix,VER,Red Bull Racing,2,0.0339999999999918,74.704,0.4,15.0,6.6,1.0,23.96,38.31,3.25,0,1
2025,7,Emilia Romagna Grand Prix,NOR,McLaren,4,0.2920000000000016,74.962,0.8,16.2,19.0,1.0,23.96,38.31,3.25,0,1
2025,7,Emilia Romagna Grand Prix,PIA,McLaren,1,0.0,74.67,1.0,23.0,19.6,0.0,23.96,38.31,3.25,0,1
2025,7,Emilia Romagna Grand Prix,HAM,Ferrari,12,1.0949999999999989,75.765,0.0,5.2,8.2,0.0,23.96,38.31,3.25,0,0
2025,7,Emilia Romagna Grand Prix,ALB,Williams,7,0.8029999999999973,75.473,0.0,4.0,3.6,0.0,23.96,38.31,3.25,0,0
2025,7,Emilia Romagna Grand Prix,LEC,Ferrari,11,0.9339999999999976,75.604,0.2,9.0,8.6,0.5,23.96,38.31,3.25,0,0
2025,7,Emilia Romagna Grand Prix,RUS,Mercedes,3,0.1370000000000004,74.807,0.6,13.6,8.2,0.0,23.96,38.31,3.25,0,0
2025,7,Emilia Romagna Grand Prix,SAI,Williams,6,0.7620000000000005,75.432,0.0,1.4,5.6,0.0,23.96,38.31,3.25,0,0
2025,7,Emilia Romagna Grand Prix,HAD,Racing Bulls,9,1.0759999999999934,75.746,0.0,1.0,0.2,0.0,23.96,38.31,3.25,0,0
2025,7,Emilia Romagna Grand Prix,ALO,Aston Martin,5,0.7609999999999957,75.431,0.0,0.0,0.0,0.0,23.96,38.31,3.25,0,0
2025,7,Emilia Romagna Grand Prix,HUL,Kick Sauber,17,1.847999999999999,76.518,0.0,0.0,0.0,0.0,23.96,38.31,3.25,0,0
2025,7,Emilia Romagna Grand Prix,GAS,Alpine,10,1.1170000000000044,75.787,0.0,1.2,0.0,0.0,23.96,38.31,3.25,0,0
2025,7,Emilia Romagna Grand Prix,LAW,Racing Bulls,15,1.7090000000000032,76.379,0.0,0.0,0.6,0.0,23.96,38.31,3.25,0,0
2025,7,Emilia Romagna Grand Prix,STR,Aston Martin,8,0.9110000000000014,75.581,0.0,0.4,0.0,0.0,23.96,38.31,3.25,0,0
2025,7,Emilia Romagna Grand Prix,COL,Alpine,16,1.5859999999999983,76.256,0.0,0.0,0.0,0.0,23.96,38.31,3.25,0,0
2025,7,Emilia Romagna Grand Prix,BEA,Haas F1 Team,19,2.2480000000000047,76.918,0.0,1.2,0.2,0.0,23.96,38.31,3.25,0,0
2025,7,Emilia Romagna Grand Prix,BOR,Kick Sauber,14,1.5900000000000034,76.26,0.0,0.0,0.0,0.0,23.96,38.31,3.25,0,0
2025,7,Emilia Romagna Grand Prix,ANT,Mercedes,13,1.102000000000004,75.772,0.0,6.4,9.4,0.0,23.96,38.31,3.25,0,0
2025,7,Emilia Romagna Grand Prix,OCO,Haas F1 Team,18,1.9429999999999976,76.613,0.0,2.8,0.0,0.0,23.96,38.31,3.25,0,0
2025,8,Monaco Grand Prix,NOR,McLaren,1,0.0,69.954,0.8,16.2,17.6,0.0,22.21,52.52,0.98,0,1
2025,8,Monaco Grand Prix,LEC,Ferrari,2,0.1090000000000088,70.063,0.2,10.6,7.2,0.3333333333333333,22.21,52.52,0.98,0,1
2025,8,Monaco Grand Prix,PIA,McLaren,3,0.1750000000000113,70.129,1.0,21.0,20.2,0.5,22.21,52.52,0.98,0,1
2025,8,Monaco Grand Prix,VER,Red Bull Racing,4,0.7150000000000034,70.669,0.6,17.6,11.2,0.6666666666666666,22.21,52.52,0.98,0,0
2025,8,Monaco Grand Prix,HAM,Ferrari,7,0.4280000000000115,70.382,0.0,7.6,9.6,0.0,22.21,52.52,0.98,0,0
2025,8,Monaco Grand Prix,HAD,Racing Bulls,5,0.9690000000000084,70.923,0.0,1.4,0.4,0.0,22.21,52.52,0.98,0,0
2025,8,Monaco Grand Prix,OCO,Haas F1 Team,8,0.9879999999999995,70.942,0.0,0.8,0.0,0.3333333333333333,22.21,52.52,0.98,0,0
2025,8,Monaco Grand Prix,LAW,Racing Bulls,9,1.1750000000000114,71.129,0.0,0.0,2.0,0.0,22.21,52.52,0.98,0,0
2025,8,Monaco Grand Prix,ALB,Williams,10,1.2590000000000003,71.213,0.0,4.8,5.6,0.0,22.21,52.52,0.98,0,0
2025,8,Monaco Grand Prix,SAI,Williams,11,1.4080000000000013,71.362,0.0,2.0,5.6,0.6666666666666666,22.21,52.52,0.98,0,0
2025,8,Monaco Grand Prix,RUS,Mercedes,14,1.5530000000000117,71.507,0.4,11.8,7.4,0.0,22.21,52.52,0.98,0,0
2025,8,Monaco Grand Prix,BEA,Haas F1 Team,20,2.0250000000000057,71.979,0.0,0.4,1.2,0.0,22.21,52.52,0.98,0,0
2025,8,Monaco Grand Prix,COL,Alpine,18,2.6430000000000007,72.597,0.0,0.0,0.0,0.0,22.21,52.52,0.98,0,0
2025,8,Monaco Grand Prix,BOR,Kick Sauber,16,1.9480000000000075,71.902,0.0,0.0,0.0,0.0,22.21,52.52,0.98,0,0
2025,8,Monaco Grand Prix,STR,Aston Martin,19,2.609000000000009,72.563,0.0,0.0,0.0,0.0,22.21,52.52,0.98,0,0
2025,8,Monaco Grand Prix,HUL,Kick Sauber,13,1.64200000000001,71.596,0.0,0.0,0.0,0.0,22.21,52.52,0.98,0,0
2025,8,Monaco Grand Prix,TSU,Red Bull Racing,12,1.4610000000000127,71.415,0.0,0.6,10.0,0.0,22.21,52.52,0.98,0,0
2025,8,Monaco Grand Prix,ANT,Mercedes,15,1.926000000000002,71.88,0.0,4.8,5.8,0.0,22.21,52.52,0.98,0,0
2025,8,Monaco Grand Prix,ALO,Aston Martin,6,0.9700000000000132,70.924,0.0,0.0,0.0,0.3333333333333333,22.21,52.52,0.98,0,0
2025,8,Monaco Grand Prix,GAS,Alpine,17,2.0400000000000063,71.994,0.0,1.2,0.0,0.0,22.21,52.52,0.98,0,0
2025,9,Spanish Grand Prix,PIA,McLaren,1,0.0,71.546,1.0,21.0,18.2,0.0,29.12,54.63,1.63,0,1
2025,9,Spanish Grand Prix,NOR,McLaren,2,0.2089999999999889,71.755,0.8,17.6,19.6,0.3333333333333333,29.12,54.63,1.63,0,1
2025,9,Spanish Grand Prix,LEC,Ferrari,7,0.5849999999999937,72.131,0.4,11.8,10.4,0.0,29.12,54.63,1.63,0,1
2025,9,Spanish Grand Prix,RUS,Mercedes,4,0.3019999999999925,71.848,0.4,9.8,2.8,0.6666666666666666,29.12,54.63,1.63,0,0
2025,9,Spanish Grand Prix,HUL,Kick Sauber,15,1.6439999999999912,73.19,0.0,0.0,0.0,0.0,29.12,54.63,1.63,0,0
2025,9,Spanish Grand Prix,HAM,Ferrari,5,0.4989999999999952,72.045,0.0,8.4,12.6,0.6666666666666666,29.12,54.63,1.63,0,0
2025,9,Spanish Grand Prix,HAD,Racing Bulls,9,0.7059999999999889,72.252,0.0,2.2,2.8,0.0,29.12,54.63,1.63,0,0
2025,9,Spanish Grand Prix,GAS,Alpine,8,0.6529999999999916,72.199,0.0,1.2,0.0,0.0,29.12,54.63,1.63,0,0
2025,9,Spanish Grand Prix,ALO,Aston Martin,10,0.7379999999999995,72.284,0.0,0.0,0.0,0.0,29.12,54.63,1.63,0,0
2025,9,Spanish Grand Prix,VER,Red Bull Racing,3,0.3019999999999925,71.848,0.4,15.0,10.0,1.0,29.12,54.63,1.63,0,0
2025,9,Spanish Grand Prix,LAW,Racing Bulls,13,1.2169999999999987,72.763,0.0,0.8,4.0,0.0,29.12,54.63,1.63,0,0
2025,9,Spanish Grand Prix,BOR,Kick Sauber,12,1.2099999999999935,72.756,0.0,0.0,2.0,0.0,29.12,54.63,1.63,0,0
2025,9,Spanish Grand Prix,TSU,Red Bull Racing,19,1.8389999999999984,73.385,0.0,0.6,7.8,0.0,29.12,54.63,1.63,0,0
2025,9,Spanish Grand Prix,SAI,Williams,17,1.6569999999999965,73.203,0.0,2.2,3.8,0.0,29.12,54.63,1.63,0,0
2025,9,Spanish Grand Prix,COL,Alpine,18,1.7879999999999967,73.334,0.0,0.0,0.8,0.0,29.12,54.63,1.63,0,0
2025,9,Spanish Grand Prix,OCO,Haas F1 Team,16,1.654999999999987,73.201,0.0,2.0,1.2,0.0,29.12,54.63,1.63,0,0
2025,9,Spanish Grand Prix,BEA,Haas F1 Team,14,1.7689999999999912,73.315,0.0,0.2,1.2,0.0,29.12,54.63,1.63,0,0
2025,9,Spanish Grand Prix,ANT,Mercedes,6,0.5649999999999977,72.111,0.0,3.2,3.6,0.0,29.12,54.63,1.63,0,0
2025,9,Spanish Grand Prix,ALB,Williams,11,1.0949999999999989,72.641,0.0,4.8,3.4,0.0,29.12,54.63,1.63,0,0
2025,10,Canadian Grand Prix,RUS,Mercedes,1,0.0,70.899,0.2,8.6,2.4,0.3333333333333333,24.04,27.98,1.04,1,1
2025,10,Canadian Grand Prix,VER,Red Bull Racing,2,0.1599999999999966,71.059,0.4,13.6,7.6,1.0,24.04,27.98,1.04,1,1
2025,10,Canadian Grand Prix,ANT,Mercedes,4,0.4920000000000044,71.391,0.0,3.2,7.4,0.0,24.04,27.98,1.04,1,1
2025,10,Canadian Grand Prix,PIA,McLaren,3,0.2210000000000036,71.12,1.0,21.0,19.6,0.0,24.04,27.98,1.04,1,0
2025,10,Canadian Grand Prix,LEC,Ferrari,8,0.7830000000000013,71.682,0.6,12.4,11.8,0.0,24.04,27.98,1.04,1,0
2025,10,Canadian Grand Prix,HAM,Ferrari,5,0.6269999999999953,71.526,0.0,8.0,12.2,0.6666666666666666,24.04,27.98,1.04,1,0
2025,10,Canadian Grand Prix,ALO,Aston Martin,6,0.6869999999999976,71.586,0.0,0.4,0.4,0.3333333333333333,24.04,27.98,1.04,1,0
2025,10,Canadian Grand Prix,HUL,Kick Sauber,11,1.284000000000006,72.183,0.0,2.0,2.0,0.0,24.04,27.98,1.04,1,0
2025,10,Canadian Grand Prix,OCO,Haas F1 Team,14,1.7349999999999994,72.634,0.0,1.2,1.2,0.0,24.04,27.98,1.04,1,0
2025,10,Canadian Grand Prix,SAI,Williams,16,1.4989999999999952,72.398,0.0,2.2,1.4,0.3333333333333333,24.04,27.98,1.04,1,0
2025,10,Canadian Grand Prix,BEA,Haas F1 Team,13,1.4410000000000025,72.34,0.0,0.0,1.6,0.0,24.04,27.98,1.04,1,0
2025,10,Canadian Grand Prix,TSU,Red Bull Racing,18,1.203000000000003,72.102,0.0,0.6,6.2,0.0,24.04,27.98,1.04,1,0
2025,10,Canadian Grand Prix,COL,Alpine,10,1.242999999999995,72.142,0.0,0.0,0.8,0.0,24.04,27.98,1.04,1,0
2025,10,Canadian Grand Prix,BOR,Kick Sauber,15,1.4860000000000042,72.385,0.0,0.0,2.8,0.0,24.04,27.98,1.04,1,0
2025,10,Canadian Grand Prix,GAS,Alpine,20,1.768000000000001,72.667,0.0,0.8,0.8,0.0,24.04,27.98,1.04,1,0
2025,10,Canadian Grand Prix,HAD,Racing Bulls,12,0.9680000000000036,71.867,0.0,3.4,3.6,0.0,24.04,27.98,1.04,1,0
2025,10,Canadian Grand Prix,STR,Aston Martin,17,1.617999999999995,72.517,0.0,0.0,1.6,0.0,24.04,27.98,1.04,1,0
2025,10,Canadian Grand Prix,NOR,McLaren,7,0.7259999999999991,71.625,0.8,18.2,19.0,0.3333333333333333,24.04,27.98,1.04,1,0
2025,10,Canadian Grand Prix,LAW,Racing Bulls,19,1.6260000000000048,72.525,0.0,0.8,3.6,0.0,24.04,27.98,1.04,1,0
2025,10,Canadian Grand Prix,ALB,Williams,9,1.0079999999999956,71.907,0.0,4.8,0.8,0.0,24.04,27.98,1.04,1,0
2025,11,Austrian Grand Prix,NOR,McLaren,1,0.0,63.971,0.8,15.8,14.0,0.0,30.35,31.98,1.62,0,1
2025,11,Austrian Grand Prix,PIA,McLaren,3,0.5830000000000055,64.554,0.8,18.4,16.0,0.5,30.35,31.98,1.62,0,1
2025,11,Austrian Grand Prix,LEC,Ferrari,2,0.5210000000000079,64.492,0.4,11.4,10.2,0.6666666666666666,30.35,31.98,1.62,0,1
2025,11,Austrian Grand Prix,HAM,Ferrari,4,0.6109999999999971,64.582,0.0,8.4,11.2,0.3333333333333333,30.35,31.98,1.62,0,0
2025,11,Austrian Grand Prix,RUS,Mercedes,5,0.7920000000000087,64.763,0.4,11.6,10.4,0.3333333333333333,30.35,31.98,1.62,0,0
2025,11,Austrian Grand Prix,LAW,Racing Bulls,6,0.9550000000000054,64.926,0.0,0.8,2.0,0.0,30.35,31.98,1.62,0,0
2025,11,Austrian Grand Prix,ALO,Aston Martin,11,1.1570000000000036,65.128,0.0,1.6,1.6,0.0,30.35,31.98,1.62,0,0
2025,11,Austrian Grand Prix,BOR,Kick Sauber,8,1.1610000000000085,65.132,0.0,0.0,2.8,0.0,30.35,31.98,1.62,0,0
2025,11,Austrian Grand Prix,HUL,Kick Sauber,20,1.634999999999998,65.606,0.0,2.8,3.6,0.0,30.35,31.98,1.62,0,0
2025,11,Austrian Grand Prix,OCO,Haas F1 Team,17,1.3930000000000078,65.364,0.0,1.6,0.4,0.0,30.35,31.98,1.62,0,0
2025,11,Austrian Grand Prix,BEA,Haas F1 Team,15,1.341000000000001,65.312,0.0,0.0,0.6,0.0,30.35,31.98,1.62,0,0
2025,11,Austrian Grand Prix,HAD,Racing Bulls,13,1.2550000000000026,65.226,0.0,3.2,2.8,0.0,30.35,31.98,1.62,0,0
2025,11,Austrian Grand Prix,GAS,Alpine,10,1.6780000000000044,65.649,0.0,0.8,0.8,0.0,30.35,31.98,1.62,0,0
2025,11,Austrian Grand Prix,STR,Aston Martin,16,1.357999999999997,65.329,0.0,0.0,2.8,0.0,30.35,31.98,1.62,0,0
2025,11,Austrian Grand Prix,COL,Alpine,14,1.3170000000000002,65.288,0.0,0.0,0.8,0.0,30.35,31.98,1.62,0,0
2025,11,Austrian Grand Prix,TSU,Red Bull Racing,18,1.3980000000000032,65.369,0.0,0.2,3.8,0.0,30.35,31.98,1.62,0,0
2025,11,Austrian Grand Prix,ALB,Williams,12,1.2340000000000018,65.205,0.0,4.4,0.4,0.0,30.35,31.98,1.62,0,0
2025,11,Austrian Grand Prix,VER,Red Bull Racing,7,0.9580000000000056,64.929,0.4,13.6,3.8,0.6666666666666666,30.35,31.98,1.62,0,0
2025,11,Austrian Grand Prix,ANT,Mercedes,9,1.3049999999999995,65.276,0.2,4.6,12.4,0.0,30.35,31.98,1.62,0,0
2025,11,Austrian Grand Prix,SAI,Williams,19,1.610999999999997,65.582,0.0,1.6,0.2,0.3333333333333333,30.35,31.98,1.62,0,0
2025,12,British Grand Prix,NOR,McLaren,3,0.1180000000000092,85.01,0.8,17.2,14.6,0.6666666666666666,17.92,78.37,1.48,1,1
2025,12,British Grand Prix,PIA,McLaren,2,0.1030000000000086,84.995,0.8,17.0,16.0,0.0,17.92,78.37,1.48,1,1
2025,12,British Grand Prix,HUL,Kick Sauber,19,1.6820000000000022,86.574,0.0,3.2,2.0,0.0,17.92,78.37,1.48,1,1
2025,12,British Grand Prix,HAM,Ferrari,5,0.2030000000000029,85.095,0.0,10.0,10.6,1.0,17.92,78.37,1.48,1,0
2025,12,British Grand Prix,VER,Red Bull Racing,1,0.0,84.892,0.4,11.2,3.6,0.6666666666666666,17.92,78.37,1.48,1,0
2025,12,British Grand Prix,GAS,Alpine,8,0.8930000000000007,85.785,0.0,0.8,0.0,0.0,17.92,78.37,1.48,1,0
2025,12,British Grand Prix,STR,Aston Martin,17,1.612000000000009,86.504,0.0,0.0,2.8,0.0,17.92,78.37,1.48,1,0
2025,12,British Grand Prix,ALB,Williams,13,0.997,85.889,0.0,2.4,0.2,0.0,17.92,78.37,1.48,1,0
2025,12,British Grand Prix,ALO,Aston Martin,7,0.7289999999999992,85.621,0.0,2.8,3.6,0.0,17.92,78.37,1.48,1,0
2025,12,British Grand Prix,RUS,Mercedes,4,0.1370000000000004,85.029,0.2,10.6,10.0,0.0,17.92,78.37,1.48,1,0
2025,12,British Grand Prix,BEA,Haas F1 Team,18,0.5790000000000077,85.471,0.0,0.0,0.6,0.0,17.92,78.37,1.48,1,0
2025,12,British Grand Prix,SAI,Williams,9,0.8539999999999992,85.746,0.0,1.2,1.0,0.3333333333333333,17.92,78.37,1.48,1,0
2025,12,British Grand Prix,OCO,Haas F1 Team,14,1.058000000000007,85.95,0.0,1.8,0.6,0.0,17.92,78.37,1.48,1,0
2025,12,British Grand Prix,LEC,Ferrari,6,0.2289999999999992,85.121,0.6,13.2,11.4,0.0,17.92,78.37,1.48,1,0
2025,12,British Grand Prix,TSU,Red Bull Racing,11,0.9339999999999976,85.826,0.0,0.2,5.6,0.0,17.92,78.37,1.48,1,0
2025,12,British Grand Prix,ANT,Mercedes,10,0.4819999999999993,85.374,0.2,3.0,10.2,0.0,17.92,78.37,1.48,1,0
2025,12,British Grand Prix,HAD,Racing Bulls,12,0.9720000000000084,85.864,0.0,3.2,1.6,0.0,17.92,78.37,1.48,1,0
2025,12,British Grand Prix,BOR,Kick Sauber,16,1.554000000000002,86.446,0.0,0.8,5.0,0.0,17.92,78.37,1.48,1,0
2025,12,British Grand Prix,LAW,Racing Bulls,15,1.5480000000000018,86.44,0.0,2.4,1.6,0.0,17.92,78.37,1.48,1,0
2025,12,British Grand Prix,COL,Alpine,20,2.1680000000000064,87.06,0.0,0.0,1.6,0.0,17.92,78.37,1.48,1,0
2025,13,Belgian Grand Prix,PIA,McLaren,2,0.0850000000000079,100.647,0.8,17.6,17.2,0.5,17.03,84.44,1.45,1,1
2025,13,Belgian Grand Prix,NOR,McLaren,1,0.0,100.562,0.8,18.6,22.2,0.0,17.03,84.44,1.45,1,1
2025,13,Belgian Grand Prix,LEC,Ferrari,3,0.338000000000008,100.9,0.6,11.6,9.4,0.6666666666666666,17.03,84.44,1.45,1,1
2025,13,Belgian Grand Prix,VER,Red Bull Racing,4,0.3410000000000082,100.903,0.2,8.2,2.0,0.6666666666666666,17.03,84.44,1.45,1,0
2025,13,Belgian Grand Prix,RUS,Mercedes,6,0.6980000000000075,101.26,0.2,9.6,5.2,0.0,17.03,84.44,1.45,1,0
2025,13,Belgian Grand Prix,ALB,Williams,5,0.6389999999999958,101.201,0.0,1.2,0.8,0.0,17.03,84.44,1.45,1,0
2025,13,Belgian Grand Prix,HAM,Ferrari,18,1.3769999999999951,101.939,0.0,10.0,10.8,0.3333333333333333,17.03,84.44,1.45,1,0
2025,13,Belgian Grand Prix,LAW,Racing Bulls,9,0.7660000000000053,101.328,0.0,2.4,1.6,0.0,17.03,84.44,1.45,1,0
2025,13,Belgian Grand Prix,BOR,Kick Sauber,10,1.8250000000000028,102.387,0.0,0.8,4.2,0.0,17.03,84.44,1.45,1,0
2025,13,Belgian Grand Prix,GAS,Alpine,13,1.070999999999998,101.633,0.0,2.4,1.6,0.0,17.03,84.44,1.45,1,0
2025,13,Belgian Grand Prix,BEA,Haas F1 Team,12,1.0550000000000068,101.617,0.0,0.0,0.2,0.0,17.03,84.44,1.45,1,0
2025,13,Belgian Grand Prix,HUL,Kick Sauber,14,1.144999999999996,101.707,0.2,6.2,4.6,0.0,17.03,84.44,1.45,1,0
2025,13,Belgian Grand Prix,TSU,Red Bull Racing,7,0.7220000000000084,101.284,0.0,0.0,4.4,0.0,17.03,84.44,1.45,1,0
2025,13,Belgian Grand Prix,STR,Aston Martin,16,1.9399999999999975,102.502,0.0,1.2,2.8,0.0,17.03,84.44,1.45,1,0
2025,13,Belgian Grand Prix,OCO,Haas F1 Team,11,0.963000000000008,101.525,0.0,1.8,0.2,0.0,17.03,84.44,1.45,1,0
2025,13,Belgian Grand Prix,ANT,Mercedes,19,1.5769999999999982,102.139,0.2,3.0,4.2,0.0,17.03,84.44,1.45,1,0
2025,13,Belgian Grand Prix,ALO,Aston Martin,20,1.8230000000000075,102.385,0.0,3.2,2.8,0.0,17.03,84.44,1.45,1,0
2025,13,Belgian Grand Prix,SAI,Williams,17,1.195999999999998,101.758,0.0,0.4,2.4,0.3333333333333333,17.03,84.44,1.45,1,0
2025,13,Belgian Grand Prix,COL,Alpine,15,1.460000000000008,102.022,0.0,0.0,1.8,0.0,17.03,84.44,1.45,1,0
2025,13,Belgian Grand Prix,HAD,Racing Bulls,8,0.7480000000000047,101.31,0.0,2.8,2.4,0.0,17.03,84.44,1.45,1,0
2025,14,Hungarian Grand Prix,NOR,McLaren,3,0.0409999999999968,75.413,0.8,17.2,20.8,0.6666666666666666,22.08,57.24,2.15,0,1
2025,14,Hungarian Grand Prix,PIA,McLaren,2,0.0259999999999962,75.398,0.8,19.6,22.2,0.5,22.08,57.24,2.15,0,1
2025,14,Hungarian Grand Prix,RUS,Mercedes,4,0.0529999999999972,75.425,0.2,11.6,2.2,0.3333333333333333,22.08,57.24,2.15,0,1
2025,14,Hungarian Grand Prix,LEC,Ferrari,1,0.0,75.372,0.6,11.0,9.0,0.0,22.08,57.24,2.15,0,0
2025,14,Hungarian Grand Prix,ALO,Aston Martin,5,0.1089999999999946,75.481,0.0,3.2,1.6,0.0,22.08,57.24,2.15,0,0
2025,14,Hungarian Grand Prix,BOR,Kick Sauber,7,0.3529999999999944,75.725,0.0,1.2,3.8,0.0,22.08,57.24,2.15,0,0
2025,14,Hungarian Grand Prix,STR,Aston Martin,6,0.1260000000000047,75.498,0.0,1.2,3.6,0.0,22.08,57.24,2.15,0,0
2025,14,Hungarian Grand Prix,LAW,Racing Bulls,9,0.448999999999998,75.821,0.0,2.4,0.8,0.0,22.08,57.24,2.15,0,0
2025,14,Hungarian Grand Prix,VER,Red Bull Racing,8,0.3559999999999945,75.728,0.2,8.2,4.4,0.6666666666666666,22.08,57.24,2.15,0,0
2025,14,Hungarian Grand Prix,ANT,Mercedes,15,1.0139999999999958,76.386,0.2,3.0,5.2,0.0,22.08,57.24,2.15,0,0
2025,14,Hungarian Grand Prix,HAD,Racing Bulls,10,0.5430000000000064,75.915,0.0,1.2,1.6,0.0,22.08,57.24,2.15,0,0
2025,14,Hungarian Grand Prix,HAM,Ferrari,12,0.3299999999999983,75.702,0.0,9.2,9.0,0.6666666666666666,22.08,57.24,2.15,0,0
2025,14,Hungarian Grand Prix,HUL,Kick Sauber,18,0.7090000000000032,76.081,0.2,6.2,5.0,0.0,22.08,57.24,2.15,0,0
2025,14,Hungarian Grand Prix,SAI,Williams,13,0.409000000000006,75.781,0.0,0.2,2.4,0.0,22.08,57.24,2.15,0,0
2025,14,Hungarian Grand Prix,ALB,Williams,19,0.8509999999999991,76.223,0.0,2.4,2.4,0.0,22.08,57.24,2.15,0,0
2025,14,Hungarian Grand Prix,OCO,Haas F1 Team,17,0.6509999999999962,76.023,0.0,0.6,0.0,0.0,22.08,57.24,2.15,0,0
2025,14,Hungarian Grand Prix,TSU,Red Bull Racing,20,0.527000000000001,75.899,0.0,0.0,4.8,0.0,22.08,57.24,2.15,0,0
2025,14,Hungarian Grand Prix,COL,Alpine,14,0.7870000000000061,76.159,0.0,0.0,1.8,0.0,22.08,57.24,2.15,0,0
2025,14,Hungarian Grand Prix,GAS,Alpine,16,0.5939999999999941,75.966,0.0,2.6,1.8,0.0,22.08,57.24,2.15,0,0
2025,14,Hungarian Grand Prix,BEA,Haas F1 Team,11,0.3220000000000027,75.694,0.0,0.0,0.0,0.0,22.08,57.24,2.15,0,0
2025,15,Dutch Grand Prix,PIA,McLaren,1,0.0,68.662,0.8,18.2,20.8,0.0,20.08,71.18,2.17,0,1
2025,15,Dutch Grand Prix,VER,Red Bull Racing,3,0.262999999999991,68.925,0.2,8.4,2.8,1.0,20.08,71.18,2.17,0,1
2025,15,Dutch Grand Prix,HAD,Racing Bulls,4,0.5459999999999923,69.208,0.0,0.0,1.6,0.0,20.08,71.18,2.17,0,1
2025,15,Dutch Grand Prix,RUS,Mercedes,5,0.5929999999999893,69.255,0.4,12.2,5.2,0.3333333333333333,20.08,71.18,2.17,0,0
2025,15,Dutch Grand Prix,ALB,Williams,15,0.9899999999999948,69.652,0.0,2.4,1.6,0.0,20.08,71.18,2.17,0,0
2025,15,Dutch Grand Prix,BEA,Haas F1 Team,20,1.5999999999999943,70.262,0.0,0.0,0.0,0.0,20.08,71.18,2.17,0,0
2025,15,Dutch Grand Prix,ALO,Aston Martin,10,0.9679999999999892,69.63,0.0,4.8,3.6,0.3333333333333333,20.08,71.18,2.17,0,0
2025,15,Dutch Grand Prix,TSU,Red Bull Racing,12,0.9599999999999936,69.622,0.0,0.0,6.4,0.0,20.08,71.18,2.17,0,0
2025,15,Dutch Grand Prix,OCO,Haas F1 Team,18,1.5349999999999966,70.197,0.0,0.6,1.6,0.0,20.08,71.18,2.17,0,0
2025,15,Dutch Grand Prix,COL,Alpine,16,1.441999999999993,70.104,0.0,0.0,0.2,0.0,20.08,71.18,2.17,0,0
2025,15,Dutch Grand Prix,LAW,Racing Bulls,8,0.8379999999999939,69.5,0.0,3.2,4.6,0.0,20.08,71.18,2.17,0,0
2025,15,Dutch Grand Prix,SAI,Williams,9,0.8429999999999893,69.505,0.0,0.2,3.6,0.0,20.08,71.18,2.17,0,0
2025,15,Dutch Grand Prix,HUL,Kick Sauber,17,1.532999999999987,70.195,0.2,4.2,2.0,0.0,20.08,71.18,2.17,0,0
2025,15,Dutch Grand Prix,BOR,Kick Sauber,13,0.9599999999999936,69.622,0.0,2.8,2.0,0.0,20.08,71.18,2.17,0,0
2025,15,Dutch Grand Prix,ANT,Mercedes,11,0.8309999999999889,69.493,0.2,3.2,7.6,0.0,20.08,71.18,2.17,0,0
2025,15,Dutch Grand Prix,GAS,Alpine,14,0.9749999999999944,69.637,0.0,1.8,0.2,0.3333333333333333,20.08,71.18,2.17,0,0
2025,15,Dutch Grand Prix,NOR,McLaren,2,0.0120000000000004,68.674,0.8,18.6,22.2,0.3333333333333333,20.08,71.18,2.17,0,0
2025,15,Dutch Grand Prix,LEC,Ferrari,6,0.6779999999999973,69.34,0.4,10.4,6.6,0.6666666666666666,20.08,71.18,2.17,0,0
2025,15,Dutch Grand Prix,HAM,Ferrari,7,0.7279999999999944,69.39,0.0,7.6,6.6,0.0,20.08,71.18,2.17,0,0
2025,16,Italian Grand Prix,VER,Red Bull Racing,1,0.0,78.792,0.2,8.4,4.4,0.6666666666666666,26.76,42.6,1.96,0,1
2025,16,Italian Grand Prix,NOR,McLaren,2,0.0769999999999981,78.869,0.8,18.6,17.2,0.3333333333333333,26.76,42.6,1.96,0,1
2025,16,Italian Grand Prix,PIA,McLaren,3,0.1899999999999977,78.982,1.0,20.8,17.2,0.5,26.76,42.6,1.96,0,1
2025,16,Italian Grand Prix,LEC,Ferrari,4,0.2150000000000034,79.007,0.4,8.4,3.6,0.6666666666666666,26.76,42.6,1.96,0,0
2025,16,Italian Grand Prix,RUS,Mercedes,5,0.3649999999999949,79.157,0.2,9.6,5.6,0.3333333333333333,26.76,42.6,1.96,0,0
2025,16,Italian Grand Prix,HAM,Ferrari,10,0.3319999999999936,79.124,0.0,6.0,4.8,0.0,26.76,42.6,1.96,0,0
2025,16,Italian Grand Prix,ALB,Williams,14,0.7909999999999968,79.583,0.0,4.4,2.0,0.0,26.76,42.6,1.96,0,0
2025,16,Italian Grand Prix,BOR,Kick Sauber,7,0.597999999999999,79.39,0.0,2.8,1.6,0.0,26.76,42.6,1.96,0,0
2025,16,Italian Grand Prix,ANT,Mercedes,6,0.4080000000000012,79.2,0.0,0.2,7.6,0.0,26.76,42.6,1.96,0,0
2025,16,Italian Grand Prix,HAD,Racing Bulls,19,1.125,79.917,0.2,3.0,3.8,0.0,26.76,42.6,1.96,0,0
2025,16,Italian Grand Prix,SAI,Williams,13,0.7360000000000042,79.528,0.0,0.0,3.2,0.3333333333333333,26.76,42.6,1.96,0,0
2025,16,Italian Grand Prix,BEA,Haas F1 Team,11,0.6539999999999964,79.446,0.0,1.6,1.8,0.0,26.76,42.6,1.96,0,0
2025,16,Italian Grand Prix,TSU,Red Bull Racing,9,0.7270000000000039,79.519,0.0,0.4,9.4,0.0,26.76,42.6,1.96,0,0
2025,16,Italian Grand Prix,LAW,Racing Bulls,18,1.4869999999999948,80.279,0.0,3.2,4.0,0.0,26.76,42.6,1.96,0,0
2025,16,Italian Grand Prix,OCO,Haas F1 Team,15,0.914999999999992,79.707,0.0,0.4,1.8,0.0,26.76,42.6,1.96,0,0
2025,16,Italian Grand Prix,GAS,Alpine,20,1.3109999999999928,80.103,0.0,1.8,0.0,0.0,26.76,42.6,1.96,0,0
2025,16,Italian Grand Prix,COL,Alpine,17,1.2000000000000028,79.992,0.0,0.0,0.0,0.0,26.76,42.6,1.96,0,0
2025,16,Italian Grand Prix,STR,Aston Martin,16,1.1559999999999917,79.948,0.0,2.4,4.0,0.0,26.76,42.6,1.96,0,0
2025,16,Italian Grand Prix,ALO,Aston Martin,8,0.632000000000005,79.424,0.0,4.4,4.0,0.0,26.76,42.6,1.96,0,0
2025,16,Italian Grand Prix,HUL,Kick Sauber,12,0.7060000000000031,79.498,0.2,3.4,2.4,0.0,26.76,42.6,1.96,0,0
2025,17,Azerbaijan Grand Prix,VER,Red Bull Racing,1,0.0,101.117,0.4,13.4,9.0,0.6666666666666666,20.55,59.83,1.51,0,1
2025,17,Azerbaijan Grand Prix,RUS,Mercedes,5,0.9529999999999887,102.07,0.2,9.6,5.0,0.6666666666666666,20.55,59.83,1.51,0,1
2025,17,Azerbaijan Grand Prix,SAI,Williams,2,0.4779999999999944,101.595,0.0,0.0,3.2,0.0,20.55,59.83,1.51,0,1
2025,17,Azerbaijan Grand Prix,ANT,Mercedes,4,0.5999999999999943,101.717,0.0,0.6,8.4,0.0,20.55,59.83,1.51,0,0
2025,17,Azerbaijan Grand Prix,LAW,Racing Bulls,3,0.5899999999999892,101.707,0.0,1.6,3.2,0.0,20.55,59.83,1.51,0,0
2025,17,Azerbaijan Grand Prix,TSU,Red Bull Racing,6,1.0259999999999962,102.143,0.0,0.4,14.0,0.0,20.55,59.83,1.51,0,0
2025,17,Azerbaijan Grand Prix,NOR,McLaren,7,1.122,102.239,0.8,17.2,15.2,0.0,20.55,59.83,1.51,0,0
2025,17,Azerbaijan Grand Prix,HAM,Ferrari,12,1.0660000000000025,102.183,0.0,5.2,4.0,0.0,20.55,59.83,1.51,0,0
2025,17,Azerbaijan Grand Prix,LEC,Ferrari,10,0.402000000000001,101.519,0.2,7.8,4.8,0.6666666666666666,20.55,59.83,1.51,0,0
2025,17,Azerbaijan Grand Prix,HAD,Racing Bulls,8,1.2549999999999957,102.372,0.2,3.2,5.2,0.0,20.55,59.83,1.51,0,0
2025,17,Azerbaijan Grand Prix,BOR,Kick Sauber,13,1.1599999999999966,102.277,0.0,2.8,0.8,0.0,20.55,59.83,1.51,0,0
2025,17,Azerbaijan Grand Prix,BEA,Haas F1 Team,15,1.5489999999999924,102.666,0.0,1.6,1.8,0.0,20.55,59.83,1.51,0,0
2025,17,Azerbaijan Grand Prix,ALB,Williams,19,2.6610000000000014,103.778,0.0,5.6,6.2,0.0,20.55,59.83,1.51,0,0
2025,17,Azerbaijan Grand Prix,ALO,Aston Martin,11,0.7399999999999949,101.857,0.0,3.2,4.0,0.0,20.55,59.83,1.51,0,0
2025,17,Azerbaijan Grand Prix,HUL,Kick Sauber,17,1.7989999999999924,102.916,0.2,3.0,0.8,0.0,20.55,59.83,1.51,0,0
2025,17,Azerbaijan Grand Prix,STR,Aston Martin,14,1.9440000000000024,103.061,0.0,2.4,2.0,0.0,20.55,59.83,1.51,0,0
2025,17,Azerbaijan Grand Prix,GAS,Alpine,18,2.021999999999992,103.139,0.0,1.8,0.0,0.0,20.55,59.83,1.51,0,0
2025,17,Azerbaijan Grand Prix,COL,Alpine,16,1.661999999999992,102.779,0.0,0.0,0.0,0.0,20.55,59.83,1.51,0,0
2025,17,Azerbaijan Grand Prix,PIA,McLaren,9,0.296999999999997,101.414,1.0,20.2,12.8,0.5,20.55,59.83,1.51,0,0
2025,18,Singapore Grand Prix,RUS,Mercedes,1,0.0,89.158,0.4,13.0,8.4,0.0,29.07,74.36,1.11,1,1
2025,18,Singapore Grand Prix,VER,Red Bull Racing,2,0.1820000000000021,89.34,0.6,16.4,12.0,0.3333333333333333,29.07,74.36,1.11,1,1
2025,18,Singapore Grand Prix,NOR,McLaren,5,0.4279999999999972,89.586,0.6,13.4,7.8,0.6666666666666666,29.07,74.36,1.11,1,1
2025,18,Singapore Grand Prix,PIA,McLaren,3,0.3659999999999996,89.524,0.8,16.6,10.8,0.5,29.07,74.36,1.11,1,0
2025,18,Singapore Grand Prix,ANT,Mercedes,4,0.3790000000000049,89.537,0.0,3.0,13.4,0.0,29.07,74.36,1.11,1,0
2025,18,Singapore Grand Prix,LEC,Ferrari,7,0.6260000000000048,89.784,0.2,8.2,5.2,0.3333333333333333,29.07,74.36,1.11,1,0
2025,18,Singapore Grand Prix,ALO,Aston Martin,10,0.796999999999997,89.955,0.0,2.8,0.8,0.0,29.07,74.36,1.11,1,0
2025,18,Singapore Grand Prix,HAM,Ferrari,6,0.5300000000000011,89.688,0.0,3.6,6.8,0.3333333333333333,29.07,74.36,1.11,1,0
2025,18,Singapore Grand Prix,BEA,Haas F1 Team,9,0.7099999999999937,89.868,0.0,1.6,1.8,0.0,29.07,74.36,1.11,1,0
2025,18,Singapore Grand Prix,HAD,Racing Bulls,8,0.6880000000000024,89.846,0.2,3.4,2.4,0.0,29.07,74.36,1.11,1,0
2025,18,Singapore Grand Prix,TSU,Red Bull Racing,13,1.1949999999999932,90.353,0.0,2.0,15.2,0.0,29.07,74.36,1.11,1,0
2025,18,Singapore Grand Prix,STR,Aston Martin,15,1.7909999999999968,90.949,0.0,2.4,1.2,0.0,29.07,74.36,1.11,1,0
2025,18,Singapore Grand Prix,LAW,Racing Bulls,12,1.161999999999992,90.32,0.0,3.6,2.4,0.0,29.07,74.36,1.11,1,0
2025,18,Singapore Grand Prix,COL,Alpine,16,1.823999999999998,90.982,0.0,0.0,0.0,0.0,29.07,74.36,1.11,1,0
2025,18,Singapore Grand Prix,BOR,Kick Sauber,14,1.661999999999992,90.82,0.0,2.8,0.8,0.0,29.07,74.36,1.11,1,0
2025,18,Singapore Grand Prix,OCO,Haas F1 Team,17,1.831000000000003,90.989,0.0,0.2,0.6,0.0,29.07,74.36,1.11,1,0
2025,18,Singapore Grand Prix,GAS,Alpine,19,2.1029999999999944,91.261,0.0,0.2,0.0,0.0,29.07,74.36,1.11,1,0
2025,18,Singapore Grand Prix,HUL,Kick Sauber,11,0.983000000000004,90.141,0.0,0.0,0.8,0.0,29.07,74.36,1.11,1,0
2025,19,United States Grand Prix,VER,Red Bull Racing,1,0.0,92.51,0.8,17.6,10.2,1.0,28.27,22.53,2.08,0,1
2025,19,United States Grand Prix,NOR,McLaren,2,0.2909999999999968,92.801,0.6,12.8,9.6,0.3333333333333333,28.27,22.53,2.08,0,1
2025,19,United States Grand Prix,LEC,Ferrari,3,0.296999999999997,92.807,0.0,6.8,5.2,0.6666666666666666,28.27,22.53,2.08,0,1
2025,19,United States Grand Prix,HAM,Ferrari,5,0.402000000000001,92.912,0.0,3.2,6.6,0.3333333333333333,28.27,22.53,2.08,0,0
2025,19,United States Grand Prix,PIA,McLaren,6,0.5739999999999981,93.084,0.6,14.0,10.2,0.0,28.27,22.53,2.08,0,0
2025,19,United States Grand Prix,RUS,Mercedes,4,0.3159999999999883,92.826,0.6,16.0,13.4,0.0,28.27,22.53,2.08,0,0
2025,19,United States Grand Prix,TSU,Red Bull Racing,13,0.9559999999999887,93.466,0.0,2.0,15.2,0.0,28.27,22.53,2.08,0,0
2025,19,United States Grand Prix,HUL,Kick Sauber,11,0.8239999999999981,93.334,0.0,0.0,0.0,0.0,28.27,22.53,2.08,0,0
2025,19,United States Grand Prix,BEA,Haas F1 Team,8,0.6289999999999907,93.139,0.0,2.0,0.4,0.0,28.27,22.53,2.08,0,0
2025,19,United States Grand Prix,ALO,Aston Martin,10,0.6499999999999915,93.16,0.0,4.0,1.2,0.0,28.27,22.53,2.08,0,0
2025,19,United States Grand Prix,LAW,Racing Bulls,12,0.8499999999999943,93.36,0.0,2.8,2.2,0.0,28.27,22.53,2.08,0,0
2025,19,United States Grand Prix,STR,Aston Martin,19,2.030000000000001,94.54,0.0,1.2,1.4,0.0,28.27,22.53,2.08,0,0
2025,19,United States Grand Prix,ANT,Mercedes,7,0.6039999999999992,93.114,0.0,5.0,14.6,0.0,28.27,22.53,2.08,0,0
2025,19,United States Grand Prix,ALB,Williams,18,2.1799999999999926,94.69,0.0,4.8,4.2,0.0,28.27,22.53,2.08,0,0
2025,19,United States Grand Prix,OCO,Haas F1 Team,17,1.6259999999999906,94.136,0.0,0.2,0.8,0.0,28.27,22.53,2.08,0,0
2025,19,United States Grand Prix,COL,Alpine,15,1.5339999999999918,94.044,0.0,0.0,0.0,0.0,28.27,22.53,2.08,0,0
2025,19,United States Grand Prix,BOR,Kick Sauber,16,1.6149999999999949,94.125,0.0,2.4,0.8,0.0,28.27,22.53,2.08,0,0
2025,19,United States Grand Prix,GAS,Alpine,14,1.1409999999999911,93.651,0.0,0.0,0.0,0.0,28.27,22.53,2.08,0,0
2025,19,United States Grand Prix,SAI,Williams,9,0.6400000000000006,93.15,0.2,3.0,4.2,0.6666666666666666,28.27,22.53,2.08,0,0
2025,20,Mexico City Grand Prix,NOR,McLaren,1,0.0,75.586,0.6,11.4,11.0,0.3333333333333333,26.41,23.23,1.85,0,1
2025,20,Mexico City Grand Prix,LEC,Ferrari,2,0.2620000000000004,75.848,0.2,7.4,8.2,0.6666666666666666,26.41,23.23,1.85,0,1
2025,20,Mexico City Grand Prix,VER,Red Bull Racing,5,0.4839999999999946,76.07,1.0,22.2,11.4,0.6666666666666666,26.41,23.23,1.85,0,1
2025,20,Mexico City Grand Prix,BEA,Haas F1 Team,9,0.8739999999999952,76.46,0.0,2.4,0.8,0.0,26.41,23.23,1.85,0,0
2025,20,Mexico City Grand Prix,PIA,McLaren,7,0.5880000000000081,76.174,0.4,12.4,16.0,0.0,26.41,23.23,1.85,0,0
2025,20,Mexico City Grand Prix,ANT,Mercedes,6,0.5319999999999965,76.118,0.0,4.8,11.0,0.0,26.41,23.23,1.85,0,0
2025,20,Mexico City Grand Prix,RUS,Mercedes,4,0.4480000000000075,76.034,0.4,14.6,10.2,0.0,26.41,23.23,1.85,0,0
2025,20,Mexico City Grand Prix,HAM,Ferrari,3,0.3520000000000038,75.938,0.0,5.6,11.4,0.6666666666666666,26.41,23.23,1.85,0,0
2025,20,Mexico City Grand Prix,OCO,Haas F1 Team,11,1.2510000000000048,76.837,0.0,0.2,3.2,0.0,26.41,23.23,1.85,0,0
2025,20,Mexico City Grand Prix,BOR,Kick Sauber,16,1.826000000000008,77.412,0.0,0.8,0.8,0.0,26.41,23.23,1.85,0,0
2025,20,Mexico City Grand Prix,TSU,Red Bull Racing,10,1.230000000000004,76.816,0.0,3.2,12.8,0.0,26.41,23.23,1.85,0,0
2025,20,Mexico City Grand Prix,ALB,Williams,17,1.9039999999999964,77.49,0.0,3.2,3.0,0.0,26.41,23.23,1.85,0,0
2025,20,Mexico City Grand Prix,HAD,Racing Bulls,8,0.6659999999999968,76.252,0.2,3.4,2.2,0.0,26.41,23.23,1.85,0,0
2025,20,Mexico City Grand Prix,STR,Aston Martin,19,2.019999999999996,77.606,0.0,1.2,1.4,0.0,26.41,23.23,1.85,0,0
2025,20,Mexico City Grand Prix,GAS,Alpine,18,1.960000000000008,77.546,0.0,0.0,0.0,0.0,26.41,23.23,1.85,0,0
2025,20,Mexico City Grand Prix,COL,Alpine,20,2.084000000000003,77.67,0.0,0.0,0.0,0.0,26.41,23.23,1.85,0,0
2025,20,Mexico City Grand Prix,SAI,Williams,12,0.5859999999999985,76.172,0.2,3.0,3.0,0.3333333333333333,26.41,23.23,1.85,0,0
2025,20,Mexico City Grand Prix,ALO,Aston Martin,14,1.516999999999996,77.103,0.0,2.2,1.4,0.0,26.41,23.23,1.85,0,0
2025,20,Mexico City Grand Prix,HUL,Kick Sauber,13,1.4300000000000068,77.016,0.0,0.8,1.0,0.0,26.41,23.23,1.85,0,0
2025,20,Mexico City Grand Prix,LAW,Racing Bulls,15,2.486000000000004,78.072,0.0,2.0,0.2,0.0,26.41,23.23,1.85,0,0
2025,21,São Paulo Grand Prix,NOR,McLaren,1,0.0,69.511,0.8,16.4,15.0,0.3333333333333333,17.35,70.57,1.51,0,1
2025,21,São Paulo Grand Prix,ANT,Mercedes,2,0.1740000000000066,69.685,0.0,6.4,6.4,0.0,17.35,70.57,1.51,0,1
2025,21,São Paulo Grand Prix,VER,Red Bull Racing,19,0.8920000000000101,70.403,1.0,21.6,9.2,0.6666666666666666,17.35,70.57,1.51,0,1
2025,21,São Paulo Grand Prix,RUS,Mercedes,6,0.4309999999999974,69.942,0.4,13.4,8.0,0.3333333333333333,17.35,70.57,1.51,0,0
2025,21,São Paulo Grand Prix,PIA,McLaren,4,0.375,69.886,0.2,9.4,17.6,0.0,17.35,70.57,1.51,0,0
2025,21,São Paulo Grand Prix,BEA,Haas F1 Team,8,0.4660000000000082,69.977,0.0,3.2,3.2,0.0,17.35,70.57,1.51,0,0
2025,21,São Paulo Grand Prix,LAW,Racing Bulls,7,0.4510000000000076,69.962,0.0,2.0,0.0,0.0,17.35,70.57,1.51,0,0
2025,21,São Paulo Grand Prix,HAD,Racing Bulls,5,0.4200000000000017,69.931,0.2,3.4,1.2,0.0,17.35,70.57,1.51,0,0
2025,21,São Paulo Grand Prix,HUL,Kick Sauber,10,0.5280000000000058,70.039,0.0,0.8,1.0,0.0,17.35,70.57,1.51,0,0
2025,21,São Paulo Grand Prix,GAS,Alpine,9,0.4909999999999996,70.002,0.0,0.0,0.0,0.3333333333333333,17.35,70.57,1.51,0,0
2025,21,São Paulo Grand Prix,ALB,Williams,12,0.5420000000000016,70.053,0.0,3.2,0.0,0.0,17.35,70.57,1.51,0,0
2025,21,São Paulo Grand Prix,OCO,Haas F1 Team,20,0.9270000000000068,70.438,0.0,0.6,4.8,0.3333333333333333,17.35,70.57,1.51,0,0
2025,21,São Paulo Grand Prix,SAI,Williams,15,0.9609999999999984,70.472,0.2,3.0,0.0,0.3333333333333333,17.35,70.57,1.51,0,0
2025,21,São Paulo Grand Prix,ALO,Aston Martin,11,0.4900000000000091,70.001,0.0,1.4,0.2,0.3333333333333333,17.35,70.57,1.51,0,0
2025,21,São Paulo Grand Prix,COL,Alpine,16,1.121000000000009,70.632,0.0,0.0,0.2,0.0,17.35,70.57,1.51,0,0
2025,21,São Paulo Grand Prix,STR,Aston Martin,14,0.6500000000000057,70.161,0.0,0.0,0.2,0.0,17.35,70.57,1.51,0,0
2025,21,São Paulo Grand Prix,TSU,Red Bull Racing,17,1.2000000000000028,70.711,0.0,2.8,12.2,0.0,17.35,70.57,1.51,0,0
2025,21,São Paulo Grand Prix,HAM,Ferrari,13,0.5889999999999986,70.1,0.0,6.4,10.6,0.3333333333333333,17.35,70.57,1.51,0,0
2025,21,São Paulo Grand Prix,LEC,Ferrari,3,0.2940000000000111,69.805,0.4,11.0,9.8,0.0,17.35,70.57,1.51,0,0
2025,22,Las Vegas Grand Prix,VER,Red Bull Racing,2,0.3230000000000075,108.257,1.0,19.6,7.2,0.5,16.73,37.77,1.44,0,1
2025,22,Las Vegas Grand Prix,RUS,Mercedes,4,0.8689999999999998,108.803,0.4,13.8,8.8,0.5,16.73,37.77,1.44,0,1
2025,22,Las Vegas Grand Prix,ANT,Mercedes,17,5.0,116.314,0.2,9.6,12.4,0.0,16.73,37.77,1.44,0,1
2025,22,Las Vegas Grand Prix,LEC,Ferrari,9,1.9380000000000024,109.872,0.4,8.6,6.8,0.5,16.73,37.77,1.44,0,0
2025,22,Las Vegas Grand Prix,SAI,Williams,3,0.362000000000009,108.296,0.2,3.0,0.0,0.5,16.73,37.77,1.44,0,0
2025,22,Las Vegas Grand Prix,HAD,Racing Bulls,8,1.6200000000000043,109.554,0.0,1.2,2.0,0.0,16.73,37.77,1.44,0,0
2025,22,Las Vegas Grand Prix,HUL,Kick Sauber,11,4.847000000000008,112.781,0.0,1.2,1.4,0.0,16.73,37.77,1.44,0,0
2025,22,Las Vegas Grand Prix,HAM,Ferrari,19,5.0,117.115,0.0,4.8,6.8,0.5,16.73,37.77,1.44,0,0
2025,22,Las Vegas Grand Prix,OCO,Haas F1 Team,13,5.0,112.987,0.0,0.4,4.4,0.0,16.73,37.77,1.44,0,0
2025,22,Las Vegas Grand Prix,BEA,Haas F1 Team,14,5.0,113.094,0.0,4.8,4.8,0.0,16.73,37.77,1.44,0,0
2025,22,Las Vegas Grand Prix,ALO,Aston Martin,7,1.5319999999999965,109.466,0.0,1.4,0.0,0.0,16.73,37.77,1.44,0,0
2025,22,Las Vegas Grand Prix,TSU,Red Bull Racing,20,5.0,116.798,0.0,2.8,11.0,0.0,16.73,37.77,1.44,0,0
2025,22,Las Vegas Grand Prix,GAS,Alpine,10,3.6060000000000088,111.54,0.0,0.2,0.2,0.0,16.73,37.77,1.44,0,0
2025,22,Las Vegas Grand Prix,LAW,Racing Bulls,6,1.128,109.062,0.0,3.2,3.6,0.0,16.73,37.77,1.44,0,0
2025,22,Las Vegas Grand Prix,COL,Alpine,15,5.0,113.683,0.0,0.0,0.2,0.0,16.73,37.77,1.44,0,0
2025,22,Las Vegas Grand Prix,ALB,Williams,16,5.0,116.22,0.0,1.2,2.0,0.0,16.73,37.77,1.44,0,0
2025,22,Las Vegas Grand Prix,BOR,Kick Sauber,18,5.0,116.674,0.0,1.0,1.8,0.0,16.73,37.77,1.44,0,0
2025,22,Las Vegas Grand Prix,STR,Aston Martin,12,4.915999999999997,112.85,0.0,0.0,0.0,0.0,16.73,37.77,1.44,0,0
2025,22,Las Vegas Grand Prix,NOR,McLaren,1,0.0,107.934,0.8,17.8,16.0,0.0,16.73,37.77,1.44,0,0
2025,22,Las Vegas Grand Prix,PIA,McLaren,5,1.027000000000001,108.961,0.0,8.4,14.0,0.0,16.73,37.77,1.44,0,0
2025,23,Qatar Grand Prix,VER,Red Bull Racing,3,0.2639999999999958,79.651,1.0,19.6,8.0,1.0,22.6,69.05,1.25,0,1
2025,23,Qatar Grand Prix,PIA,McLaren,1,0.0,79.387,0.0,8.4,9.0,1.0,22.6,69.05,1.25,0,1
2025,23,Qatar Grand Prix,SAI,Williams,7,0.9000000000000057,80.287,0.2,5.0,2.0,0.0,22.6,69.05,1.25,0,1
2025,23,Qatar Grand Prix,NOR,McLaren,2,0.108000000000004,79.495,0.8,16.6,10.6,0.5,22.6,69.05,1.25,0,0
2025,23,Qatar Grand Prix,ANT,Mercedes,5,0.4590000000000032,79.846,0.4,10.2,13.8,0.0,22.6,69.05,1.25,0,0
2025,23,Qatar Grand Prix,RUS,Mercedes,4,0.2750000000000057,79.662,0.4,13.8,14.6,0.0,22.6,69.05,1.25,0,0
2025,23,Qatar Grand Prix,ALO,Aston Martin,8,1.031000000000006,80.418,0.0,1.4,0.0,0.0,22.6,69.05,1.25,0,0
2025,23,Qatar Grand Prix,LEC,Ferrari,10,1.1740000000000066,80.561,0.4,10.6,4.0,0.5,22.6,69.05,1.25,0,0
2025,23,Qatar Grand Prix,LAW,Racing Bulls,12,1.0460000000000065,80.433,0.0,1.2,3.6,0.0,22.6,69.05,1.25,0,0
2025,23,Qatar Grand Prix,TSU,Red Bull Racing,15,1.3739999999999952,80.761,0.0,1.2,13.0,0.0,22.6,69.05,1.25,0,0
2025,23,Qatar Grand Prix,ALB,Williams,14,1.2420000000000044,80.629,0.0,0.0,5.0,0.0,22.6,69.05,1.25,0,0
2025,23,Qatar Grand Prix,HAM,Ferrari,17,1.519999999999996,80.907,0.0,4.8,4.0,0.0,22.6,69.05,1.25,0,0
2025,23,Qatar Grand Prix,BOR,Kick Sauber,19,1.1470000000000056,80.534,0.0,0.2,1.8,0.0,22.6,69.05,1.25,0,0
2025,23,Qatar Grand Prix,COL,Alpine,20,1.75,81.137,0.0,0.0,0.2,0.0,22.6,69.05,1.25,0,0
2025,23,Qatar Grand Prix,OCO,Haas F1 Team,16,1.477000000000004,80.864,0.0,0.8,2.6,0.0,22.6,69.05,1.25,0,0
2025,23,Qatar Grand Prix,GAS,Alpine,9,1.0900000000000034,80.477,0.0,0.2,0.2,0.0,22.6,69.05,1.25,0,0
2025,23,Qatar Grand Prix,STR,Aston Martin,18,1.6710000000000065,81.058,0.0,0.0,1.2,0.0,22.6,69.05,1.25,0,0
2025,23,Qatar Grand Prix,HAD,Racing Bulls,6,0.7270000000000039,80.114,0.0,2.6,4.0,0.0,22.6,69.05,1.25,0,0
2025,23,Qatar Grand Prix,BEA,Haas F1 Team,13,1.051000000000002,80.438,0.0,5.0,2.2,0.0,22.6,69.05,1.25,0,0
2025,23,Qatar Grand Prix,HUL,Kick Sauber,11,0.965999999999994,80.353,0.0,2.4,1.6,0.0,22.6,69.05,1.25,0,0
2025,24,Abu Dhabi Grand Prix,VER,Red Bull Racing,1,0.0,82.207,1.0,21.0,10.2,0.6666666666666666,26.67,60.44,1.57,0,1
2025,24,Abu Dhabi Grand Prix,PIA,McLaren,3,0.2300000000000039,82.437,0.2,9.6,8.0,0.0,26.67,60.44,1.57,0,1
2025,24,Abu Dhabi Grand Prix,NOR,McLaren,2,0.2010000000000076,82.408,0.6,16.0,9.6,0.3333333333333333,26.67,60.44,1.57,0,1
2025,24,Abu Dhabi Grand Prix,LEC,Ferrari,5,0.5230000000000103,82.73,0.4,9.8,4.0,1.0,26.67,60.44,1.57,0,0
2025,24,Abu Dhabi Grand Prix,RUS,Mercedes,4,0.4380000000000024,82.645,0.2,10.4,12.6,0.3333333333333333,26.67,60.44,1.57,0,0
2025,24,Abu Dhabi Grand Prix,ALO,Aston Martin,6,0.6950000000000074,82.902,0.0,1.4,1.2,0.0,26.67,60.44,1.57,0,0
2025,24,Abu Dhabi Grand Prix,OCO,Haas F1 Team,8,0.7060000000000031,82.913,0.0,0.8,0.6,0.0,26.67,60.44,1.57,0,0
2025,24,Abu Dhabi Grand Prix,HAM,Ferrari,16,1.1870000000000118,83.394,0.0,4.0,6.4,0.0,26.67,60.44,1.57,0,0
2025,24,Abu Dhabi Grand Prix,HUL,Kick Sauber,18,1.2430000000000092,83.45,0.0,2.4,1.6,0.0,26.67,60.44,1.57,0,0
2025,24,Abu Dhabi Grand Prix,STR,Aston Martin,15,0.8900000000000006,83.097,0.0,0.0,2.8,0.0,26.67,60.44,1.57,0,0
2025,24,Abu Dhabi Grand Prix,BOR,Kick Sauber,7,0.6970000000000027,82.904,0.0,0.2,1.6,0.0,26.67,60.44,1.57,0,0
2025,24,Abu Dhabi Grand Prix,BEA,Haas F1 Team,11,0.8340000000000032,83.041,0.0,4.6,1.8,0.0,26.67,60.44,1.57,0,0
2025,24,Abu Dhabi Grand Prix,SAI,Williams,12,0.835000000000008,83.042,0.2,5.0,5.0,0.3333333333333333,26.67,60.44,1.57,0,0
2025,24,Abu Dhabi Grand Prix,TSU,Red Bull Racing,10,0.8270000000000124,83.034,0.0,1.4,15.2,0.0,26.67,60.44,1.57,0,0
2025,24,Abu Dhabi Grand Prix,ANT,Mercedes,14,0.8730000000000047,83.08,0.4,10.2,12.2,0.0,26.67,60.44,1.57,0,0
2025,24,Abu Dhabi Grand Prix,ALB,Williams,17,1.2090000000000032,83.416,0.0,0.0,5.0,0.0,26.67,60.44,1.57,0,0
2025,24,Abu Dhabi Grand Prix,HAD,Racing Bulls,9,0.8650000000000091,83.072,0.0,2.4,2.8,0.0,26.67,60.44,1.57,0,0
2025,24,Abu Dhabi Grand Prix,LAW,Racing Bulls,13,0.8700000000000045,83.077,0.0,1.6,2.0,0.0,26.67,60.44,1.57,0,0
2025,24,Abu Dhabi Grand Prix,GAS,Alpine,19,1.26100000000001,83.468,0.0,0.2,0.0,0.0,26.67,60.44,1.57,0,0
2025,24,Abu Dhabi Grand Prix,COL,Alpine,20,1.683000000000007,83.89,0.0,0.0,0.0,0.0,26.67,60.44,1.57,0,0
2026,1,Australian Grand Prix,RUS,Mercedes,1,0.0,78.518,0.2,10.8,8.6,0.5,24.23,53.97,2.56,0,1
2026,1,Australian Grand Prix,ANT,Mercedes,2,0.2930000000000063,78.811,0.4,10.2,10.6,0.0,24.23,53.97,2.56,0,1
2026,1,Australian Grand Prix,LEC,Ferrari,4,0.8089999999999975,79.327,0.2,9.2,4.8,0.5,24.23,53.97,2.56,0,1
2026,1,Australian Grand Prix,HAM,Ferrari,7,0.9599999999999936,79.478,0.0,2.4,7.0,0.25,24.23,53.97,2.56,0,0
2026,1,Australian Grand Prix,NOR,McLaren,6,0.9569999999999936,79.475,0.6,15.4,12.6,0.5,24.23,53.97,2.56,0,0
2026,1,Australian Grand Prix,BEA,Haas F1 Team,12,1.7930000000000064,80.311,0.0,4.2,1.4,0.0,24.23,53.97,2.56,0,0
2026,1,Australian Grand Prix,LIN,Racing Bulls,9,2.728999999999999,81.247,0.0,0.0,0.4,0.0,24.23,53.97,2.56,0,0
2026,1,Australian Grand Prix,BOR,Audi,10,1.703000000000003,80.221,0.0,0.2,0.0,0.0,24.23,53.97,2.56,0,0
2026,1,Australian Grand Prix,GAS,Alpine,14,1.983000000000004,80.501,0.0,0.2,0.0,0.0,24.23,53.97,2.56,0,0
2026,1,Australian Grand Prix,OCO,Haas F1 Team,13,1.972999999999999,80.491,0.0,2.0,2.4,0.0,24.23,53.97,2.56,0,0
2026,1,Australian Grand Prix,ALB,Williams,15,2.423000000000002,80.941,0.0,0.0,3.0,0.0,24.23,53.97,2.56,0,0
2026,1,Australian Grand Prix,LAW,Racing Bulls,8,1.475999999999999,79.994,0.0,1.6,1.2,0.0,24.23,53.97,2.56,0,0
2026,1,Australian Grand Prix,COL,Alpine,16,2.751999999999996,81.27,0.0,0.0,0.2,0.0,24.23,53.97,2.56,0,0
2026,1,Australian Grand Prix,PER,Cadillac,18,4.087000000000003,82.605,0.0,0.2,0.0,0.5,24.23,53.97,2.56,0,0
2026,1,Australian Grand Prix,ALO,Aston Martin,17,3.4509999999999934,81.969,0.0,2.8,3.0,0.25,24.23,53.97,2.56,0,0
2026,1,Australian Grand Prix,BOT,Cadillac,19,4.725999999999999,83.244,0.0,0.0,0.0,0.0,24.23,53.97,2.56,0,0
2026,1,Australian Grand Prix,HAD,Red Bull Racing,3,0.7849999999999966,79.303,0.0,2.4,10.2,0.0,24.23,53.97,2.56,0,0
2026,1,Australian Grand Prix,PIA,McLaren,5,0.8619999999999948,79.38,0.4,11.2,14.6,0.0,24.23,53.97,2.56,0,0
2026,1,Australian Grand Prix,HUL,Audi,11,1.7849999999999966,80.303,0.0,2.0,2.0,0.0,24.23,53.97,2.56,0,0
2026,2,Chinese Grand Prix,ANT,Mercedes,1,0.0,92.064,0.6,12.2,12.2,0.0,15.57,55.0,2.19,0,1
2026,2,Chinese Grand Prix,RUS,Mercedes,2,0.2220000000000084,92.286,0.4,14.6,15.6,0.5,15.57,55.0,2.19,0,1
2026,2,Chinese Grand Prix,HAM,Ferrari,3,0.3510000000000133,92.415,0.0,4.0,8.6,0.0,15.57,55.0,2.19,0,1
2026,2,Chinese Grand Prix,LEC,Ferrari,4,0.3640000000000043,92.428,0.2,8.6,11.6,0.0,15.57,55.0,2.19,0,0
2026,2,Chinese Grand Prix,BEA,Haas F1 Team,10,1.2280000000000086,93.292,0.0,3.0,2.4,0.0,15.57,55.0,2.19,0,0
2026,2,Chinese Grand Prix,GAS,Alpine,7,0.8090000000000117,92.873,0.0,0.4,0.2,0.0,15.57,55.0,2.19,0,0
2026,2,Chinese Grand Prix,LAW,Racing Bulls,14,1.7010000000000076,93.765,0.0,1.6,0.8,0.0,15.57,55.0,2.19,0,0
2026,2,Chinese Grand Prix,HAD,Red Bull Racing,9,1.0570000000000022,93.121,0.0,2.4,10.2,0.0,15.57,55.0,2.19,0,0
2026,2,Chinese Grand Prix,SAI,Williams,17,2.253,94.317,0.2,5.0,3.0,0.0,15.57,55.0,2.19,0,0
2026,2,Chinese Grand Prix,COL,Alpine,12,1.2930000000000064,93.357,0.0,0.0,1.8,0.0,15.57,55.0,2.19,0,0
2026,2,Chinese Grand Prix,HUL,Audi,11,1.2900000000000065,93.354,0.0,2.0,1.0,0.0,15.57,55.0,2.19,0,0
2026,2,Chinese Grand Prix,LIN,Racing Bulls,15,1.720000000000013,93.784,0.0,4.0,2.0,0.0,15.57,55.0,2.19,0,0
2026,2,Chinese Grand Prix,BOT,Cadillac,19,3.372000000000014,95.436,0.0,0.0,0.0,0.0,15.57,55.0,2.19,0,0
2026,2,Chinese Grand Prix,OCO,Haas F1 Team,13,1.4740000000000038,93.538,0.0,1.6,4.4,0.0,15.57,55.0,2.19,0,0
2026,2,Chinese Grand Prix,PER,Cadillac,21,4.842000000000013,96.906,0.0,0.2,0.0,1.0,15.57,55.0,2.19,0,0
2026,2,Chinese Grand Prix,VER,Red Bull Racing,8,0.9380000000000024,93.002,1.0,21.0,6.0,0.5,15.57,55.0,2.19,0,0
2026,2,Chinese Grand Prix,ALO,Aston Martin,18,3.13900000000001,95.203,0.0,2.8,3.0,0.0,15.57,55.0,2.19,0,0
2026,2,Chinese Grand Prix,STR,Aston Martin,20,3.931000000000012,95.995,0.0,0.2,1.8,0.0,15.57,55.0,2.19,0,0
2026,2,Chinese Grand Prix,PIA,McLaren,5,0.4860000000000042,92.55,0.4,9.2,11.0,0.5,15.57,55.0,2.19,0,0
2026,2,Chinese Grand Prix,NOR,McLaren,6,0.5440000000000111,92.608,0.4,12.4,8.6,1.0,15.57,55.0,2.19,0,0
2026,2,Chinese Grand Prix,BOR,Audi,16,1.9010000000000105,93.965,0.0,0.6,0.6666666666666666,0.0,15.57,55.0,2.19,0,0
2026,2,Chinese Grand Prix,ALB,Williams,22,2.7080000000000126,94.772,0.0,0.0,0.4,0.0,15.57,55.0,2.19,0,0
