season,round,circuit,driver,team,grid,position,points,status,podium
2022,1,Bahrain Grand Prix,LEC,Ferrari,1.0,1.0,26.0,Finished,1
2022,1,Bahrain Grand Prix,SAI,Ferrari,3.0,2.0,18.0,Finished,1
2022,1,Bahrain Grand Prix,HAM,Mercedes,5.0,3.0,15.0,Finished,1
2022,1,Bahrain Grand Prix,RUS,Mercedes,9.0,4.0,12.0,Finished,0
2022,1,Bahrain Grand Prix,MAG,Haas F1 Team,7.0,5.0,10.0,Finished,0
2022,1,Bahrain Grand Prix,BOT,Alfa Romeo,6.0,6.0,8.0,Finished,0
2022,1,Bahrain Grand Prix,OCO,Alpine,11.0,7.0,6.0,Finished,0
2022,1,Bahrain Grand Prix,TSU,AlphaTauri,16.0,8.0,4.0,Finished,0
2022,1,Bahrain Grand Prix,ALO,Alpine,8.0,9.0,2.0,Finished,0
2022,1,Bahrain Grand Prix,ZHO,Alfa Romeo,15.0,10.0,1.0,Finished,0
2022,1,Bahrain Grand Prix,MSC,Haas F1 Team,12.0,11.0,0.0,Finished,0
2022,1,Bahrain Grand Prix,STR,Aston Martin,19.0,12.0,0.0,Finished,0
2022,1,Bahrain Grand Prix,ALB,Williams,14.0,13.0,0.0,Finished,0
2022,1,Bahrain Grand Prix,RIC,McLaren,18.0,14.0,0.0,Finished,0
2022,1,Bahrain Grand Prix,NOR,McLaren,13.0,15.0,0.0,Finished,0
2022,1,Bahrain Grand Prix,LAT,Williams,20.0,16.0,0.0,Finished,0
2022,1,Bahrain Grand Prix,HUL,Aston Martin,17.0,17.0,0.0,Finished,0
2022,1,Bahrain Grand Prix,PER,Red Bull Racing,4.0,18.0,0.0,Fuel pressure,0
2022,1,Bahrain Grand Prix,VER,Red Bull Racing,2.0,19.0,0.0,Fuel pressure,0
2022,1,Bahrain Grand Prix,GAS,AlphaTauri,10.0,20.0,0.0,Power Unit,0
2022,2,Saudi Arabian Grand Prix,VER,Red Bull Racing,4.0,1.0,25.0,Finished,1
2022,2,Saudi Arabian Grand Prix,LEC,Ferrari,2.0,2.0,19.0,Finished,1
2022,2,Saudi Arabian Grand Prix,SAI,Ferrari,3.0,3.0,15.0,Finished,1
2022,2,Saudi Arabian Grand Prix,PER,Red Bull Racing,1.0,4.0,12.0,Finished,0
2022,2,Saudi Arabian Grand Prix,RUS,Mercedes,6.0,5.0,10.0,Finished,0
2022,2,Saudi Arabian Grand Prix,OCO,Alpine,5.0,6.0,8.0,Finished,0
2022,2,Saudi Arabian Grand Prix,NOR,McLaren,11.0,7.0,6.0,Finished,0
2022,2,Saudi Arabian Grand Prix,GAS,AlphaTauri,9.0,8.0,4.0,Finished,0
2022,2,Saudi Arabian Grand Prix,MAG,Haas F1 Team,10.0,9.0,2.0,Finished,0
2022,2,Saudi Arabian Grand Prix,HAM,Mercedes,15.0,10.0,1.0,Finished,0
2022,2,Saudi Arabian Grand Prix,ZHO,Alfa Romeo,12.0,11.0,0.0,Finished,0
2022,2,Saudi Arabian Grand Prix,HUL,Aston Martin,17.0,12.0,0.0,Finished,0
2022,2,Saudi Arabian Grand Prix,STR,Aston Martin,13.0,13.0,0.0,+1 Lap,0
2022,2,Saudi Arabian Grand Prix,ALB,Williams,16.0,14.0,0.0,Collision damage,0
2022,2,Saudi Arabian Grand Prix,BOT,Alfa Romeo,8.0,15.0,0.0,Cooling system,0
2022,2,Saudi Arabian Grand Prix,ALO,Alpine,7.0,16.0,0.0,Water pump,0
2022,2,Saudi Arabian Grand Prix,RIC,McLaren,14.0,17.0,0.0,Gearbox,0
2022,2,Saudi Arabian Grand Prix,LAT,Williams,18.0,18.0,0.0,Accident,0
2022,2,Saudi Arabian Grand Prix,TSU,AlphaTauri,19.0,19.0,0.0,Power Unit,0
2022,2,Saudi Arabian Grand Prix,MSC,Haas F1 Team,,,0.0,Withdrew,0
2022,3,Australian Grand Prix,LEC,Ferrari,1.0,1.0,26.0,Finished,1
2022,3,Australian Grand Prix,PER,Red Bull Racing,3.0,2.0,18.0,Finished,1
2022,3,Australian Grand Prix,RUS,Mercedes,6.0,3.0,15.0,Finished,1
2022,3,Australian Grand Prix,HAM,Mercedes,5.0,4.0,12.0,Finished,0
2022,3,Australian Grand Prix,NOR,McLaren,4.0,5.0,10.0,Finished,0
2022,3,Australian Grand Prix,RIC,McLaren,7.0,6.0,8.0,Finished,0
2022,3,Australian Grand Prix,OCO,Alpine,8.0,7.0,6.0,Finished,0
2022,3,Australian Grand Prix,BOT,Alfa Romeo,12.0,8.0,4.0,Finished,0
2022,3,Australian Grand Prix,GAS,AlphaTauri,11.0,9.0,2.0,Finished,0
2022,3,Australian Grand Prix,ALB,Williams,20.0,10.0,1.0,Finished,0
2022,3,Australian Grand Prix,ZHO,Alfa Romeo,14.0,11.0,0.0,Finished,0
2022,3,Australian Grand Prix,STR,Aston Martin,19.0,12.0,0.0,Finished,0
2022,3,Australian Grand Prix,MSC,Haas F1 Team,15.0,13.0,0.0,+1 Lap,0
2022,3,Australian Grand Prix,MAG,Haas F1 Team,16.0,14.0,0.0,+1 Lap,0
2022,3,Australian Grand Prix,TSU,AlphaTauri,13.0,15.0,0.0,+1 Lap,0
2022,3,Australian Grand Prix,LAT,Williams,18.0,16.0,0.0,+1 Lap,0
2022,3,Australian Grand Prix,ALO,Alpine,10.0,17.0,0.0,+1 Lap,0
2022,3,Australian Grand Prix,VER,Red Bull Racing,2.0,18.0,0.0,Fuel leak,0
2022,3,Australian Grand Prix,VET,Aston Martin,17.0,19.0,0.0,Accident,0
2022,3,Australian Grand Prix,SAI,Ferrari,9.0,20.0,0.0,Spun off,0
2022,4,Emilia Romagna Grand Prix,VER,Red Bull Racing,1.0,1.0,26.0,Finished,1
2022,4,Emilia Romagna Grand Prix,PER,Red Bull Racing,3.0,2.0,18.0,Finished,1
2022,4,Emilia Romagna Grand Prix,NOR,McLaren,5.0,3.0,15.0,Finished,1
2022,4,Emilia Romagna Grand Prix,RUS,Mercedes,11.0,4.0,12.0,Finished,0
2022,4,Emilia Romagna Grand Prix,BOT,Alfa Romeo,7.0,5.0,10.0,Finished,0
2022,4,Emilia Romagna Grand Prix,LEC,Ferrari,2.0,6.0,8.0,Finished,0
2022,4,Emilia Romagna Grand Prix,TSU,AlphaTauri,12.0,7.0,6.0,Finished,0
2022,4,Emilia Romagna Grand Prix,VET,Aston Martin,13.0,8.0,4.0,Finished,0
2022,4,Emilia Romagna Grand Prix,MAG,Haas F1 Team,8.0,9.0,2.0,Finished,0
2022,4,Emilia Romagna Grand Prix,STR,Aston Martin,15.0,10.0,1.0,+1 Lap,0
2022,4,Emilia Romagna Grand Prix,ALB,Williams,18.0,11.0,0.0,+1 Lap,0
2022,4,Emilia Romagna Grand Prix,GAS,AlphaTauri,17.0,12.0,0.0,+1 Lap,0
2022,4,Emilia Romagna Grand Prix,HAM,Mercedes,14.0,13.0,0.0,+1 Lap,0
2022,4,Emilia Romagna Grand Prix,OCO,Alpine,16.0,14.0,0.0,+1 Lap,0
2022,4,Emilia Romagna Grand Prix,ZHO,Alfa Romeo,0.0,15.0,0.0,+1 Lap,0
2022,4,Emilia Romagna Grand Prix,LAT,Williams,19.0,16.0,0.0,+1 Lap,0
2022,4,Emilia Romagna Grand Prix,MSC,Haas F1 Team,10.0,17.0,0.0,+1 Lap,0
2022,4,Emilia Romagna Grand Prix,RIC,McLaren,6.0,18.0,0.0,+1 Lap,0
2022,4,Emilia Romagna Grand Prix,ALO,Alpine,9.0,19.0,0.0,Collision damage,0
2022,4,Emilia Romagna Grand Prix,SAI,Ferrari,4.0,20.0,0.0,Collision,0
2022,5,Miami Grand Prix,VER,Red Bull Racing,3.0,1.0,26.0,Finished,1
2022,5,Miami Grand Prix,LEC,Ferrari,1.0,2.0,18.0,Finished,1
2022,5,Miami Grand Prix,SAI,Ferrari,2.0,3.0,15.0,Finished,1
2022,5,Miami Grand Prix,PER,Red Bull Racing,4.0,4.0,12.0,Finished,0
2022,5,Miami Grand Prix,RUS,Mercedes,12.0,5.0,10.0,Finished,0
2022,5,Miami Grand Prix,HAM,Mercedes,6.0,6.0,8.0,Finished,0
2022,5,Miami Grand Prix,BOT,Alfa Romeo,5.0,7.0,6.0,Finished,0
2022,5,Miami Grand Prix,OCO,Alpine,20.0,8.0,4.0,Finished,0
2022,5,Miami Grand Prix,ALB,Williams,18.0,9.0,2.0,Finished,0
2022,5,Miami Grand Prix,STR,Aston Martin,0.0,10.0,1.0,Finished,0
2022,5,Miami Grand Prix,ALO,Alpine,11.0,11.0,0.0,Finished,0
2022,5,Miami Grand Prix,TSU,AlphaTauri,9.0,12.0,0.0,Finished,0
2022,5,Miami Grand Prix,RIC,McLaren,14.0,13.0,0.0,Finished,0
2022,5,Miami Grand Prix,LAT,Williams,19.0,14.0,0.0,Finished,0
2022,5,Miami Grand Prix,MSC,Haas F1 Team,15.0,15.0,0.0,Finished,0
2022,5,Miami Grand Prix,MAG,Haas F1 Team,16.0,16.0,0.0,Front wing,0
2022,5,Miami Grand Prix,VET,Aston Martin,0.0,17.0,0.0,Collision,0
2022,5,Miami Grand Prix,GAS,AlphaTauri,7.0,18.0,0.0,Suspension,0
2022,5,Miami Grand Prix,NOR,McLaren,8.0,19.0,0.0,Collision,0
2022,5,Miami Grand Prix,ZHO,Alfa Romeo,17.0,20.0,0.0,Water leak,0
2022,6,Spanish Grand Prix,VER,Red Bull Racing,2.0,1.0,25.0,Finished,1
2022,6,Spanish Grand Prix,PER,Red Bull Racing,5.0,2.0,19.0,Finished,1
2022,6,Spanish Grand Prix,RUS,Mercedes,4.0,3.0,15.0,Finished,1
2022,6,Spanish Grand Prix,SAI,Ferrari,3.0,4.0,12.0,Finished,0
2022,6,Spanish Grand Prix,HAM,Mercedes,6.0,5.0,10.0,Finished,0
2022,6,Spanish Grand Prix,BOT,Alfa Romeo,7.0,6.0,8.0,Finished,0
2022,6,Spanish Grand Prix,OCO,Alpine,12.0,7.0,6.0,Finished,0
2022,6,Spanish Grand Prix,NOR,McLaren,11.0,8.0,4.0,Finished,0
2022,6,Spanish Grand Prix,ALO,Alpine,20.0,9.0,2.0,+1 Lap,0
2022,6,Spanish Grand Prix,TSU,AlphaTauri,13.0,10.0,1.0,+1 Lap,0
2022,6,Spanish Grand Prix,VET,Aston Martin,16.0,11.0,0.0,+1 Lap,0
2022,6,Spanish Grand Prix,RIC,McLaren,9.0,12.0,0.0,+1 Lap,0
2022,6,Spanish Grand Prix,GAS,AlphaTauri,14.0,13.0,0.0,+1 Lap,0
2022,6,Spanish Grand Prix,MSC,Haas F1 Team,10.0,14.0,0.0,+1 Lap,0
2022,6,Spanish Grand Prix,STR,Aston Martin,17.0,15.0,0.0,+1 Lap,0
2022,6,Spanish Grand Prix,LAT,Williams,19.0,16.0,0.0,+2 Laps,0
2022,6,Spanish Grand Prix,MAG,Haas F1 Team,8.0,17.0,0.0,+2 Laps,0
2022,6,Spanish Grand Prix,ALB,Williams,18.0,18.0,0.0,+2 Laps,0
2022,6,Spanish Grand Prix,ZHO,Alfa Romeo,15.0,19.0,0.0,Power loss,0
2022,6,Spanish Grand Prix,LEC,Ferrari,1.0,20.0,0.0,Turbo,0
2022,7,Monaco Grand Prix,PER,Red Bull Racing,3.0,1.0,25.0,Finished,1
2022,7,Monaco Grand Prix,SAI,Ferrari,2.0,2.0,18.0,Finished,1
2022,7,Monaco Grand Prix,VER,Red Bull Racing,4.0,3.0,15.0,Finished,1
2022,7,Monaco Grand Prix,LEC,Ferrari,1.0,4.0,12.0,Finished,0
2022,7,Monaco Grand Prix,RUS,Mercedes,6.0,5.0,10.0,Finished,0
2022,7,Monaco Grand Prix,NOR,McLaren,5.0,6.0,9.0,Finished,0
2022,7,Monaco Grand Prix,ALO,Alpine,7.0,7.0,6.0,Finished,0
2022,7,Monaco Grand Prix,HAM,Mercedes,8.0,8.0,4.0,Finished,0
2022,7,Monaco Grand Prix,BOT,Alfa Romeo,12.0,9.0,2.0,Finished,0
2022,7,Monaco Grand Prix,VET,Aston Martin,9.0,10.0,1.0,Finished,0
2022,7,Monaco Grand Prix,GAS,AlphaTauri,17.0,11.0,0.0,Finished,0
2022,7,Monaco Grand Prix,OCO,Alpine,10.0,12.0,0.0,Finished,0
2022,7,Monaco Grand Prix,RIC,McLaren,14.0,13.0,0.0,Finished,0
2022,7,Monaco Grand Prix,STR,Aston Martin,18.0,14.0,0.0,Finished,0
2022,7,Monaco Grand Prix,LAT,Williams,19.0,15.0,0.0,+1 Lap,0
2022,7,Monaco Grand Prix,ZHO,Alfa Romeo,20.0,16.0,0.0,+1 Lap,0
2022,7,Monaco Grand Prix,TSU,AlphaTauri,11.0,17.0,0.0,+1 Lap,0
2022,7,Monaco Grand Prix,ALB,Williams,16.0,18.0,0.0,Mechanical,0
2022,7,Monaco Grand Prix,MSC,Haas F1 Team,15.0,19.0,0.0,Accident,0
2022,7,Monaco Grand Prix,MAG,Haas F1 Team,13.0,20.0,0.0,Water pressure,0
2022,8,Azerbaijan Grand Prix,VER,Red Bull Racing,3.0,1.0,25.0,Finished,1
2022,8,Azerbaijan Grand Prix,PER,Red Bull Racing,2.0,2.0,19.0,Finished,1
2022,8,Azerbaijan Grand Prix,RUS,Mercedes,5.0,3.0,15.0,Finished,1
2022,8,Azerbaijan Grand Prix,HAM,Mercedes,7.0,4.0,12.0,Finished,0
2022,8,Azerbaijan Grand Prix,GAS,AlphaTauri,6.0,5.0,10.0,Finished,0
2022,8,Azerbaijan Grand Prix,VET,Aston Martin,9.0,6.0,8.0,Finished,0
2022,8,Azerbaijan Grand Prix,ALO,Alpine,10.0,7.0,6.0,Finished,0
2022,8,Azerbaijan Grand Prix,RIC,McLaren,12.0,8.0,4.0,Finished,0
2022,8,Azerbaijan Grand Prix,NOR,McLaren,11.0,9.0,2.0,Finished,0
2022,8,Azerbaijan Grand Prix,OCO,Alpine,13.0,10.0,1.0,Finished,0
2022,8,Azerbaijan Grand Prix,BOT,Alfa Romeo,15.0,11.0,0.0,+1 Lap,0
2022,8,Azerbaijan Grand Prix,ALB,Williams,17.0,12.0,0.0,+1 Lap,0
2022,8,Azerbaijan Grand Prix,TSU,AlphaTauri,8.0,13.0,0.0,+1 Lap,0
2022,8,Azerbaijan Grand Prix,MSC,Haas F1 Team,20.0,14.0,0.0,+1 Lap,0
2022,8,Azerbaijan Grand Prix,LAT,Williams,18.0,15.0,0.0,+1 Lap,0
2022,8,Azerbaijan Grand Prix,STR,Aston Martin,19.0,16.0,0.0,Vibrations,0
2022,8,Azerbaijan Grand Prix,MAG,Haas F1 Team,16.0,17.0,0.0,Power Unit,0
2022,8,Azerbaijan Grand Prix,ZHO,Alfa Romeo,14.0,18.0,0.0,Hydraulics,0
2022,8,Azerbaijan Grand Prix,LEC,Ferrari,1.0,19.0,0.0,Power Unit,0
2022,8,Azerbaijan Grand Prix,SAI,Ferrari,4.0,20.0,0.0,Hydraulics,0
2022,9,Canadian Grand Prix,VER,Red Bull Racing,1.0,1.0,25.0,Finished,1
2022,9,Canadian Grand Prix,SAI,Ferrari,3.0,2.0,19.0,Finished,1
2022,9,Canadian Grand Prix,HAM,Mercedes,4.0,3.0,15.0,Finished,1
2022,9,Canadian Grand Prix,RUS,Mercedes,8.0,4.0,12.0,Finished,0
2022,9,Canadian Grand Prix,LEC,Ferrari,19.0,5.0,10.0,Finished,0
2022,9,Canadian Grand Prix,OCO,Alpine,7.0,6.0,8.0,Finished,0
2022,9,Canadian Grand Prix,BOT,Alfa Romeo,11.0,7.0,6.0,Finished,0
2022,9,Canadian Grand Prix,ZHO,Alfa Romeo,10.0,8.0,4.0,Finished,0
2022,9,Canadian Grand Prix,ALO,Alpine,2.0,9.0,2.0,Finished,0
2022,9,Canadian Grand Prix,STR,Aston Martin,17.0,10.0,1.0,Finished,0
2022,9,Canadian Grand Prix,RIC,McLaren,9.0,11.0,0.0,Finished,0
2022,9,Canadian Grand Prix,VET,Aston Martin,16.0,12.0,0.0,Finished,0
2022,9,Canadian Grand Prix,ALB,Williams,12.0,13.0,0.0,Finished,0
2022,9,Canadian Grand Prix,GAS,AlphaTauri,15.0,14.0,0.0,Finished,0
2022,9,Canadian Grand Prix,NOR,McLaren,14.0,15.0,0.0,Finished,0
2022,9,Canadian Grand Prix,LAT,Williams,18.0,16.0,0.0,Finished,0
2022,9,Canadian Grand Prix,MAG,Haas F1 Team,5.0,17.0,0.0,Finished,0
2022,9,Canadian Grand Prix,TSU,AlphaTauri,20.0,18.0,0.0,Accident,0
2022,9,Canadian Grand Prix,MSC,Haas F1 Team,6.0,19.0,0.0,Engine,0
2022,9,Canadian Grand Prix,PER,Red Bull Racing,13.0,20.0,0.0,Gearbox,0
2022,10,British Grand Prix,SAI,Ferrari,1.0,1.0,25.0,Finished,1
2022,10,British Grand Prix,PER,Red Bull Racing,4.0,2.0,18.0,Finished,1
2022,10,British Grand Prix,HAM,Mercedes,5.0,3.0,16.0,Finished,1
2022,10,British Grand Prix,LEC,Ferrari,3.0,4.0,12.0,Finished,0
2022,10,British Grand Prix,ALO,Alpine,7.0,5.0,10.0,Finished,0
2022,10,British Grand Prix,NOR,McLaren,6.0,6.0,8.0,Finished,0
2022,10,British Grand Prix,VER,Red Bull Racing,2.0,7.0,6.0,Finished,0
2022,10,British Grand Prix,MSC,Haas F1 Team,19.0,8.0,4.0,Finished,0
2022,10,British Grand Prix,VET,Aston Martin,18.0,9.0,2.0,Finished,0
2022,10,British Grand Prix,MAG,Haas F1 Team,17.0,10.0,1.0,Finished,0
2022,10,British Grand Prix,STR,Aston Martin,20.0,11.0,0.0,Finished,0
2022,10,British Grand Prix,LAT,Williams,10.0,12.0,0.0,Finished,0
2022,10,British Grand Prix,RIC,McLaren,14.0,13.0,0.0,Finished,0
2022,10,British Grand Prix,TSU,AlphaTauri,13.0,14.0,0.0,Finished,0
2022,10,British Grand Prix,OCO,Alpine,15.0,15.0,0.0,Fuel pump,0
2022,10,British Grand Prix,GAS,AlphaTauri,11.0,16.0,0.0,Collision damage,0
2022,10,British Grand Prix,BOT,Alfa Romeo,12.0,17.0,0.0,Gearbox,0
2022,10,British Grand Prix,RUS,Mercedes,8.0,18.0,0.0,Collision,0
2022,10,British Grand Prix,ZHO,Alfa Romeo,9.0,19.0,0.0,Collision,0
2022,10,British Grand Prix,ALB,Williams,16.0,20.0,0.0,Collision,0
2022,11,Austrian Grand Prix,LEC,Ferrari,2.0,1.0,25.0,Finished,1
2022,11,Austrian Grand Prix,VER,Red Bull Racing,1.0,2.0,19.0,Finished,1
2022,11,Austrian Grand Prix,HAM,Mercedes,8.0,3.0,15.0,Finished,1
2022,11,Austrian Grand Prix,RUS,Mercedes,4.0,4.0,12.0,Finished,0
2022,11,Austrian Grand Prix,OCO,Alpine,6.0,5.0,10.0,Finished,0
2022,11,Austrian Grand Prix,MSC,Haas F1 Team,9.0,6.0,8.0,+1 Lap,0
2022,11,Austrian Grand Prix,NOR,McLaren,10.0,7.0,6.0,+1 Lap,0
2022,11,Austrian Grand Prix,MAG,Haas F1 Team,7.0,8.0,4.0,+1 Lap,0
2022,11,Austrian Grand Prix,RIC,McLaren,11.0,9.0,2.0,+1 Lap,0
2022,11,Austrian Grand Prix,ALO,Alpine,19.0,10.0,1.0,+1 Lap,0
2022,11,Austrian Grand Prix,BOT,Alfa Romeo,0.0,11.0,0.0,+1 Lap,0
2022,11,Austrian Grand Prix,ALB,Williams,15.0,12.0,0.0,+1 Lap,0
2022,11,Austrian Grand Prix,STR,Aston Martin,12.0,13.0,0.0,+1 Lap,0
2022,11,Austrian Grand Prix,ZHO,Alfa Romeo,13.0,14.0,0.0,+1 Lap,0
2022,11,Austrian Grand Prix,GAS,AlphaTauri,14.0,15.0,0.0,+1 Lap,0
2022,11,Austrian Grand Prix,TSU,AlphaTauri,16.0,16.0,0.0,+1 Lap,0
2022,11,Austrian Grand Prix,VET,Aston Martin,18.0,17.0,0.0,+1 Lap,0
2022,11,Austrian Grand Prix,SAI,Ferrari,3.0,18.0,0.0,Power Unit,0
2022,11,Austrian Grand Prix,LAT,Williams,17.0,19.0,0.0,Undertray,0
2022,11,Austrian Grand Prix,PER,Red Bull Racing,5.0,20.0,0.0,Collision damage,0
2022,12,French Grand Prix,VER,Red Bull Racing,2.0,1.0,25.0,Finished,1
2022,12,French Grand Prix,HAM,Mercedes,4.0,2.0,18.0,Finished,1
2022,12,French Grand Prix,RUS,Mercedes,6.0,3.0,15.0,Finished,1
2022,12,French Grand Prix,PER,Red Bull Racing,3.0,4.0,12.0,Finished,0
2022,12,French Grand Prix,SAI,Ferrari,19.0,5.0,11.0,Finished,0
2022,12,French Grand Prix,ALO,Alpine,7.0,6.0,8.0,Finished,0
2022,12,French Grand Prix,NOR,McLaren,5.0,7.0,6.0,Finished,0
2022,12,French Grand Prix,OCO,Alpine,10.0,8.0,4.0,Finished,0
2022,12,French Grand Prix,RIC,McLaren,9.0,9.0,2.0,Finished,0
2022,12,French Grand Prix,STR,Aston Martin,15.0,10.0,1.0,Finished,0
2022,12,French Grand Prix,VET,Aston Martin,12.0,11.0,0.0,Finished,0
2022,12,French Grand Prix,GAS,AlphaTauri,14.0,12.0,0.0,Finished,0
2022,12,French Grand Prix,ALB,Williams,13.0,13.0,0.0,Finished,0
2022,12,French Grand Prix,BOT,Alfa Romeo,11.0,14.0,0.0,Finished,0
2022,12,French Grand Prix,MSC,Haas F1 Team,17.0,15.0,0.0,Finished,0
2022,12,French Grand Prix,ZHO,Alfa Romeo,16.0,16.0,0.0,+6 Laps,0
2022,12,French Grand Prix,LAT,Williams,18.0,17.0,0.0,Collision damage,0
2022,12,French Grand Prix,MAG,Haas F1 Team,20.0,18.0,0.0,Collision damage,0
2022,12,French Grand Prix,LEC,Ferrari,1.0,19.0,0.0,Accident,0
2022,12,French Grand Prix,TSU,AlphaTauri,8.0,20.0,0.0,Undertray,0
2022,13,Hungarian Grand Prix,VER,Red Bull Racing,10.0,1.0,25.0,Finished,1
2022,13,Hungarian Grand Prix,HAM,Mercedes,7.0,2.0,19.0,Finished,1
2022,13,Hungarian Grand Prix,RUS,Mercedes,1.0,3.0,15.0,Finished,1
2022,13,Hungarian Grand Prix,SAI,Ferrari,2.0,4.0,12.0,Finished,0
2022,13,Hungarian Grand Prix,PER,Red Bull Racing,11.0,5.0,10.0,Finished,0
2022,13,Hungarian Grand Prix,LEC,Ferrari,3.0,6.0,8.0,Finished,0
2022,13,Hungarian Grand Prix,NOR,McLaren,4.0,7.0,6.0,Finished,0
2022,13,Hungarian Grand Prix,ALO,Alpine,6.0,8.0,4.0,+1 Lap,0
2022,13,Hungarian Grand Prix,OCO,Alpine,5.0,9.0,2.0,+1 Lap,0
2022,13,Hungarian Grand Prix,VET,Aston Martin,18.0,10.0,1.0,+1 Lap,0
2022,13,Hungarian Grand Prix,STR,Aston Martin,14.0,11.0,0.0,+1 Lap,0
2022,13,Hungarian Grand Prix,GAS,AlphaTauri,0.0,12.0,0.0,+1 Lap,0
2022,13,Hungarian Grand Prix,ZHO,Alfa Romeo,12.0,13.0,0.0,+1 Lap,0
2022,13,Hungarian Grand Prix,MSC,Haas F1 Team,15.0,14.0,0.0,+1 Lap,0
2022,13,Hungarian Grand Prix,RIC,McLaren,9.0,15.0,0.0,+1 Lap,0
2022,13,Hungarian Grand Prix,MAG,Haas F1 Team,13.0,16.0,0.0,+1 Lap,0
2022,13,Hungarian Grand Prix,ALB,Williams,17.0,17.0,0.0,+1 Lap,0
2022,13,Hungarian Grand Prix,LAT,Williams,19.0,18.0,0.0,+1 Lap,0
2022,13,Hungarian Grand Prix,TSU,AlphaTauri,16.0,19.0,0.0,+2 Laps,0
2022,13,Hungarian Grand Prix,BOT,Alfa Romeo,8.0,20.0,0.0,Power Unit,0
2022,14,Belgian Grand Prix,VER,Red Bull Racing,14.0,1.0,26.0,Finished,1
2022,14,Belgian Grand Prix,PER,Red Bull Racing,2.0,2.0,18.0,Finished,1
2022,14,Belgian Grand Prix,SAI,Ferrari,1.0,3.0,15.0,Finished,1
2022,14,Belgian Grand Prix,RUS,Mercedes,5.0,4.0,12.0,Finished,0
2022,14,Belgian Grand Prix,ALO,Alpine,3.0,5.0,10.0,Finished,0
2022,14,Belgian Grand Prix,LEC,Ferrari,15.0,6.0,8.0,Finished,0
2022,14,Belgian Grand Prix,OCO,Alpine,16.0,7.0,6.0,Finished,0
2022,14,Belgian Grand Prix,VET,Aston Martin,10.0,8.0,4.0,Finished,0
2022,14,Belgian Grand Prix,GAS,AlphaTauri,0.0,9.0,2.0,Finished,0
2022,14,Belgian Grand Prix,ALB,Williams,6.0,10.0,1.0,Finished,0
2022,14,Belgian Grand Prix,STR,Aston Martin,9.0,11.0,0.0,Finished,0
2022,14,Belgian Grand Prix,NOR,McLaren,17.0,12.0,0.0,Finished,0
2022,14,Belgian Grand Prix,TSU,AlphaTauri,0.0,13.0,0.0,Finished,0
2022,14,Belgian Grand Prix,ZHO,Alfa Romeo,18.0,14.0,0.0,Finished,0
2022,14,Belgian Grand Prix,RIC,McLaren,7.0,15.0,0.0,Finished,0
2022,14,Belgian Grand Prix,MAG,Haas F1 Team,12.0,16.0,0.0,+1 Lap,0
2022,14,Belgian Grand Prix,MSC,Haas F1 Team,19.0,17.0,0.0,+1 Lap,0
2022,14,Belgian Grand Prix,LAT,Williams,11.0,18.0,0.0,+1 Lap,0
2022,14,Belgian Grand Prix,BOT,Alfa Romeo,13.0,19.0,0.0,Accident,0
2022,14,Belgian Grand Prix,HAM,Mercedes,4.0,20.0,0.0,Collision damage,0
2022,15,Dutch Grand Prix,VER,Red Bull Racing,1.0,1.0,26.0,Finished,1
2022,15,Dutch Grand Prix,RUS,Mercedes,6.0,2.0,18.0,Finished,1
2022,15,Dutch Grand Prix,LEC,Ferrari,2.0,3.0,15.0,Finished,1
2022,15,Dutch Grand Prix,HAM,Mercedes,4.0,4.0,12.0,Finished,0
2022,15,Dutch Grand Prix,PER,Red Bull Racing,5.0,5.0,10.0,Finished,0
2022,15,Dutch Grand Prix,ALO,Alpine,13.0,6.0,8.0,Finished,0
2022,15,Dutch Grand Prix,NOR,McLaren,7.0,7.0,6.0,Finished,0
2022,15,Dutch Grand Prix,SAI,Ferrari,3.0,8.0,4.0,Finished,0
2022,15,Dutch Grand Prix,OCO,Alpine,12.0,9.0,2.0,Finished,0
2022,15,Dutch Grand Prix,STR,Aston Martin,10.0,10.0,1.0,Finished,0
2022,15,Dutch Grand Prix,GAS,AlphaTauri,11.0,11.0,0.0,Finished,0
2022,15,Dutch Grand Prix,ALB,Williams,15.0,12.0,0.0,Finished,0
2022,15,Dutch Grand Prix,MSC,Haas F1 Team,8.0,13.0,0.0,Finished,0
2022,15,Dutch Grand Prix,VET,Aston Martin,19.0,14.0,0.0,Finished,0
2022,15,Dutch Grand Prix,MAG,Haas F1 Team,18.0,15.0,0.0,Finished,0
2022,15,Dutch Grand Prix,ZHO,Alfa Romeo,14.0,16.0,0.0,Finished,0
2022,15,Dutch Grand Prix,RIC,McLaren,17.0,17.0,0.0,Finished,0
2022,15,Dutch Grand Prix,LAT,Williams,20.0,18.0,0.0,+1 Lap,0
2022,15,Dutch Grand Prix,BOT,Alfa Romeo,16.0,19.0,0.0,Engine,0
2022,15,Dutch Grand Prix,TSU,AlphaTauri,9.0,20.0,0.0,Differential,0
2022,16,Italian Grand Prix,VER,Red Bull Racing,7.0,1.0,25.0,Finished,1
2022,16,Italian Grand Prix,LEC,Ferrari,1.0,2.0,18.0,Finished,1
2022,16,Italian Grand Prix,RUS,Mercedes,2.0,3.0,15.0,Finished,1
2022,16,Italian Grand Prix,SAI,Ferrari,18.0,4.0,12.0,Finished,0
2022,16,Italian Grand Prix,HAM,Mercedes,19.0,5.0,10.0,Finished,0
2022,16,Italian Grand Prix,PER,Red Bull Racing,13.0,6.0,9.0,Finished,0
2022,16,Italian Grand Prix,NOR,McLaren,3.0,7.0,6.0,Finished,0
2022,16,Italian Grand Prix,GAS,AlphaTauri,5.0,8.0,4.0,Finished,0
2022,16,Italian Grand Prix,DEV,Williams,8.0,9.0,2.0,Finished,0
2022,16,Italian Grand Prix,ZHO,Alfa Romeo,9.0,10.0,1.0,Finished,0
2022,16,Italian Grand Prix,OCO,Alpine,14.0,11.0,0.0,Finished,0
2022,16,Italian Grand Prix,MSC,Haas F1 Team,17.0,12.0,0.0,Finished,0
2022,16,Italian Grand Prix,BOT,Alfa Romeo,15.0,13.0,0.0,+1 Lap,0
2022,16,Italian Grand Prix,TSU,AlphaTauri,20.0,14.0,0.0,+1 Lap,0
2022,16,Italian Grand Prix,LAT,Williams,10.0,15.0,0.0,+1 Lap,0
2022,16,Italian Grand Prix,MAG,Haas F1 Team,16.0,16.0,0.0,+1 Lap,0
2022,16,Italian Grand Prix,RIC,McLaren,4.0,17.0,0.0,Oil leak,0
2022,16,Italian Grand Prix,STR,Aston Martin,12.0,18.0,0.0,Engine,0
2022,16,Italian Grand Prix,ALO,Alpine,6.0,19.0,0.0,Water pressure,0
2022,16,Italian Grand Prix,VET,Aston Martin,11.0,20.0,0.0,Engine,0
2022,17,Singapore Grand Prix,PER,Red Bull Racing,2.0,1.0,25.0,Finished,1
2022,17,Singapore Grand Prix,LEC,Ferrari,1.0,2.0,18.0,Finished,1
2022,17,Singapore Grand Prix,SAI,Ferrari,4.0,3.0,15.0,Finished,1
2022,17,Singapore Grand Prix,NOR,McLaren,6.0,4.0,12.0,Finished,0
2022,17,Singapore Grand Prix,RIC,McLaren,16.0,5.0,10.0,Finished,0
2022,17,Singapore Grand Prix,STR,Aston Martin,11.0,6.0,8.0,Finished,0
2022,17,Singapore Grand Prix,VER,Red Bull Racing,8.0,7.0,6.0,Finished,0
2022,17,Singapore Grand Prix,VET,Aston Martin,13.0,8.0,4.0,Finished,0
2022,17,Singapore Grand Prix,HAM,Mercedes,3.0,9.0,2.0,Finished,0
2022,17,Singapore Grand Prix,GAS,AlphaTauri,7.0,10.0,1.0,Finished,0
2022,17,Singapore Grand Prix,BOT,Alfa Romeo,15.0,11.0,0.0,Finished,0
2022,17,Singapore Grand Prix,MAG,Haas F1 Team,9.0,12.0,0.0,Finished,0
2022,17,Singapore Grand Prix,MSC,Haas F1 Team,12.0,13.0,0.0,+1 Lap,0
2022,17,Singapore Grand Prix,RUS,Mercedes,0.0,14.0,0.0,+2 Laps,0
2022,17,Singapore Grand Prix,TSU,AlphaTauri,10.0,15.0,0.0,Accident,0
2022,17,Singapore Grand Prix,OCO,Alpine,17.0,16.0,0.0,Engine,0
2022,17,Singapore Grand Prix,ALB,Williams,18.0,17.0,0.0,Collision damage,0
2022,17,Singapore Grand Prix,ALO,Alpine,5.0,18.0,0.0,Engine,0
2022,17,Singapore Grand Prix,LAT,Williams,19.0,19.0,0.0,Collision damage,0
2022,17,Singapore Grand Prix,ZHO,Alfa Romeo,14.0,20.0,0.0,Collision,0
2022,18,Japanese Grand Prix,VER,Red Bull Racing,1.0,1.0,25.0,Finished,1
2022,18,Japanese Grand Prix,PER,Red Bull Racing,4.0,2.0,18.0,Finished,1
2022,18,Japanese Grand Prix,LEC,Ferrari,2.0,3.0,15.0,Finished,1
2022,18,Japanese Grand Prix,OCO,Alpine,5.0,4.0,12.0,Finished,0
2022,18,Japanese Grand Prix,HAM,Mercedes,6.0,5.0,10.0,Finished,0
2022,18,Japanese Grand Prix,VET,Aston Martin,9.0,6.0,8.0,Finished,0
2022,18,Japanese Grand Prix,ALO,Alpine,7.0,7.0,6.0,Finished,0
2022,18,Japanese Grand Prix,RUS,Mercedes,8.0,8.0,4.0,Finished,0
2022,18,Japanese Grand Prix,LAT,Williams,20.0,9.0,2.0,Finished,0
2022,18,Japanese Grand Prix,NOR,McLaren,10.0,10.0,1.0,Finished,0
2022,18,Japanese Grand Prix,RIC,McLaren,11.0,11.0,0.0,Finished,0
2022,18,Japanese Grand Prix,STR,Aston Martin,19.0,12.0,0.0,Finished,0
2022,18,Japanese Grand Prix,TSU,AlphaTauri,13.0,13.0,0.0,Finished,0
2022,18,Japanese Grand Prix,MAG,Haas F1 Team,18.0,14.0,0.0,Finished,0
2022,18,Japanese Grand Prix,BOT,Alfa Romeo,12.0,15.0,0.0,Finished,0
2022,18,Japanese Grand Prix,ZHO,Alfa Romeo,14.0,16.0,0.0,Finished,0
2022,18,Japanese Grand Prix,MSC,Haas F1 Team,15.0,17.0,0.0,Finished,0
2022,18,Japanese Grand Prix,GAS,AlphaTauri,17.0,18.0,0.0,Finished,0
2022,18,Japanese Grand Prix,SAI,Ferrari,3.0,19.0,0.0,Accident,0
2022,18,Japanese Grand Prix,ALB,Williams,16.0,20.0,0.0,Hydraulics,0
2022,19,United States Grand Prix,VER,Red Bull Racing,2.0,1.0,25.0,Finished,1
2022,19,United States Grand Prix,HAM,Mercedes,3.0,2.0,18.0,Finished,1
2022,19,United States Grand Prix,LEC,Ferrari,12.0,3.0,15.0,Finished,1
2022,19,United States Grand Prix,PER,Red Bull Racing,9.0,4.0,12.0,Finished,0
2022,19,United States Grand Prix,RUS,Mercedes,4.0,5.0,11.0,Finished,0
2022,19,United States Grand Prix,NOR,McLaren,6.0,6.0,8.0,Finished,0
2022,19,United States Grand Prix,ALO,Alpine,14.0,7.0,6.0,Finished,0
2022,19,United States Grand Prix,VET,Aston Martin,10.0,8.0,4.0,Finished,0
2022,19,United States Grand Prix,MAG,Haas F1 Team,13.0,9.0,2.0,Finished,0
2022,19,United States Grand Prix,TSU,AlphaTauri,19.0,10.0,1.0,Finished,0
2022,19,United States Grand Prix,OCO,Alpine,0.0,11.0,0.0,Finished,0
2022,19,United States Grand Prix,ZHO,Alfa Romeo,18.0,12.0,0.0,Finished,0
2022,19,United States Grand Prix,ALB,Williams,8.0,13.0,0.0,Finished,0
2022,19,United States Grand Prix,GAS,AlphaTauri,11.0,14.0,0.0,Finished,0
2022,19,United States Grand Prix,MSC,Haas F1 Team,16.0,15.0,0.0,Finished,0
2022,19,United States Grand Prix,RIC,McLaren,15.0,16.0,0.0,Finished,0
2022,19,United States Grand Prix,LAT,Williams,17.0,17.0,0.0,Finished,0
2022,19,United States Grand Prix,STR,Aston Martin,5.0,18.0,0.0,Collision,0
2022,19,United States Grand Prix,BOT,Alfa Romeo,7.0,19.0,0.0,Spun off,0
2022,19,United States Grand Prix,SAI,Ferrari,1.0,20.0,0.0,Collision damage,0
2022,20,Mexico City Grand Prix,VER,Red Bull Racing,1.0,1.0,25.0,Finished,1
2022,20,Mexico City Grand Prix,HAM,Mercedes,3.0,2.0,18.0,Finished,1
2022,20,Mexico City Grand Prix,PER,Red Bull Racing,4.0,3.0,15.0,Finished,1
2022,20,Mexico City Grand Prix,RUS,Mercedes,2.0,4.0,13.0,Finished,0
2022,20,Mexico City Grand Prix,SAI,Ferrari,5.0,5.0,10.0,Finished,0
2022,20,Mexico City Grand Prix,LEC,Ferrari,7.0,6.0,8.0,Finished,0
2022,20,Mexico City Grand Prix,RIC,McLaren,11.0,7.0,6.0,+1 Lap,0
2022,20,Mexico City Grand Prix,OCO,Alpine,10.0,8.0,4.0,+1 Lap,0
2022,20,Mexico City Grand Prix,NOR,McLaren,8.0,9.0,2.0,+1 Lap,0
2022,20,Mexico City Grand Prix,BOT,Alfa Romeo,6.0,10.0,1.0,+1 Lap,0
2022,20,Mexico City Grand Prix,GAS,AlphaTauri,14.0,11.0,0.0,+1 Lap,0
2022,20,Mexico City Grand Prix,ALB,Williams,17.0,12.0,0.0,+1 Lap,0
2022,20,Mexico City Grand Prix,ZHO,Alfa Romeo,12.0,13.0,0.0,+1 Lap,0
2022,20,Mexico City Grand Prix,VET,Aston Martin,16.0,14.0,0.0,+1 Lap,0
2022,20,Mexico City Grand Prix,STR,Aston Martin,20.0,15.0,0.0,+1 Lap,0
2022,20,Mexico City Grand Prix,MSC,Haas F1 Team,15.0,16.0,0.0,+1 Lap,0
2022,20,Mexico City Grand Prix,MAG,Haas F1 Team,19.0,17.0,0.0,+1 Lap,0
2022,20,Mexico City Grand Prix,LAT,Williams,18.0,18.0,0.0,+2 Laps,0
2022,20,Mexico City Grand Prix,ALO,Alpine,9.0,19.0,0.0,Engine,0
2022,20,Mexico City Grand Prix,TSU,AlphaTauri,13.0,20.0,0.0,Collision damage,0
2022,21,São Paulo Grand Prix,RUS,Mercedes,1.0,1.0,26.0,Finished,1
2022,21,São Paulo Grand Prix,HAM,Mercedes,2.0,2.0,18.0,Finished,1
2022,21,São Paulo Grand Prix,SAI,Ferrari,7.0,3.0,15.0,Finished,1
2022,21,São Paulo Grand Prix,LEC,Ferrari,5.0,4.0,12.0,Finished,0
2022,21,São Paulo Grand Prix,ALO,Alpine,17.0,5.0,10.0,Finished,0
2022,21,São Paulo Grand Prix,VER,Red Bull Racing,3.0,6.0,8.0,Finished,0
2022,21,São Paulo Grand Prix,PER,Red Bull Racing,4.0,7.0,6.0,Finished,0
2022,21,São Paulo Grand Prix,OCO,Alpine,16.0,8.0,4.0,Finished,0
2022,21,São Paulo Grand Prix,BOT,Alfa Romeo,14.0,9.0,2.0,Finished,0
2022,21,São Paulo Grand Prix,STR,Aston Martin,15.0,10.0,1.0,Finished,0
2022,21,São Paulo Grand Prix,VET,Aston Martin,9.0,11.0,0.0,Finished,0
2022,21,São Paulo Grand Prix,ZHO,Alfa Romeo,13.0,12.0,0.0,Finished,0
2022,21,São Paulo Grand Prix,MSC,Haas F1 Team,12.0,13.0,0.0,Finished,0
2022,21,São Paulo Grand Prix,GAS,AlphaTauri,10.0,14.0,0.0,Finished,0
2022,21,São Paulo Grand Prix,ALB,Williams,19.0,15.0,0.0,Finished,0
2022,21,São Paulo Grand Prix,LAT,Williams,18.0,16.0,0.0,Finished,0
2022,21,São Paulo Grand Prix,TSU,AlphaTauri,0.0,17.0,0.0,+1 Lap,0
2022,21,São Paulo Grand Prix,NOR,McLaren,6.0,18.0,0.0,Gearbox,0
2022,21,São Paulo Grand Prix,MAG,Haas F1 Team,8.0,19.0,0.0,Collision,0
2022,21,São Paulo Grand Prix,RIC,McLaren,11.0,20.0,0.0,Collision,0
2022,22,Abu Dhabi Grand Prix,VER,Red Bull Racing,1.0,1.0,25.0,Finished,1
2022,22,Abu Dhabi Grand Prix,LEC,Ferrari,3.0,2.0,18.0,Finished,1
2022,22,Abu Dhabi Grand Prix,PER,Red Bull Racing,2.0,3.0,15.0,Finished,1
2022,22,Abu Dhabi Grand Prix,SAI,Ferrari,4.0,4.0,12.0,Finished,0
2022,22,Abu Dhabi Grand Prix,RUS,Mercedes,6.0,5.0,10.0,Finished,0
2022,22,Abu Dhabi Grand Prix,NOR,McLaren,7.0,6.0,9.0,Finished,0
2022,22,Abu Dhabi Grand Prix,OCO,Alpine,8.0,7.0,6.0,Finished,0
2022,22,Abu Dhabi Grand Prix,STR,Aston Martin,14.0,8.0,4.0,Finished,0
2022,22,Abu Dhabi Grand Prix,RIC,McLaren,13.0,9.0,2.0,Finished,0
2022,22,Abu Dhabi Grand Prix,VET,Aston Martin,9.0,10.0,1.0,Finished,0
2022,22,Abu Dhabi Grand Prix,TSU,AlphaTauri,11.0,11.0,0.0,Finished,0
2022,22,Abu Dhabi Grand Prix,ZHO,Alfa Romeo,15.0,12.0,0.0,+1 Lap,0
2022,22,Abu Dhabi Grand Prix,ALB,Williams,19.0,13.0,0.0,+1 Lap,0
2022,22,Abu Dhabi Grand Prix,GAS,AlphaTauri,17.0,14.0,0.0,+1 Lap,0
2022,22,Abu Dhabi Grand Prix,BOT,Alfa Romeo,18.0,15.0,0.0,+1 Lap,0
2022,22,Abu Dhabi Grand Prix,MSC,Haas F1 Team,12.0,16.0,0.0,+1 Lap,0
2022,22,Abu Dhabi Grand Prix,MAG,Haas F1 Team,16.0,17.0,0.0,+1 Lap,0
2022,22,Abu Dhabi Grand Prix,HAM,Mercedes,5.0,18.0,0.0,Hydraulics,0
2022,22,Abu Dhabi Grand Prix,LAT,Williams,20.0,19.0,0.0,Collision damage,0
2022,22,Abu Dhabi Grand Prix,ALO,Alpine,10.0,20.0,0.0,Water leak,0
2023,1,Bahrain Grand Prix,VER,Red Bull Racing,1.0,1.0,25.0,Finished,1
2023,1,Bahrain Grand Prix,PER,Red Bull Racing,2.0,2.0,18.0,Finished,1
2023,1,Bahrain Grand Prix,ALO,Aston Martin,5.0,3.0,15.0,Finished,1
2023,1,Bahrain Grand Prix,SAI,Ferrari,4.0,4.0,12.0,Finished,0
2023,1,Bahrain Grand Prix,HAM,Mercedes,7.0,5.0,10.0,Finished,0
2023,1,Bahrain Grand Prix,STR,Aston Martin,8.0,6.0,8.0,Finished,0
2023,1,Bahrain Grand Prix,RUS,Mercedes,6.0,7.0,6.0,Finished,0
2023,1,Bahrain Grand Prix,BOT,Alfa Romeo,12.0,8.0,4.0,Finished,0
2023,1,Bahrain Grand Prix,GAS,Alpine,20.0,9.0,2.0,Finished,0
2023,1,Bahrain Grand Prix,ALB,Williams,15.0,10.0,1.0,Finished,0
2023,1,Bahrain Grand Prix,TSU,AlphaTauri,14.0,11.0,0.0,Finished,0
2023,1,Bahrain Grand Prix,SAR,Williams,16.0,12.0,0.0,Lapped,0
2023,1,Bahrain Grand Prix,MAG,Haas F1 Team,17.0,13.0,0.0,Lapped,0
2023,1,Bahrain Grand Prix,DEV,AlphaTauri,19.0,14.0,0.0,Lapped,0
2023,1,Bahrain Grand Prix,HUL,Haas F1 Team,10.0,15.0,0.0,Lapped,0
2023,1,Bahrain Grand Prix,ZHO,Alfa Romeo,13.0,16.0,0.0,Lapped,0
2023,1,Bahrain Grand Prix,NOR,McLaren,11.0,17.0,0.0,Lapped,0
2023,1,Bahrain Grand Prix,OCO,Alpine,9.0,18.0,0.0,Retired,0
2023,1,Bahrain Grand Prix,LEC,Ferrari,3.0,19.0,0.0,Retired,0
2023,1,Bahrain Grand Prix,PIA,McLaren,18.0,20.0,0.0,Retired,0
2023,2,Saudi Arabian Grand Prix,PER,Red Bull Racing,1.0,1.0,25.0,Finished,1
2023,2,Saudi Arabian Grand Prix,VER,Red Bull Racing,15.0,2.0,19.0,Finished,1
2023,2,Saudi Arabian Grand Prix,ALO,Aston Martin,2.0,3.0,15.0,Finished,1
2023,2,Saudi Arabian Grand Prix,RUS,Mercedes,3.0,4.0,12.0,Finished,0
2023,2,Saudi Arabian Grand Prix,HAM,Mercedes,7.0,5.0,10.0,Finished,0
2023,2,Saudi Arabian Grand Prix,SAI,Ferrari,4.0,6.0,8.0,Finished,0
2023,2,Saudi Arabian Grand Prix,LEC,Ferrari,12.0,7.0,6.0,Finished,0
2023,2,Saudi Arabian Grand Prix,OCO,Alpine,6.0,8.0,4.0,Finished,0
2023,2,Saudi Arabian Grand Prix,GAS,Alpine,9.0,9.0,2.0,Finished,0
2023,2,Saudi Arabian Grand Prix,MAG,Haas F1 Team,13.0,10.0,1.0,Finished,0
2023,2,Saudi Arabian Grand Prix,TSU,AlphaTauri,16.0,11.0,0.0,Finished,0
2023,2,Saudi Arabian Grand Prix,HUL,Haas F1 Team,10.0,12.0,0.0,Finished,0
2023,2,Saudi Arabian Grand Prix,ZHO,Alfa Romeo,11.0,13.0,0.0,Finished,0
2023,2,Saudi Arabian Grand Prix,DEV,AlphaTauri,18.0,14.0,0.0,Finished,0
2023,2,Saudi Arabian Grand Prix,PIA,McLaren,8.0,15.0,0.0,Finished,0
2023,2,Saudi Arabian Grand Prix,SAR,Williams,20.0,16.0,0.0,Finished,0
2023,2,Saudi Arabian Grand Prix,NOR,McLaren,19.0,17.0,0.0,Finished,0
2023,2,Saudi Arabian Grand Prix,BOT,Alfa Romeo,14.0,18.0,0.0,Lapped,0
2023,2,Saudi Arabian Grand Prix,ALB,Williams,17.0,19.0,0.0,Retired,0
2023,2,Saudi Arabian Grand Prix,STR,Aston Martin,5.0,20.0,0.0,Retired,0
2023,3,Australian Grand Prix,VER,Red Bull Racing,1.0,1.0,25.0,Finished,1
2023,3,Australian Grand Prix,HAM,Mercedes,3.0,2.0,18.0,Finished,1
2023,3,Australian Grand Prix,ALO,Aston Martin,4.0,3.0,15.0,Finished,1
2023,3,Australian Grand Prix,STR,Aston Martin,6.0,4.0,12.0,Finished,0
2023,3,Australian Grand Prix,PER,Red Bull Racing,20.0,5.0,11.0,Finished,0
2023,3,Australian Grand Prix,NOR,McLaren,13.0,6.0,8.0,Finished,0
2023,3,Australian Grand Prix,HUL,Haas F1 Team,10.0,7.0,6.0,Finished,0
2023,3,Australian Grand Prix,PIA,McLaren,16.0,8.0,4.0,Finished,0
2023,3,Australian Grand Prix,ZHO,Alfa Romeo,17.0,9.0,2.0,Finished,0
2023,3,Australian Grand Prix,TSU,AlphaTauri,12.0,10.0,1.0,Finished,0
2023,3,Australian Grand Prix,BOT,Alfa Romeo,19.0,11.0,0.0,Finished,0
2023,3,Australian Grand Prix,SAI,Ferrari,5.0,12.0,0.0,Finished,0
2023,3,Australian Grand Prix,GAS,Alpine,9.0,13.0,0.0,Retired,0
2023,3,Australian Grand Prix,OCO,Alpine,11.0,14.0,0.0,Retired,0
2023,3,Australian Grand Prix,DEV,AlphaTauri,15.0,15.0,0.0,Retired,0
2023,3,Australian Grand Prix,SAR,Williams,18.0,16.0,0.0,Retired,0
2023,3,Australian Grand Prix,MAG,Haas F1 Team,14.0,17.0,0.0,Retired,0
2023,3,Australian Grand Prix,RUS,Mercedes,2.0,18.0,0.0,Retired,0
2023,3,Australian Grand Prix,ALB,Williams,8.0,19.0,0.0,Retired,0
2023,3,Australian Grand Prix,LEC,Ferrari,7.0,20.0,0.0,Retired,0
2023,4,Azerbaijan Grand Prix,PER,Red Bull Racing,3.0,1.0,25.0,Finished,1
2023,4,Azerbaijan Grand Prix,VER,Red Bull Racing,2.0,2.0,18.0,Finished,1
2023,4,Azerbaijan Grand Prix,LEC,Ferrari,1.0,3.0,15.0,Finished,1
2023,4,Azerbaijan Grand Prix,ALO,Aston Martin,6.0,4.0,12.0,Finished,0
2023,4,Azerbaijan Grand Prix,SAI,Ferrari,4.0,5.0,10.0,Finished,0
2023,4,Azerbaijan Grand Prix,HAM,Mercedes,5.0,6.0,8.0,Finished,0
2023,4,Azerbaijan Grand Prix,STR,Aston Martin,9.0,7.0,6.0,Finished,0
2023,4,Azerbaijan Grand Prix,RUS,Mercedes,11.0,8.0,5.0,Finished,0
2023,4,Azerbaijan Grand Prix,NOR,McLaren,7.0,9.0,2.0,Finished,0
2023,4,Azerbaijan Grand Prix,TSU,AlphaTauri,8.0,10.0,1.0,Finished,0
2023,4,Azerbaijan Grand Prix,PIA,McLaren,10.0,11.0,0.0,Finished,0
2023,4,Azerbaijan Grand Prix,ALB,Williams,12.0,12.0,0.0,Finished,0
2023,4,Azerbaijan Grand Prix,MAG,Haas F1 Team,16.0,13.0,0.0,Finished,0
2023,4,Azerbaijan Grand Prix,GAS,Alpine,17.0,14.0,0.0,Finished,0
2023,4,Azerbaijan Grand Prix,OCO,Alpine,19.0,15.0,0.0,Finished,0
2023,4,Azerbaijan Grand Prix,SAR,Williams,14.0,16.0,0.0,Finished,0
2023,4,Azerbaijan Grand Prix,HUL,Haas F1 Team,20.0,17.0,0.0,Lapped,0
2023,4,Azerbaijan Grand Prix,BOT,Alfa Romeo,13.0,18.0,0.0,Lapped,0
2023,4,Azerbaijan Grand Prix,ZHO,Alfa Romeo,15.0,19.0,0.0,Retired,0
2023,4,Azerbaijan Grand Prix,DEV,AlphaTauri,18.0,20.0,0.0,Retired,0
2023,5,Miami Grand Prix,VER,Red Bull Racing,9.0,1.0,26.0,Finished,1
2023,5,Miami Grand Prix,PER,Red Bull Racing,1.0,2.0,18.0,Finished,1
2023,5,Miami Grand Prix,ALO,Aston Martin,2.0,3.0,15.0,Finished,1
2023,5,Miami Grand Prix,RUS,Mercedes,6.0,4.0,12.0,Finished,0
2023,5,Miami Grand Prix,SAI,Ferrari,3.0,5.0,10.0,Finished,0
2023,5,Miami Grand Prix,HAM,Mercedes,13.0,6.0,8.0,Finished,0
2023,5,Miami Grand Prix,LEC,Ferrari,7.0,7.0,6.0,Finished,0
2023,5,Miami Grand Prix,GAS,Alpine,5.0,8.0,4.0,Finished,0
2023,5,Miami Grand Prix,OCO,Alpine,8.0,9.0,2.0,Finished,0
2023,5,Miami Grand Prix,MAG,Haas F1 Team,4.0,10.0,1.0,Finished,0
2023,5,Miami Grand Prix,TSU,AlphaTauri,17.0,11.0,0.0,Finished,0
2023,5,Miami Grand Prix,STR,Aston Martin,18.0,12.0,0.0,Finished,0
2023,5,Miami Grand Prix,BOT,Alfa Romeo,10.0,13.0,0.0,Finished,0
2023,5,Miami Grand Prix,ALB,Williams,11.0,14.0,0.0,Finished,0
2023,5,Miami Grand Prix,HUL,Haas F1 Team,12.0,15.0,0.0,Finished,0
2023,5,Miami Grand Prix,ZHO,Alfa Romeo,14.0,16.0,0.0,Finished,0
2023,5,Miami Grand Prix,NOR,McLaren,16.0,17.0,0.0,Finished,0
2023,5,Miami Grand Prix,DEV,AlphaTauri,15.0,18.0,0.0,Finished,0
2023,5,Miami Grand Prix,PIA,McLaren,19.0,19.0,0.0,Lapped,0
2023,5,Miami Grand Prix,SAR,Williams,20.0,20.0,0.0,Lapped,0
2023,6,Monaco Grand Prix,VER,Red Bull Racing,1.0,1.0,25.0,Finished,1
2023,6,Monaco Grand Prix,ALO,Aston Martin,2.0,2.0,18.0,Finished,1
2023,6,Monaco Grand Prix,OCO,Alpine,3.0,3.0,15.0,Finished,1
2023,6,Monaco Grand Prix,HAM,Mercedes,5.0,4.0,13.0,Finished,0
2023,6,Monaco Grand Prix,RUS,Mercedes,8.0,5.0,10.0,Finished,0
2023,6,Monaco Grand Prix,LEC,Ferrari,6.0,6.0,8.0,Finished,0
2023,6,Monaco Grand Prix,GAS,Alpine,7.0,7.0,6.0,Finished,0
2023,6,Monaco Grand Prix,SAI,Ferrari,4.0,8.0,4.0,Finished,0
2023,6,Monaco Grand Prix,NOR,McLaren,10.0,9.0,2.0,Lapped,0
2023,6,Monaco Grand Prix,PIA,McLaren,11.0,10.0,1.0,Lapped,0
2023,6,Monaco Grand Prix,BOT,Alfa Romeo,15.0,11.0,0.0,Lapped,0
2023,6,Monaco Grand Prix,DEV,AlphaTauri,12.0,12.0,0.0,Lapped,0
2023,6,Monaco Grand Prix,ZHO,Alfa Romeo,19.0,13.0,0.0,Lapped,0
2023,6,Monaco Grand Prix,ALB,Williams,13.0,14.0,0.0,Lapped,0
2023,6,Monaco Grand Prix,TSU,AlphaTauri,9.0,15.0,0.0,Lapped,0
2023,6,Monaco Grand Prix,PER,Red Bull Racing,20.0,16.0,0.0,Lapped,0
2023,6,Monaco Grand Prix,HUL,Haas F1 Team,18.0,17.0,0.0,Lapped,0
2023,6,Monaco Grand Prix,SAR,Williams,16.0,18.0,0.0,Lapped,0
2023,6,Monaco Grand Prix,MAG,Haas F1 Team,17.0,19.0,0.0,Retired,0
2023,6,Monaco Grand Prix,STR,Aston Martin,14.0,20.0,0.0,Retired,0
2023,7,Spanish Grand Prix,VER,Red Bull Racing,1.0,1.0,26.0,Finished,1
2023,7,Spanish Grand Prix,HAM,Mercedes,4.0,2.0,18.0,Finished,1
2023,7,Spanish Grand Prix,RUS,Mercedes,12.0,3.0,15.0,Finished,1
2023,7,Spanish Grand Prix,PER,Red Bull Racing,11.0,4.0,12.0,Finished,0
2023,7,Spanish Grand Prix,SAI,Ferrari,2.0,5.0,10.0,Finished,0
2023,7,Spanish Grand Prix,STR,Aston Martin,5.0,6.0,8.0,Finished,0
2023,7,Spanish Grand Prix,ALO,Aston Martin,8.0,7.0,6.0,Finished,0
2023,7,Spanish Grand Prix,OCO,Alpine,6.0,8.0,4.0,Finished,0
2023,7,Spanish Grand Prix,ZHO,Alfa Romeo,13.0,9.0,2.0,Finished,0
2023,7,Spanish Grand Prix,GAS,Alpine,10.0,10.0,1.0,Finished,0
2023,7,Spanish Grand Prix,LEC,Ferrari,19.0,11.0,0.0,Finished,0
2023,7,Spanish Grand Prix,TSU,AlphaTauri,15.0,12.0,0.0,Finished,0
2023,7,Spanish Grand Prix,PIA,McLaren,9.0,13.0,0.0,Lapped,0
2023,7,Spanish Grand Prix,DEV,AlphaTauri,14.0,14.0,0.0,Lapped,0
2023,7,Spanish Grand Prix,HUL,Haas F1 Team,7.0,15.0,0.0,Lapped,0
2023,7,Spanish Grand Prix,ALB,Williams,18.0,16.0,0.0,Lapped,0
2023,7,Spanish Grand Prix,NOR,McLaren,3.0,17.0,0.0,Lapped,0
2023,7,Spanish Grand Prix,MAG,Haas F1 Team,17.0,18.0,0.0,Lapped,0
2023,7,Spanish Grand Prix,BOT,Alfa Romeo,16.0,19.0,0.0,Lapped,0
2023,7,Spanish Grand Prix,SAR,Williams,20.0,20.0,0.0,Lapped,0
2023,8,Canadian Grand Prix,VER,Red Bull Racing,1.0,1.0,25.0,Finished,1
2023,8,Canadian Grand Prix,ALO,Aston Martin,2.0,2.0,18.0,Finished,1
2023,8,Canadian Grand Prix,HAM,Mercedes,3.0,3.0,15.0,Finished,1
2023,8,Canadian Grand Prix,LEC,Ferrari,10.0,4.0,12.0,Finished,0
2023,8,Canadian Grand Prix,SAI,Ferrari,11.0,5.0,10.0,Finished,0
2023,8,Canadian Grand Prix,PER,Red Bull Racing,12.0,6.0,9.0,Finished,0
2023,8,Canadian Grand Prix,ALB,Williams,9.0,7.0,6.0,Finished,0
2023,8,Canadian Grand Prix,OCO,Alpine,6.0,8.0,4.0,Finished,0
2023,8,Canadian Grand Prix,STR,Aston Martin,16.0,9.0,2.0,Finished,0
2023,8,Canadian Grand Prix,BOT,Alfa Romeo,14.0,10.0,1.0,Finished,0
2023,8,Canadian Grand Prix,PIA,McLaren,8.0,11.0,0.0,Finished,0
2023,8,Canadian Grand Prix,GAS,Alpine,15.0,12.0,0.0,Finished,0
2023,8,Canadian Grand Prix,NOR,McLaren,7.0,13.0,0.0,Finished,0
2023,8,Canadian Grand Prix,TSU,AlphaTauri,19.0,14.0,0.0,Finished,0
2023,8,Canadian Grand Prix,HUL,Haas F1 Team,5.0,15.0,0.0,Lapped,0
2023,8,Canadian Grand Prix,ZHO,Alfa Romeo,20.0,16.0,0.0,Lapped,0
2023,8,Canadian Grand Prix,MAG,Haas F1 Team,13.0,17.0,0.0,Lapped,0
2023,8,Canadian Grand Prix,DEV,AlphaTauri,17.0,18.0,0.0,Lapped,0
2023,8,Canadian Grand Prix,RUS,Mercedes,4.0,19.0,0.0,Retired,0
2023,8,Canadian Grand Prix,SAR,Williams,18.0,20.0,0.0,Retired,0
2023,9,Austrian Grand Prix,VER,Red Bull Racing,1.0,1.0,26.0,Finished,1
2023,9,Austrian Grand Prix,LEC,Ferrari,2.0,2.0,18.0,Finished,1
2023,9,Austrian Grand Prix,PER,Red Bull Racing,15.0,3.0,15.0,Finished,1
2023,9,Austrian Grand Prix,NOR,McLaren,4.0,4.0,12.0,Finished,0
2023,9,Austrian Grand Prix,ALO,Aston Martin,7.0,5.0,10.0,Finished,0
2023,9,Austrian Grand Prix,SAI,Ferrari,3.0,6.0,8.0,Finished,0
2023,9,Austrian Grand Prix,RUS,Mercedes,11.0,7.0,6.0,Finished,0
2023,9,Austrian Grand Prix,HAM,Mercedes,5.0,8.0,4.0,Finished,0
2023,9,Austrian Grand Prix,STR,Aston Martin,6.0,9.0,2.0,Finished,0
2023,9,Austrian Grand Prix,GAS,Alpine,9.0,10.0,1.0,Finished,0
2023,9,Austrian Grand Prix,ALB,Williams,10.0,11.0,0.0,Finished,0
2023,9,Austrian Grand Prix,ZHO,Alfa Romeo,17.0,12.0,0.0,Lapped,0
2023,9,Austrian Grand Prix,SAR,Williams,18.0,13.0,0.0,Lapped,0
2023,9,Austrian Grand Prix,OCO,Alpine,12.0,14.0,0.0,Lapped,0
2023,9,Austrian Grand Prix,BOT,Alfa Romeo,14.0,15.0,0.0,Lapped,0
2023,9,Austrian Grand Prix,PIA,McLaren,13.0,16.0,0.0,Lapped,0
2023,9,Austrian Grand Prix,DEV,AlphaTauri,20.0,17.0,0.0,Lapped,0
2023,9,Austrian Grand Prix,MAG,Haas F1 Team,19.0,18.0,0.0,Lapped,0
2023,9,Austrian Grand Prix,TSU,AlphaTauri,16.0,19.0,0.0,Lapped,0
2023,9,Austrian Grand Prix,HUL,Haas F1 Team,8.0,20.0,0.0,Retired,0
2023,10,British Grand Prix,VER,Red Bull Racing,1.0,1.0,26.0,Finished,1
2023,10,British Grand Prix,NOR,McLaren,2.0,2.0,18.0,Finished,1
2023,10,British Grand Prix,HAM,Mercedes,7.0,3.0,15.0,Finished,1
2023,10,British Grand Prix,PIA,McLaren,3.0,4.0,12.0,Finished,0
2023,10,British Grand Prix,RUS,Mercedes,6.0,5.0,10.0,Finished,0
2023,10,British Grand Prix,PER,Red Bull Racing,15.0,6.0,8.0,Finished,0
2023,10,British Grand Prix,ALO,Aston Martin,9.0,7.0,6.0,Finished,0
2023,10,British Grand Prix,ALB,Williams,8.0,8.0,4.0,Finished,0
2023,10,British Grand Prix,LEC,Ferrari,4.0,9.0,2.0,Finished,0
2023,10,British Grand Prix,SAI,Ferrari,5.0,10.0,1.0,Finished,0
2023,10,British Grand Prix,SAR,Williams,14.0,11.0,0.0,Finished,0
2023,10,British Grand Prix,BOT,Alfa Romeo,20.0,12.0,0.0,Finished,0
2023,10,British Grand Prix,HUL,Haas F1 Team,11.0,13.0,0.0,Finished,0
2023,10,British Grand Prix,STR,Aston Martin,12.0,14.0,0.0,Finished,0
2023,10,British Grand Prix,ZHO,Alfa Romeo,17.0,15.0,0.0,Finished,0
2023,10,British Grand Prix,TSU,AlphaTauri,16.0,16.0,0.0,Finished,0
2023,10,British Grand Prix,DEV,AlphaTauri,18.0,17.0,0.0,Finished,0
2023,10,British Grand Prix,GAS,Alpine,10.0,18.0,0.0,Retired,0
2023,10,British Grand Prix,MAG,Haas F1 Team,19.0,19.0,0.0,Retired,0
2023,10,British Grand Prix,OCO,Alpine,13.0,20.0,0.0,Retired,0
2023,11,Hungarian Grand Prix,VER,Red Bull Racing,2.0,1.0,26.0,Finished,1
2023,11,Hungarian Grand Prix,NOR,McLaren,3.0,2.0,18.0,Finished,1
2023,11,Hungarian Grand Prix,PER,Red Bull Racing,9.0,3.0,15.0,Finished,1
2023,11,Hungarian Grand Prix,HAM,Mercedes,1.0,4.0,12.0,Finished,0
2023,11,Hungarian Grand Prix,PIA,McLaren,4.0,5.0,10.0,Finished,0
2023,11,Hungarian Grand Prix,RUS,Mercedes,18.0,6.0,8.0,Finished,0
2023,11,Hungarian Grand Prix,LEC,Ferrari,6.0,7.0,6.0,Finished,0
2023,11,Hungarian Grand Prix,SAI,Ferrari,11.0,8.0,4.0,Finished,0
2023,11,Hungarian Grand Prix,ALO,Aston Martin,8.0,9.0,2.0,Finished,0
2023,11,Hungarian Grand Prix,STR,Aston Martin,14.0,10.0,1.0,Lapped,0
2023,11,Hungarian Grand Prix,ALB,Williams,16.0,11.0,0.0,Lapped,0
2023,11,Hungarian Grand Prix,BOT,Alfa Romeo,7.0,12.0,0.0,Lapped,0
2023,11,Hungarian Grand Prix,RIC,AlphaTauri,13.0,13.0,0.0,Lapped,0
2023,11,Hungarian Grand Prix,HUL,Haas F1 Team,10.0,14.0,0.0,Lapped,0
2023,11,Hungarian Grand Prix,TSU,AlphaTauri,17.0,15.0,0.0,Lapped,0
2023,11,Hungarian Grand Prix,ZHO,Alfa Romeo,5.0,16.0,0.0,Lapped,0
2023,11,Hungarian Grand Prix,MAG,Haas F1 Team,19.0,17.0,0.0,Lapped,0
2023,11,Hungarian Grand Prix,SAR,Williams,20.0,18.0,0.0,Retired,0
2023,11,Hungarian Grand Prix,OCO,Alpine,12.0,19.0,0.0,Retired,0
2023,11,Hungarian Grand Prix,GAS,Alpine,15.0,20.0,0.0,Retired,0
2023,12,Belgian Grand Prix,VER,Red Bull Racing,6.0,1.0,25.0,Finished,1
2023,12,Belgian Grand Prix,PER,Red Bull Racing,2.0,2.0,18.0,Finished,1
2023,12,Belgian Grand Prix,LEC,Ferrari,1.0,3.0,15.0,Finished,1
2023,12,Belgian Grand Prix,HAM,Mercedes,3.0,4.0,13.0,Finished,0
2023,12,Belgian Grand Prix,ALO,Aston Martin,9.0,5.0,10.0,Finished,0
2023,12,Belgian Grand Prix,RUS,Mercedes,8.0,6.0,8.0,Finished,0
2023,12,Belgian Grand Prix,NOR,McLaren,7.0,7.0,6.0,Finished,0
2023,12,Belgian Grand Prix,OCO,Alpine,14.0,8.0,4.0,Finished,0
2023,12,Belgian Grand Prix,STR,Aston Martin,10.0,9.0,2.0,Finished,0
2023,12,Belgian Grand Prix,TSU,AlphaTauri,11.0,10.0,1.0,Finished,0
2023,12,Belgian Grand Prix,GAS,Alpine,12.0,11.0,0.0,Finished,0
2023,12,Belgian Grand Prix,BOT,Alfa Romeo,13.0,12.0,0.0,Finished,0
2023,12,Belgian Grand Prix,ZHO,Alfa Romeo,17.0,13.0,0.0,Finished,0
2023,12,Belgian Grand Prix,ALB,Williams,15.0,14.0,0.0,Finished,0
2023,12,Belgian Grand Prix,MAG,Haas F1 Team,16.0,15.0,0.0,Finished,0
2023,12,Belgian Grand Prix,RIC,AlphaTauri,19.0,16.0,0.0,Finished,0
2023,12,Belgian Grand Prix,SAR,Williams,18.0,17.0,0.0,Finished,0
2023,12,Belgian Grand Prix,HUL,Haas F1 Team,20.0,18.0,0.0,Finished,0
2023,12,Belgian Grand Prix,SAI,Ferrari,4.0,19.0,0.0,Retired,0
2023,12,Belgian Grand Prix,PIA,McLaren,5.0,20.0,0.0,Retired,0
2023,13,Dutch Grand Prix,VER,Red Bull Racing,1.0,1.0,25.0,Finished,1
2023,13,Dutch Grand Prix,ALO,Aston Martin,5.0,2.0,19.0,Finished,1
2023,13,Dutch Grand Prix,GAS,Alpine,12.0,3.0,15.0,Finished,1
2023,13,Dutch Grand Prix,PER,Red Bull Racing,7.0,4.0,12.0,Finished,0
2023,13,Dutch Grand Prix,SAI,Ferrari,6.0,5.0,10.0,Finished,0
2023,13,Dutch Grand Prix,HAM,Mercedes,13.0,6.0,8.0,Finished,0
2023,13,Dutch Grand Prix,NOR,McLaren,2.0,7.0,6.0,Finished,0
2023,13,Dutch Grand Prix,ALB,Williams,4.0,8.0,4.0,Finished,0
2023,13,Dutch Grand Prix,PIA,McLaren,8.0,9.0,2.0,Finished,0
2023,13,Dutch Grand Prix,OCO,Alpine,16.0,10.0,1.0,Finished,0
2023,13,Dutch Grand Prix,STR,Aston Martin,11.0,11.0,0.0,Finished,0
2023,13,Dutch Grand Prix,HUL,Haas F1 Team,14.0,12.0,0.0,Finished,0
2023,13,Dutch Grand Prix,LAW,AlphaTauri,19.0,13.0,0.0,Finished,0
2023,13,Dutch Grand Prix,BOT,Alfa Romeo,18.0,14.0,0.0,Finished,0
2023,13,Dutch Grand Prix,TSU,AlphaTauri,17.0,15.0,0.0,Finished,0
2023,13,Dutch Grand Prix,MAG,Haas F1 Team,0.0,16.0,0.0,Finished,0
2023,13,Dutch Grand Prix,RUS,Mercedes,3.0,17.0,0.0,Finished,0
2023,13,Dutch Grand Prix,ZHO,Alfa Romeo,15.0,18.0,0.0,Accident,0
2023,13,Dutch Grand Prix,LEC,Ferrari,9.0,19.0,0.0,Undertray,0
2023,13,Dutch Grand Prix,SAR,Williams,10.0,20.0,0.0,Accident,0
2023,14,Italian Grand Prix,VER,Red Bull Racing,2.0,1.0,25.0,Finished,1
2023,14,Italian Grand Prix,PER,Red Bull Racing,5.0,2.0,18.0,Finished,1
2023,14,Italian Grand Prix,SAI,Ferrari,1.0,3.0,15.0,Finished,1
2023,14,Italian Grand Prix,LEC,Ferrari,3.0,4.0,12.0,Finished,0
2023,14,Italian Grand Prix,RUS,Mercedes,4.0,5.0,10.0,Finished,0
2023,14,Italian Grand Prix,HAM,Mercedes,8.0,6.0,8.0,Finished,0
2023,14,Italian Grand Prix,ALB,Williams,6.0,7.0,6.0,Finished,0
2023,14,Italian Grand Prix,NOR,McLaren,9.0,8.0,4.0,Finished,0
2023,14,Italian Grand Prix,ALO,Aston Martin,10.0,9.0,2.0,Finished,0
2023,14,Italian Grand Prix,BOT,Alfa Romeo,14.0,10.0,1.0,Finished,0
2023,14,Italian Grand Prix,LAW,AlphaTauri,12.0,11.0,0.0,Finished,0
2023,14,Italian Grand Prix,PIA,McLaren,7.0,12.0,0.0,Finished,0
2023,14,Italian Grand Prix,SAR,Williams,15.0,13.0,0.0,Finished,0
2023,14,Italian Grand Prix,ZHO,Alfa Romeo,16.0,14.0,0.0,Finished,0
2023,14,Italian Grand Prix,GAS,Alpine,17.0,15.0,0.0,Finished,0
2023,14,Italian Grand Prix,STR,Aston Martin,20.0,16.0,0.0,Finished,0
2023,14,Italian Grand Prix,HUL,Haas F1 Team,13.0,17.0,0.0,Lapped,0
2023,14,Italian Grand Prix,MAG,Haas F1 Team,19.0,18.0,0.0,Lapped,0
2023,14,Italian Grand Prix,OCO,Alpine,18.0,19.0,0.0,Retired,0
2023,14,Italian Grand Prix,TSU,AlphaTauri,11.0,20.0,0.0,Did not start,0
2023,15,Singapore Grand Prix,SAI,Ferrari,1.0,1.0,25.0,Finished,1
2023,15,Singapore Grand Prix,NOR,McLaren,4.0,2.0,18.0,Finished,1
2023,15,Singapore Grand Prix,HAM,Mercedes,5.0,3.0,16.0,Finished,1
2023,15,Singapore Grand Prix,LEC,Ferrari,3.0,4.0,12.0,Finished,0
2023,15,Singapore Grand Prix,VER,Red Bull Racing,11.0,5.0,10.0,Finished,0
2023,15,Singapore Grand Prix,GAS,Alpine,12.0,6.0,8.0,Finished,0
2023,15,Singapore Grand Prix,PIA,McLaren,17.0,7.0,6.0,Finished,0
2023,15,Singapore Grand Prix,PER,Red Bull Racing,13.0,8.0,4.0,Finished,0
2023,15,Singapore Grand Prix,LAW,AlphaTauri,10.0,9.0,2.0,Finished,0
2023,15,Singapore Grand Prix,MAG,Haas F1 Team,6.0,10.0,1.0,Finished,0
2023,15,Singapore Grand Prix,ALB,Williams,14.0,11.0,0.0,Finished,0
2023,15,Singapore Grand Prix,ZHO,Alfa Romeo,19.0,12.0,0.0,Finished,0
2023,15,Singapore Grand Prix,HUL,Haas F1 Team,9.0,13.0,0.0,Finished,0
2023,15,Singapore Grand Prix,SAR,Williams,18.0,14.0,0.0,Finished,0
2023,15,Singapore Grand Prix,ALO,Aston Martin,7.0,15.0,0.0,Finished,0
2023,15,Singapore Grand Prix,RUS,Mercedes,2.0,16.0,0.0,Retired,0
2023,15,Singapore Grand Prix,BOT,Alfa Romeo,16.0,17.0,0.0,Retired,0
2023,15,Singapore Grand Prix,OCO,Alpine,8.0,18.0,0.0,Retired,0
2023,15,Singapore Grand Prix,TSU,AlphaTauri,15.0,19.0,0.0,Retired,0
2023,15,Singapore Grand Prix,STR,Aston Martin,,,0.0,Withdrew,0
2023,16,Japanese Grand Prix,VER,Red Bull Racing,1.0,1.0,26.0,Finished,1
2023,16,Japanese Grand Prix,NOR,McLaren,3.0,2.0,18.0,Finished,1
2023,16,Japanese Grand Prix,PIA,McLaren,2.0,3.0,15.0,Finished,1
2023,16,Japanese Grand Prix,LEC,Ferrari,4.0,4.0,12.0,Finished,0
2023,16,Japanese Grand Prix,HAM,Mercedes,7.0,5.0,10.0,Finished,0
2023,16,Japanese Grand Prix,SAI,Ferrari,6.0,6.0,8.0,Finished,0
2023,16,Japanese Grand Prix,RUS,Mercedes,8.0,7.0,6.0,Finished,0
2023,16,Japanese Grand Prix,ALO,Aston Martin,10.0,8.0,4.0,Finished,0
2023,16,Japanese Grand Prix,OCO,Alpine,14.0,9.0,2.0,Finished,0
2023,16,Japanese Grand Prix,GAS,Alpine,12.0,10.0,1.0,Finished,0
2023,16,Japanese Grand Prix,LAW,AlphaTauri,11.0,11.0,0.0,Lapped,0
2023,16,Japanese Grand Prix,TSU,AlphaTauri,9.0,12.0,0.0,Lapped,0
2023,16,Japanese Grand Prix,ZHO,Alfa Romeo,19.0,13.0,0.0,Lapped,0
2023,16,Japanese Grand Prix,HUL,Haas F1 Team,18.0,14.0,0.0,Lapped,0
2023,16,Japanese Grand Prix,MAG,Haas F1 Team,15.0,15.0,0.0,Lapped,0
2023,16,Japanese Grand Prix,ALB,Williams,13.0,16.0,0.0,Retired,0
2023,16,Japanese Grand Prix,SAR,Williams,20.0,17.0,0.0,Retired,0
2023,16,Japanese Grand Prix,STR,Aston Martin,17.0,18.0,0.0,Retired,0
2023,16,Japanese Grand Prix,PER,Red Bull Racing,5.0,19.0,0.0,Retired,0
2023,16,Japanese Grand Prix,BOT,Alfa Romeo,16.0,20.0,0.0,Retired,0
2023,17,Qatar Grand Prix,VER,Red Bull Racing,1.0,1.0,26.0,Finished,1
2023,17,Qatar Grand Prix,PIA,McLaren,6.0,2.0,18.0,Finished,1
2023,17,Qatar Grand Prix,NOR,McLaren,10.0,3.0,15.0,Finished,1
2023,17,Qatar Grand Prix,RUS,Mercedes,2.0,4.0,12.0,Finished,0
2023,17,Qatar Grand Prix,LEC,Ferrari,5.0,5.0,10.0,Finished,0
2023,17,Qatar Grand Prix,ALO,Aston Martin,4.0,6.0,8.0,Finished,0
2023,17,Qatar Grand Prix,OCO,Alpine,8.0,7.0,6.0,Finished,0
2023,17,Qatar Grand Prix,BOT,Alfa Romeo,9.0,8.0,4.0,Finished,0
2023,17,Qatar Grand Prix,ZHO,Alfa Romeo,19.0,9.0,2.0,Finished,0
2023,17,Qatar Grand Prix,PER,Red Bull Racing,20.0,10.0,1.0,Finished,0
2023,17,Qatar Grand Prix,STR,Aston Martin,16.0,11.0,0.0,Finished,0
2023,17,Qatar Grand Prix,GAS,Alpine,7.0,12.0,0.0,Finished,0
2023,17,Qatar Grand Prix,ALB,Williams,13.0,13.0,0.0,Finished,0
2023,17,Qatar Grand Prix,MAG,Haas F1 Team,18.0,14.0,0.0,Lapped,0
2023,17,Qatar Grand Prix,TSU,AlphaTauri,11.0,15.0,0.0,Lapped,0
2023,17,Qatar Grand Prix,HUL,Haas F1 Team,14.0,16.0,0.0,Lapped,0
2023,17,Qatar Grand Prix,LAW,AlphaTauri,17.0,17.0,0.0,Lapped,0
2023,17,Qatar Grand Prix,SAR,Williams,15.0,18.0,0.0,Retired,0
2023,17,Qatar Grand Prix,HAM,Mercedes,3.0,19.0,0.0,Retired,0
2023,17,Qatar Grand Prix,SAI,Ferrari,12.0,20.0,0.0,Did not start,0
2023,18,United States Grand Prix,VER,Red Bull Racing,6.0,1.0,25.0,Finished,1
2023,18,United States Grand Prix,NOR,McLaren,2.0,2.0,18.0,Finished,1
2023,18,United States Grand Prix,SAI,Ferrari,4.0,3.0,15.0,Finished,1
2023,18,United States Grand Prix,PER,Red Bull Racing,9.0,4.0,12.0,Finished,0
2023,18,United States Grand Prix,RUS,Mercedes,5.0,5.0,10.0,Finished,0
2023,18,United States Grand Prix,GAS,Alpine,7.0,6.0,8.0,Finished,0
2023,18,United States Grand Prix,STR,Aston Martin,20.0,7.0,6.0,Finished,0
2023,18,United States Grand Prix,TSU,AlphaTauri,11.0,8.0,5.0,Finished,0
2023,18,United States Grand Prix,ALB,Williams,15.0,9.0,2.0,Finished,0
2023,18,United States Grand Prix,SAR,Williams,16.0,10.0,1.0,Finished,0
2023,18,United States Grand Prix,HUL,Haas F1 Team,18.0,11.0,0.0,Finished,0
2023,18,United States Grand Prix,BOT,Alfa Romeo,13.0,12.0,0.0,Finished,0
2023,18,United States Grand Prix,ZHO,Alfa Romeo,12.0,13.0,0.0,Lapped,0
2023,18,United States Grand Prix,MAG,Haas F1 Team,17.0,14.0,0.0,Lapped,0
2023,18,United States Grand Prix,RIC,AlphaTauri,14.0,15.0,0.0,Lapped,0
2023,18,United States Grand Prix,ALO,Aston Martin,19.0,16.0,0.0,Retired,0
2023,18,United States Grand Prix,PIA,McLaren,10.0,17.0,0.0,Retired,0
2023,18,United States Grand Prix,OCO,Alpine,8.0,18.0,0.0,Retired,0
2023,18,United States Grand Prix,HAM,Mercedes,3.0,19.0,0.0,Disqualified,0
2023,18,United States Grand Prix,LEC,Ferrari,1.0,20.0,0.0,Disqualified,0
2023,19,Mexico City Grand Prix,VER,Red Bull Racing,3.0,1.0,25.0,Finished,1
2023,19,Mexico City Grand Prix,HAM,Mercedes,6.0,2.0,19.0,Finished,1
2023,19,Mexico City Grand Prix,LEC,Ferrari,1.0,3.0,15.0,Finished,1
2023,19,Mexico City Grand Prix,SAI,Ferrari,2.0,4.0,12.0,Finished,0
2023,19,Mexico City Grand Prix,NOR,McLaren,17.0,5.0,10.0,Finished,0
2023,19,Mexico City Grand Prix,RUS,Mercedes,8.0,6.0,8.0,Finished,0
2023,19,Mexico City Grand Prix,RIC,AlphaTauri,4.0,7.0,6.0,Finished,0
2023,19,Mexico City Grand Prix,PIA,McLaren,7.0,8.0,4.0,Finished,0
2023,19,Mexico City Grand Prix,ALB,Williams,14.0,9.0,2.0,Finished,0
2023,19,Mexico City Grand Prix,OCO,Alpine,15.0,10.0,1.0,Finished,0
2023,19,Mexico City Grand Prix,GAS,Alpine,11.0,11.0,0.0,Finished,0
2023,19,Mexico City Grand Prix,TSU,AlphaTauri,18.0,12.0,0.0,Finished,0
2023,19,Mexico City Grand Prix,HUL,Haas F1 Team,12.0,13.0,0.0,Finished,0
2023,19,Mexico City Grand Prix,ZHO,Alfa Romeo,10.0,14.0,0.0,Finished,0
2023,19,Mexico City Grand Prix,BOT,Alfa Romeo,9.0,15.0,0.0,Finished,0
2023,19,Mexico City Grand Prix,SAR,Williams,19.0,16.0,0.0,Retired,0
2023,19,Mexico City Grand Prix,STR,Aston Martin,0.0,17.0,0.0,Collision damage,0
2023,19,Mexico City Grand Prix,ALO,Aston Martin,13.0,18.0,0.0,Withdrew,0
2023,19,Mexico City Grand Prix,MAG,Haas F1 Team,16.0,19.0,0.0,Accident,0
2023,19,Mexico City Grand Prix,PER,Red Bull Racing,5.0,20.0,0.0,Collision damage,0
2023,20,São Paulo Grand Prix,VER,Red Bull Racing,1.0,1.0,25.0,Finished,1
2023,20,São Paulo Grand Prix,NOR,McLaren,6.0,2.0,19.0,Finished,1
2023,20,São Paulo Grand Prix,ALO,Aston Martin,4.0,3.0,15.0,Finished,1
2023,20,São Paulo Grand Prix,PER,Red Bull Racing,9.0,4.0,12.0,Finished,0
2023,20,São Paulo Grand Prix,STR,Aston Martin,3.0,5.0,10.0,Finished,0
2023,20,São Paulo Grand Prix,SAI,Ferrari,7.0,6.0,8.0,Finished,0
2023,20,São Paulo Grand Prix,GAS,Alpine,15.0,7.0,6.0,Finished,0
2023,20,São Paulo Grand Prix,HAM,Mercedes,5.0,8.0,4.0,Finished,0
2023,20,São Paulo Grand Prix,TSU,AlphaTauri,16.0,9.0,2.0,Finished,0
2023,20,São Paulo Grand Prix,OCO,Alpine,14.0,10.0,1.0,Lapped,0
2023,20,São Paulo Grand Prix,SAR,Williams,19.0,11.0,0.0,Lapped,0
2023,20,São Paulo Grand Prix,HUL,Haas F1 Team,11.0,12.0,0.0,Lapped,0
2023,20,São Paulo Grand Prix,RIC,AlphaTauri,17.0,13.0,0.0,Lapped,0
2023,20,São Paulo Grand Prix,PIA,McLaren,10.0,14.0,0.0,Lapped,0
2023,20,São Paulo Grand Prix,RUS,Mercedes,8.0,15.0,0.0,Retired,0
2023,20,São Paulo Grand Prix,BOT,Alfa Romeo,18.0,16.0,0.0,Retired,0
2023,20,São Paulo Grand Prix,ZHO,Alfa Romeo,20.0,17.0,0.0,Retired,0
2023,20,São Paulo Grand Prix,MAG,Haas F1 Team,12.0,18.0,0.0,Retired,0
2023,20,São Paulo Grand Prix,ALB,Williams,13.0,19.0,0.0,Retired,0
2023,20,São Paulo Grand Prix,LEC,Ferrari,2.0,20.0,0.0,Did not start,0
2023,21,Las Vegas Grand Prix,VER,Red Bull Racing,2.0,1.0,25.0,Finished,1
2023,21,Las Vegas Grand Prix,LEC,Ferrari,1.0,2.0,18.0,Finished,1
2023,21,Las Vegas Grand Prix,PER,Red Bull Racing,11.0,3.0,15.0,Finished,1
2023,21,Las Vegas Grand Prix,OCO,Alpine,16.0,4.0,12.0,Finished,0
2023,21,Las Vegas Grand Prix,STR,Aston Martin,19.0,5.0,10.0,Finished,0
2023,21,Las Vegas Grand Prix,SAI,Ferrari,12.0,6.0,8.0,Finished,0
2023,21,Las Vegas Grand Prix,HAM,Mercedes,10.0,7.0,6.0,Finished,0
2023,21,Las Vegas Grand Prix,RUS,Mercedes,3.0,8.0,4.0,Finished,0
2023,21,Las Vegas Grand Prix,ALO,Aston Martin,9.0,9.0,2.0,Finished,0
2023,21,Las Vegas Grand Prix,PIA,McLaren,18.0,10.0,2.0,Finished,0
2023,21,Las Vegas Grand Prix,GAS,Alpine,4.0,11.0,0.0,Finished,0
2023,21,Las Vegas Grand Prix,ALB,Williams,5.0,12.0,0.0,Finished,0
2023,21,Las Vegas Grand Prix,MAG,Haas F1 Team,8.0,13.0,0.0,Finished,0
2023,21,Las Vegas Grand Prix,RIC,AlphaTauri,14.0,14.0,0.0,Finished,0
2023,21,Las Vegas Grand Prix,ZHO,Alfa Romeo,17.0,15.0,0.0,Finished,0
2023,21,Las Vegas Grand Prix,SAR,Williams,6.0,16.0,0.0,Finished,0
2023,21,Las Vegas Grand Prix,BOT,Alfa Romeo,7.0,17.0,0.0,Finished,0
2023,21,Las Vegas Grand Prix,TSU,AlphaTauri,20.0,18.0,0.0,Retired,0
2023,21,Las Vegas Grand Prix,HUL,Haas F1 Team,13.0,19.0,0.0,Retired,0
2023,21,Las Vegas Grand Prix,NOR,McLaren,15.0,20.0,0.0,Retired,0
2023,22,Abu Dhabi Grand Prix,VER,Red Bull Racing,1.0,1.0,26.0,Finished,1
2023,22,Abu Dhabi Grand Prix,LEC,Ferrari,2.0,2.0,18.0,Finished,1
2023,22,Abu Dhabi Grand Prix,RUS,Mercedes,4.0,3.0,15.0,Finished,1
2023,22,Abu Dhabi Grand Prix,PER,Red Bull Racing,9.0,4.0,12.0,Finished,0
2023,22,Abu Dhabi Grand Prix,NOR,McLaren,5.0,5.0,10.0,Finished,0
2023,22,Abu Dhabi Grand Prix,PIA,McLaren,3.0,6.0,8.0,Finished,0
2023,22,Abu Dhabi Grand Prix,ALO,Aston Martin,7.0,7.0,6.0,Finished,0
2023,22,Abu Dhabi Grand Prix,TSU,AlphaTauri,6.0,8.0,4.0,Finished,0
2023,22,Abu Dhabi Grand Prix,HAM,Mercedes,11.0,9.0,2.0,Finished,0
2023,22,Abu Dhabi Grand Prix,STR,Aston Martin,13.0,10.0,1.0,Finished,0
2023,22,Abu Dhabi Grand Prix,RIC,AlphaTauri,15.0,11.0,0.0,Finished,0
2023,22,Abu Dhabi Grand Prix,OCO,Alpine,12.0,12.0,0.0,Finished,0
2023,22,Abu Dhabi Grand Prix,GAS,Alpine,10.0,13.0,0.0,Finished,0
2023,22,Abu Dhabi Grand Prix,ALB,Williams,14.0,14.0,0.0,Finished,0
2023,22,Abu Dhabi Grand Prix,HUL,Haas F1 Team,8.0,15.0,0.0,Finished,0
2023,22,Abu Dhabi Grand Prix,SAR,Williams,20.0,16.0,0.0,Finished,0
2023,22,Abu Dhabi Grand Prix,ZHO,Alfa Romeo,19.0,17.0,0.0,Finished,0
2023,22,Abu Dhabi Grand Prix,SAI,Ferrari,16.0,18.0,0.0,Retired,0
2023,22,Abu Dhabi Grand Prix,BOT,Alfa Romeo,18.0,19.0,0.0,Lapped,0
2023,22,Abu Dhabi Grand Prix,MAG,Haas F1 Team,17.0,20.0,0.0,Lapped,0
2024,1,Bahrain Grand Prix,VER,Red Bull Racing,1.0,1.0,26.0,Finished,1
2024,1,Bahrain Grand Prix,PER,Red Bull Racing,5.0,2.0,18.0,Finished,1
2024,1,Bahrain Grand Prix,SAI,Ferrari,4.0,3.0,15.0,Finished,1
2024,1,Bahrain Grand Prix,LEC,Ferrari,2.0,4.0,12.0,Finished,0
2024,1,Bahrain Grand Prix,RUS,Mercedes,3.0,5.0,10.0,Finished,0
2024,1,Bahrain Grand Prix,NOR,McLaren,7.0,6.0,8.0,Finished,0
2024,1,Bahrain Grand Prix,HAM,Mercedes,9.0,7.0,6.0,Finished,0
2024,1,Bahrain Grand Prix,PIA,McLaren,8.0,8.0,4.0,Finished,0
2024,1,Bahrain Grand Prix,ALO,Aston Martin,6.0,9.0,2.0,Finished,0
2024,1,Bahrain Grand Prix,STR,Aston Martin,12.0,10.0,1.0,Finished,0
2024,1,Bahrain Grand Prix,ZHO,Kick Sauber,17.0,11.0,0.0,Lapped,0
2024,1,Bahrain Grand Prix,MAG,Haas F1 Team,15.0,12.0,0.0,Lapped,0
2024,1,Bahrain Grand Prix,RIC,RB,14.0,13.0,0.0,Lapped,0
2024,1,Bahrain Grand Prix,TSU,RB,11.0,14.0,0.0,Lapped,0
2024,1,Bahrain Grand Prix,ALB,Williams,13.0,15.0,0.0,Lapped,0
2024,1,Bahrain Grand Prix,HUL,Haas F1 Team,10.0,16.0,0.0,Lapped,0
2024,1,Bahrain Grand Prix,OCO,Alpine,19.0,17.0,0.0,Lapped,0
2024,1,Bahrain Grand Prix,GAS,Alpine,20.0,18.0,0.0,Lapped,0
2024,1,Bahrain Grand Prix,BOT,Kick Sauber,16.0,19.0,0.0,Lapped,0
2024,1,Bahrain Grand Prix,SAR,Williams,18.0,20.0,0.0,Lapped,0
2024,2,Saudi Arabian Grand Prix,VER,Red Bull Racing,1.0,1.0,25.0,Finished,1
2024,2,Saudi Arabian Grand Prix,PER,Red Bull Racing,3.0,2.0,18.0,Finished,1
2024,2,Saudi Arabian Grand Prix,LEC,Ferrari,2.0,3.0,16.0,Finished,1
2024,2,Saudi Arabian Grand Prix,PIA,McLaren,5.0,4.0,12.0,Finished,0
2024,2,Saudi Arabian Grand Prix,ALO,Aston Martin,4.0,5.0,10.0,Finished,0
2024,2,Saudi Arabian Grand Prix,RUS,Mercedes,7.0,6.0,8.0,Finished,0
2024,2,Saudi Arabian Grand Prix,BEA,Ferrari,11.0,7.0,6.0,Finished,0
2024,2,Saudi Arabian Grand Prix,NOR,McLaren,6.0,8.0,4.0,Finished,0
2024,2,Saudi Arabian Grand Prix,HAM,Mercedes,8.0,9.0,2.0,Finished,0
2024,2,Saudi Arabian Grand Prix,HUL,Haas F1 Team,15.0,10.0,1.0,Finished,0
2024,2,Saudi Arabian Grand Prix,ALB,Williams,12.0,11.0,0.0,Finished,0
2024,2,Saudi Arabian Grand Prix,MAG,Haas F1 Team,13.0,12.0,0.0,Finished,0
2024,2,Saudi Arabian Grand Prix,OCO,Alpine,17.0,13.0,0.0,Lapped,0
2024,2,Saudi Arabian Grand Prix,SAR,Williams,19.0,14.0,0.0,Lapped,0
2024,2,Saudi Arabian Grand Prix,TSU,RB,9.0,15.0,0.0,Lapped,0
2024,2,Saudi Arabian Grand Prix,RIC,RB,14.0,16.0,0.0,Lapped,0
2024,2,Saudi Arabian Grand Prix,BOT,Kick Sauber,16.0,17.0,0.0,Lapped,0
2024,2,Saudi Arabian Grand Prix,ZHO,Kick Sauber,20.0,18.0,0.0,Lapped,0
2024,2,Saudi Arabian Grand Prix,STR,Aston Martin,10.0,19.0,0.0,Retired,0
2024,2,Saudi Arabian Grand Prix,GAS,Alpine,18.0,20.0,0.0,Retired,0
2024,3,Australian Grand Prix,SAI,Ferrari,2.0,1.0,25.0,Finished,1
2024,3,Australian Grand Prix,LEC,Ferrari,4.0,2.0,19.0,Finished,1
2024,3,Australian Grand Prix,NOR,McLaren,3.0,3.0,15.0,Finished,1
2024,3,Australian Grand Prix,PIA,McLaren,5.0,4.0,12.0,Finished,0
2024,3,Australian Grand Prix,PER,Red Bull Racing,6.0,5.0,10.0,Finished,0
2024,3,Australian Grand Prix,STR,Aston Martin,9.0,6.0,8.0,Finished,0
2024,3,Australian Grand Prix,TSU,RB,8.0,7.0,6.0,Finished,0
2024,3,Australian Grand Prix,ALO,Aston Martin,10.0,8.0,4.0,Finished,0
2024,3,Australian Grand Prix,HUL,Haas F1 Team,16.0,9.0,2.0,Finished,0
2024,3,Australian Grand Prix,MAG,Haas F1 Team,14.0,10.0,1.0,Lapped,0
2024,3,Australian Grand Prix,ALB,Williams,12.0,11.0,0.0,Lapped,0
2024,3,Australian Grand Prix,RIC,RB,18.0,12.0,0.0,Lapped,0
2024,3,Australian Grand Prix,GAS,Alpine,17.0,13.0,0.0,Lapped,0
2024,3,Australian Grand Prix,BOT,Kick Sauber,13.0,14.0,0.0,Lapped,0
2024,3,Australian Grand Prix,ZHO,Kick Sauber,19.0,15.0,0.0,Lapped,0
2024,3,Australian Grand Prix,OCO,Alpine,15.0,16.0,0.0,Lapped,0
2024,3,Australian Grand Prix,RUS,Mercedes,7.0,17.0,0.0,Retired,0
2024,3,Australian Grand Prix,HAM,Mercedes,11.0,18.0,0.0,Retired,0
2024,3,Australian Grand Prix,VER,Red Bull Racing,1.0,19.0,0.0,Retired,0
2024,4,Japanese Grand Prix,VER,Red Bull Racing,1.0,1.0,26.0,Finished,1
2024,4,Japanese Grand Prix,PER,Red Bull Racing,2.0,2.0,18.0,Finished,1
2024,4,Japanese Grand Prix,SAI,Ferrari,4.0,3.0,15.0,Finished,1
2024,4,Japanese Grand Prix,LEC,Ferrari,8.0,4.0,12.0,Finished,0
2024,4,Japanese Grand Prix,NOR,McLaren,3.0,5.0,10.0,Finished,0
2024,4,Japanese Grand Prix,ALO,Aston Martin,5.0,6.0,8.0,Finished,0
2024,4,Japanese Grand Prix,RUS,Mercedes,9.0,7.0,6.0,Finished,0
2024,4,Japanese Grand Prix,PIA,McLaren,6.0,8.0,4.0,Finished,0
2024,4,Japanese Grand Prix,HAM,Mercedes,7.0,9.0,2.0,Finished,0
2024,4,Japanese Grand Prix,TSU,RB,10.0,10.0,1.0,Lapped,0
2024,4,Japanese Grand Prix,HUL,Haas F1 Team,12.0,11.0,0.0,Lapped,0
2024,4,Japanese Grand Prix,STR,Aston Martin,16.0,12.0,0.0,Lapped,0
2024,4,Japanese Grand Prix,MAG,Haas F1 Team,18.0,13.0,0.0,Lapped,0
2024,4,Japanese Grand Prix,BOT,Kick Sauber,13.0,14.0,0.0,Lapped,0
2024,4,Japanese Grand Prix,OCO,Alpine,15.0,15.0,0.0,Lapped,0
2024,4,Japanese Grand Prix,GAS,Alpine,17.0,16.0,0.0,Lapped,0
2024,4,Japanese Grand Prix,SAR,Williams,19.0,17.0,0.0,Lapped,0
2024,4,Japanese Grand Prix,ZHO,Kick Sauber,20.0,18.0,0.0,Retired,0
2024,4,Japanese Grand Prix,RIC,RB,11.0,19.0,0.0,Retired,0
2024,4,Japanese Grand Prix,ALB,Williams,14.0,20.0,0.0,Retired,0
2024,5,Chinese Grand Prix,VER,Red Bull Racing,1.0,1.0,25.0,Finished,1
2024,5,Chinese Grand Prix,NOR,McLaren,4.0,2.0,18.0,Finished,1
2024,5,Chinese Grand Prix,PER,Red Bull Racing,2.0,3.0,15.0,Finished,1
2024,5,Chinese Grand Prix,LEC,Ferrari,6.0,4.0,12.0,Finished,0
2024,5,Chinese Grand Prix,SAI,Ferrari,7.0,5.0,10.0,Finished,0
2024,5,Chinese Grand Prix,RUS,Mercedes,8.0,6.0,8.0,Finished,0
2024,5,Chinese Grand Prix,ALO,Aston Martin,3.0,7.0,7.0,Finished,0
2024,5,Chinese Grand Prix,PIA,McLaren,5.0,8.0,4.0,Finished,0
2024,5,Chinese Grand Prix,HAM,Mercedes,18.0,9.0,2.0,Finished,0
2024,5,Chinese Grand Prix,HUL,Haas F1 Team,9.0,10.0,1.0,Finished,0
2024,5,Chinese Grand Prix,OCO,Alpine,13.0,11.0,0.0,Finished,0
2024,5,Chinese Grand Prix,ALB,Williams,14.0,12.0,0.0,Finished,0
2024,5,Chinese Grand Prix,GAS,Alpine,15.0,13.0,0.0,Finished,0
2024,5,Chinese Grand Prix,ZHO,Kick Sauber,16.0,14.0,0.0,Finished,0
2024,5,Chinese Grand Prix,STR,Aston Martin,11.0,15.0,0.0,Finished,0
2024,5,Chinese Grand Prix,MAG,Haas F1 Team,17.0,16.0,0.0,Finished,0
2024,5,Chinese Grand Prix,SAR,Williams,20.0,17.0,0.0,Finished,0
2024,5,Chinese Grand Prix,RIC,RB,12.0,18.0,0.0,Retired,0
2024,5,Chinese Grand Prix,TSU,RB,19.0,19.0,0.0,Retired,0
2024,5,Chinese Grand Prix,BOT,Kick Sauber,10.0,20.0,0.0,Retired,0
2024,6,Miami Grand Prix,NOR,McLaren,5.0,1.0,25.0,Finished,1
2024,6,Miami Grand Prix,VER,Red Bull Racing,1.0,2.0,18.0,Finished,1
2024,6,Miami Grand Prix,LEC,Ferrari,2.0,3.0,15.0,Finished,1
2024,6,Miami Grand Prix,PER,Red Bull Racing,4.0,4.0,12.0,Finished,0
2024,6,Miami Grand Prix,SAI,Ferrari,3.0,5.0,10.0,Finished,0
2024,6,Miami Grand Prix,HAM,Mercedes,8.0,6.0,8.0,Finished,0
2024,6,Miami Grand Prix,TSU,RB,10.0,7.0,6.0,Finished,0
2024,6,Miami Grand Prix,RUS,Mercedes,7.0,8.0,4.0,Finished,0
2024,6,Miami Grand Prix,ALO,Aston Martin,15.0,9.0,2.0,Finished,0
2024,6,Miami Grand Prix,OCO,Alpine,13.0,10.0,1.0,Finished,0
2024,6,Miami Grand Prix,HUL,Haas F1 Team,9.0,11.0,0.0,Finished,0
2024,6,Miami Grand Prix,GAS,Alpine,12.0,12.0,0.0,Finished,0
2024,6,Miami Grand Prix,PIA,McLaren,6.0,13.0,0.0,Finished,0
2024,6,Miami Grand Prix,ZHO,Kick Sauber,19.0,14.0,0.0,Finished,0
2024,6,Miami Grand Prix,RIC,RB,20.0,15.0,0.0,Finished,0
2024,6,Miami Grand Prix,BOT,Kick Sauber,16.0,16.0,0.0,Finished,0
2024,6,Miami Grand Prix,STR,Aston Martin,11.0,17.0,0.0,Finished,0
2024,6,Miami Grand Prix,ALB,Williams,14.0,18.0,0.0,Finished,0
2024,6,Miami Grand Prix,MAG,Haas F1 Team,18.0,19.0,0.0,Finished,0
2024,6,Miami Grand Prix,SAR,Williams,17.0,20.0,0.0,Retired,0
2024,7,Emilia Romagna Grand Prix,VER,Red Bull Racing,1.0,1.0,25.0,Finished,1
2024,7,Emilia Romagna Grand Prix,NOR,McLaren,2.0,2.0,18.0,Finished,1
2024,7,Emilia Romagna Grand Prix,LEC,Ferrari,3.0,3.0,15.0,Finished,1
2024,7,Emilia Romagna Grand Prix,PIA,McLaren,5.0,4.0,12.0,Finished,0
2024,7,Emilia Romagna Grand Prix,SAI,Ferrari,4.0,5.0,10.0,Finished,0
2024,7,Emilia Romagna Grand Prix,HAM,Mercedes,8.0,6.0,8.0,Finished,0
2024,7,Emilia Romagna Grand Prix,RUS,Mercedes,6.0,7.0,7.0,Finished,0
2024,7,Emilia Romagna Grand Prix,PER,Red Bull Racing,11.0,8.0,4.0,Finished,0
2024,7,Emilia Romagna Grand Prix,STR,Aston Martin,13.0,9.0,2.0,Finished,0
2024,7,Emilia Romagna Grand Prix,TSU,RB,7.0,10.0,1.0,Lapped,0
2024,7,Emilia Romagna Grand Prix,HUL,Haas F1 Team,10.0,11.0,0.0,Lapped,0
2024,7,Emilia Romagna Grand Prix,MAG,Haas F1 Team,18.0,12.0,0.0,Lapped,0
2024,7,Emilia Romagna Grand Prix,RIC,RB,9.0,13.0,0.0,Lapped,0
2024,7,Emilia Romagna Grand Prix,OCO,Alpine,12.0,14.0,0.0,Lapped,0
2024,7,Emilia Romagna Grand Prix,ZHO,Kick Sauber,17.0,15.0,0.0,Lapped,0
2024,7,Emilia Romagna Grand Prix,GAS,Alpine,15.0,16.0,0.0,Lapped,0
2024,7,Emilia Romagna Grand Prix,SAR,Williams,19.0,17.0,0.0,Lapped,0
2024,7,Emilia Romagna Grand Prix,BOT,Kick Sauber,16.0,18.0,0.0,Lapped,0
2024,7,Emilia Romagna Grand Prix,ALO,Aston Martin,20.0,19.0,0.0,Lapped,0
2024,7,Emilia Romagna Grand Prix,ALB,Williams,14.0,20.0,0.0,Retired,0
2024,8,Monaco Grand Prix,LEC,Ferrari,1.0,1.0,25.0,Finished,1
2024,8,Monaco Grand Prix,PIA,McLaren,2.0,2.0,18.0,Finished,1
2024,8,Monaco Grand Prix,SAI,Ferrari,3.0,3.0,15.0,Finished,1
2024,8,Monaco Grand Prix,NOR,McLaren,4.0,4.0,12.0,Finished,0
2024,8,Monaco Grand Prix,RUS,Mercedes,5.0,5.0,10.0,Finished,0
2024,8,Monaco Grand Prix,VER,Red Bull Racing,6.0,6.0,8.0,Finished,0
2024,8,Monaco Grand Prix,HAM,Mercedes,7.0,7.0,7.0,Finished,0
2024,8,Monaco Grand Prix,TSU,RB,8.0,8.0,4.0,Lapped,0
2024,8,Monaco Grand Prix,ALB,Williams,9.0,9.0,2.0,Lapped,0
2024,8,Monaco Grand Prix,GAS,Alpine,10.0,10.0,1.0,Lapped,0
2024,8,Monaco Grand Prix,ALO,Aston Martin,14.0,11.0,0.0,Lapped,0
2024,8,Monaco Grand Prix,RIC,RB,12.0,12.0,0.0,Lapped,0
2024,8,Monaco Grand Prix,BOT,Kick Sauber,17.0,13.0,0.0,Lapped,0
2024,8,Monaco Grand Prix,STR,Aston Martin,13.0,14.0,0.0,Lapped,0
2024,8,Monaco Grand Prix,SAR,Williams,15.0,15.0,0.0,Lapped,0
2024,8,Monaco Grand Prix,ZHO,Kick Sauber,18.0,16.0,0.0,Lapped,0
2024,8,Monaco Grand Prix,OCO,Alpine,11.0,17.0,0.0,Retired,0
2024,8,Monaco Grand Prix,PER,Red Bull Racing,16.0,18.0,0.0,Retired,0
2024,8,Monaco Grand Prix,HUL,Haas F1 Team,19.0,19.0,0.0,Retired,0
2024,8,Monaco Grand Prix,MAG,Haas F1 Team,20.0,20.0,0.0,Retired,0
2024,9,Canadian Grand Prix,VER,Red Bull Racing,2.0,1.0,25.0,Finished,1
2024,9,Canadian Grand Prix,NOR,McLaren,3.0,2.0,18.0,Finished,1
2024,9,Canadian Grand Prix,RUS,Mercedes,1.0,3.0,15.0,Finished,1
2024,9,Canadian Grand Prix,HAM,Mercedes,7.0,4.0,13.0,Finished,0
2024,9,Canadian Grand Prix,PIA,McLaren,4.0,5.0,10.0,Finished,0
2024,9,Canadian Grand Prix,ALO,Aston Martin,6.0,6.0,8.0,Finished,0
2024,9,Canadian Grand Prix,STR,Aston Martin,9.0,7.0,6.0,Finished,0
2024,9,Canadian Grand Prix,RIC,RB,5.0,8.0,4.0,Finished,0
2024,9,Canadian Grand Prix,GAS,Alpine,15.0,9.0,2.0,Finished,0
2024,9,Canadian Grand Prix,OCO,Alpine,18.0,10.0,1.0,Finished,0
2024,9,Canadian Grand Prix,HUL,Haas F1 Team,17.0,11.0,0.0,Finished,0
2024,9,Canadian Grand Prix,MAG,Haas F1 Team,14.0,12.0,0.0,Finished,0
2024,9,Canadian Grand Prix,BOT,Kick Sauber,19.0,13.0,0.0,Finished,0
2024,9,Canadian Grand Prix,TSU,RB,8.0,14.0,0.0,Finished,0
2024,9,Canadian Grand Prix,ZHO,Kick Sauber,20.0,15.0,0.0,Lapped,0
2024,9,Canadian Grand Prix,SAI,Ferrari,12.0,16.0,0.0,Retired,0
2024,9,Canadian Grand Prix,ALB,Williams,10.0,17.0,0.0,Retired,0
2024,9,Canadian Grand Prix,PER,Red Bull Racing,16.0,18.0,0.0,Retired,0
2024,9,Canadian Grand Prix,LEC,Ferrari,11.0,19.0,0.0,Retired,0
2024,9,Canadian Grand Prix,SAR,Williams,13.0,20.0,0.0,Retired,0
2024,10,Spanish Grand Prix,VER,Red Bull Racing,2.0,1.0,25.0,Finished,1
2024,10,Spanish Grand Prix,NOR,McLaren,1.0,2.0,19.0,Finished,1
2024,10,Spanish Grand Prix,HAM,Mercedes,3.0,3.0,15.0,Finished,1
2024,10,Spanish Grand Prix,RUS,Mercedes,4.0,4.0,12.0,Finished,0
2024,10,Spanish Grand Prix,LEC,Ferrari,5.0,5.0,10.0,Finished,0
2024,10,Spanish Grand Prix,SAI,Ferrari,6.0,6.0,8.0,Finished,0
2024,10,Spanish Grand Prix,PIA,McLaren,9.0,7.0,6.0,Finished,0
2024,10,Spanish Grand Prix,PER,Red Bull Racing,11.0,8.0,4.0,Finished,0
2024,10,Spanish Grand Prix,GAS,Alpine,7.0,9.0,2.0,Finished,0
2024,10,Spanish Grand Prix,OCO,Alpine,8.0,10.0,1.0,Finished,0
2024,10,Spanish Grand Prix,HUL,Haas F1 Team,13.0,11.0,0.0,Finished,0
2024,10,Spanish Grand Prix,ALO,Aston Martin,10.0,12.0,0.0,Lapped,0
2024,10,Spanish Grand Prix,ZHO,Kick Sauber,15.0,13.0,0.0,Lapped,0
2024,10,Spanish Grand Prix,STR,Aston Martin,14.0,14.0,0.0,Lapped,0
2024,10,Spanish Grand Prix,RIC,RB,18.0,15.0,0.0,Lapped,0
2024,10,Spanish Grand Prix,BOT,Kick Sauber,12.0,16.0,0.0,Lapped,0
2024,10,Spanish Grand Prix,MAG,Haas F1 Team,16.0,17.0,0.0,Lapped,0
2024,10,Spanish Grand Prix,ALB,Williams,20.0,18.0,0.0,Lapped,0
2024,10,Spanish Grand Prix,TSU,RB,17.0,19.0,0.0,Lapped,0
2024,10,Spanish Grand Prix,SAR,Williams,19.0,20.0,0.0,Lapped,0
2024,11,Austrian Grand Prix,RUS,Mercedes,3.0,1.0,25.0,Finished,1
2024,11,Austrian Grand Prix,PIA,McLaren,7.0,2.0,18.0,Finished,1
2024,11,Austrian Grand Prix,SAI,Ferrari,4.0,3.0,15.0,Finished,1
2024,11,Austrian Grand Prix,HAM,Mercedes,5.0,4.0,12.0,Finished,0
2024,11,Austrian Grand Prix,VER,Red Bull Racing,1.0,5.0,10.0,Finished,0
2024,11,Austrian Grand Prix,HUL,Haas F1 Team,9.0,6.0,8.0,Finished,0
2024,11,Austrian Grand Prix,PER,Red Bull Racing,8.0,7.0,6.0,Finished,0
2024,11,Austrian Grand Prix,MAG,Haas F1 Team,12.0,8.0,4.0,Finished,0
2024,11,Austrian Grand Prix,RIC,RB,11.0,9.0,2.0,Finished,0
2024,11,Austrian Grand Prix,GAS,Alpine,13.0,10.0,1.0,Finished,0
2024,11,Austrian Grand Prix,LEC,Ferrari,6.0,11.0,0.0,Finished,0
2024,11,Austrian Grand Prix,OCO,Alpine,10.0,12.0,0.0,Finished,0
2024,11,Austrian Grand Prix,STR,Aston Martin,17.0,13.0,0.0,Lapped,0
2024,11,Austrian Grand Prix,TSU,RB,14.0,14.0,0.0,Lapped,0
2024,11,Austrian Grand Prix,ALB,Williams,16.0,15.0,0.0,Lapped,0
2024,11,Austrian Grand Prix,BOT,Kick Sauber,18.0,16.0,0.0,Lapped,0
2024,11,Austrian Grand Prix,ZHO,Kick Sauber,20.0,17.0,0.0,Lapped,0
2024,11,Austrian Grand Prix,ALO,Aston Martin,15.0,18.0,0.0,Lapped,0
2024,11,Austrian Grand Prix,SAR,Williams,19.0,19.0,0.0,Lapped,0
2024,11,Austrian Grand Prix,NOR,McLaren,2.0,20.0,0.0,Lapped,0
2024,12,British Grand Prix,HAM,Mercedes,2.0,1.0,25.0,Finished,1
2024,12,British Grand Prix,VER,Red Bull Racing,4.0,2.0,18.0,Finished,1
2024,12,British Grand Prix,NOR,McLaren,3.0,3.0,15.0,Finished,1
2024,12,British Grand Prix,PIA,McLaren,5.0,4.0,12.0,Finished,0
2024,12,British Grand Prix,SAI,Ferrari,7.0,5.0,11.0,Finished,0
2024,12,British Grand Prix,HUL,Haas F1 Team,6.0,6.0,8.0,Finished,0
2024,12,British Grand Prix,STR,Aston Martin,8.0,7.0,6.0,Finished,0
2024,12,British Grand Prix,ALO,Aston Martin,10.0,8.0,4.0,Finished,0
2024,12,British Grand Prix,ALB,Williams,9.0,9.0,2.0,Finished,0
2024,12,British Grand Prix,TSU,RB,13.0,10.0,1.0,Finished,0
2024,12,British Grand Prix,SAR,Williams,12.0,11.0,0.0,Finished,0
2024,12,British Grand Prix,MAG,Haas F1 Team,17.0,12.0,0.0,Finished,0
2024,12,British Grand Prix,RIC,RB,15.0,13.0,0.0,Lapped,0
2024,12,British Grand Prix,LEC,Ferrari,11.0,14.0,0.0,Lapped,0
2024,12,British Grand Prix,BOT,Kick Sauber,16.0,15.0,0.0,Lapped,0
2024,12,British Grand Prix,OCO,Alpine,18.0,16.0,0.0,Lapped,0
2024,12,British Grand Prix,PER,Red Bull Racing,20.0,17.0,0.0,Lapped,0
2024,12,British Grand Prix,ZHO,Kick Sauber,14.0,18.0,0.0,Lapped,0
2024,12,British Grand Prix,RUS,Mercedes,1.0,19.0,0.0,Retired,0
2024,12,British Grand Prix,GAS,Alpine,19.0,20.0,0.0,Did not start,0
2024,13,Hungarian Grand Prix,PIA,McLaren,2.0,1.0,25.0,Finished,1
2024,13,Hungarian Grand Prix,NOR,McLaren,1.0,2.0,18.0,Finished,1
2024,13,Hungarian Grand Prix,HAM,Mercedes,5.0,3.0,15.0,Finished,1
2024,13,Hungarian Grand Prix,LEC,Ferrari,6.0,4.0,12.0,Finished,0
2024,13,Hungarian Grand Prix,VER,Red Bull Racing,3.0,5.0,10.0,Finished,0
2024,13,Hungarian Grand Prix,SAI,Ferrari,4.0,6.0,8.0,Finished,0
2024,13,Hungarian Grand Prix,PER,Red Bull Racing,16.0,7.0,6.0,Finished,0
2024,13,Hungarian Grand Prix,RUS,Mercedes,17.0,8.0,5.0,Finished,0
2024,13,Hungarian Grand Prix,TSU,RB,10.0,9.0,2.0,Finished,0
2024,13,Hungarian Grand Prix,STR,Aston Martin,8.0,10.0,1.0,Finished,0
2024,13,Hungarian Grand Prix,ALO,Aston Martin,7.0,11.0,0.0,Finished,0
2024,13,Hungarian Grand Prix,RIC,RB,9.0,12.0,0.0,Lapped,0
2024,13,Hungarian Grand Prix,HUL,Haas F1 Team,11.0,13.0,0.0,Lapped,0
2024,13,Hungarian Grand Prix,ALB,Williams,13.0,14.0,0.0,Lapped,0
2024,13,Hungarian Grand Prix,MAG,Haas F1 Team,15.0,15.0,0.0,Lapped,0
2024,13,Hungarian Grand Prix,BOT,Kick Sauber,12.0,16.0,0.0,Lapped,0
2024,13,Hungarian Grand Prix,SAR,Williams,14.0,17.0,0.0,Lapped,0
2024,13,Hungarian Grand Prix,OCO,Alpine,19.0,18.0,0.0,Lapped,0
2024,13,Hungarian Grand Prix,ZHO,Kick Sauber,18.0,19.0,0.0,Lapped,0
2024,13,Hungarian Grand Prix,GAS,Alpine,20.0,20.0,0.0,Retired,0
2024,14,Belgian Grand Prix,HAM,Mercedes,3.0,1.0,25.0,Finished,1
2024,14,Belgian Grand Prix,PIA,McLaren,5.0,2.0,18.0,Finished,1
2024,14,Belgian Grand Prix,LEC,Ferrari,1.0,3.0,15.0,Finished,1
2024,14,Belgian Grand Prix,VER,Red Bull Racing,11.0,4.0,12.0,Finished,0
2024,14,Belgian Grand Prix,NOR,McLaren,4.0,5.0,10.0,Finished,0
2024,14,Belgian Grand Prix,SAI,Ferrari,7.0,6.0,8.0,Finished,0
2024,14,Belgian Grand Prix,PER,Red Bull Racing,2.0,7.0,7.0,Finished,0
2024,14,Belgian Grand Prix,ALO,Aston Martin,8.0,8.0,4.0,Finished,0
2024,14,Belgian Grand Prix,OCO,Alpine,9.0,9.0,2.0,Finished,0
2024,14,Belgian Grand Prix,RIC,RB,13.0,10.0,1.0,Finished,0
2024,14,Belgian Grand Prix,STR,Aston Martin,15.0,11.0,0.0,Finished,0
2024,14,Belgian Grand Prix,ALB,Williams,10.0,12.0,0.0,Finished,0
2024,14,Belgian Grand Prix,GAS,Alpine,12.0,13.0,0.0,Finished,0
2024,14,Belgian Grand Prix,MAG,Haas F1 Team,17.0,14.0,0.0,Finished,0
2024,14,Belgian Grand Prix,BOT,Kick Sauber,14.0,15.0,0.0,Finished,0
2024,14,Belgian Grand Prix,TSU,RB,20.0,16.0,0.0,Finished,0
2024,14,Belgian Grand Prix,SAR,Williams,18.0,17.0,0.0,Finished,0
2024,14,Belgian Grand Prix,HUL,Haas F1 Team,16.0,18.0,0.0,Finished,0
2024,14,Belgian Grand Prix,ZHO,Kick Sauber,19.0,19.0,0.0,Retired,0
2024,14,Belgian Grand Prix,RUS,Mercedes,6.0,20.0,0.0,Disqualified,0
2024,15,Dutch Grand Prix,NOR,McLaren,1.0,1.0,26.0,Finished,1
2024,15,Dutch Grand Prix,VER,Red Bull Racing,2.0,2.0,18.0,Finished,1
2024,15,Dutch Grand Prix,LEC,Ferrari,6.0,3.0,15.0,Finished,1
2024,15,Dutch Grand Prix,PIA,McLaren,3.0,4.0,12.0,Finished,0
2024,15,Dutch Grand Prix,SAI,Ferrari,10.0,5.0,10.0,Finished,0
2024,15,Dutch Grand Prix,PER,Red Bull Racing,5.0,6.0,8.0,Finished,0
2024,15,Dutch Grand Prix,RUS,Mercedes,4.0,7.0,6.0,Finished,0
2024,15,Dutch Grand Prix,HAM,Mercedes,14.0,8.0,4.0,Finished,0
2024,15,Dutch Grand Prix,GAS,Alpine,9.0,9.0,2.0,Lapped,0
2024,15,Dutch Grand Prix,ALO,Aston Martin,7.0,10.0,1.0,Lapped,0
2024,15,Dutch Grand Prix,HUL,Haas F1 Team,12.0,11.0,0.0,Lapped,0
2024,15,Dutch Grand Prix,RIC,RB,13.0,12.0,0.0,Lapped,0
2024,15,Dutch Grand Prix,STR,Aston Martin,8.0,13.0,0.0,Lapped,0
2024,15,Dutch Grand Prix,ALB,Williams,19.0,14.0,0.0,Lapped,0
2024,15,Dutch Grand Prix,OCO,Alpine,15.0,15.0,0.0,Lapped,0
2024,15,Dutch Grand Prix,SAR,Williams,18.0,16.0,0.0,Lapped,0
2024,15,Dutch Grand Prix,TSU,RB,11.0,17.0,0.0,Lapped,0
2024,15,Dutch Grand Prix,MAG,Haas F1 Team,20.0,18.0,0.0,Lapped,0
2024,15,Dutch Grand Prix,BOT,Kick Sauber,16.0,19.0,0.0,Lapped,0
2024,15,Dutch Grand Prix,ZHO,Kick Sauber,17.0,20.0,0.0,Lapped,0
2024,16,Italian Grand Prix,LEC,Ferrari,4.0,1.0,25.0,Finished,1
2024,16,Italian Grand Prix,PIA,McLaren,2.0,2.0,18.0,Finished,1
2024,16,Italian Grand Prix,NOR,McLaren,1.0,3.0,16.0,Finished,1
2024,16,Italian Grand Prix,SAI,Ferrari,5.0,4.0,12.0,Finished,0
2024,16,Italian Grand Prix,HAM,Mercedes,6.0,5.0,10.0,Finished,0
2024,16,Italian Grand Prix,VER,Red Bull Racing,7.0,6.0,8.0,Finished,0
2024,16,Italian Grand Prix,RUS,Mercedes,3.0,7.0,6.0,Finished,0
2024,16,Italian Grand Prix,PER,Red Bull Racing,8.0,8.0,4.0,Finished,0
2024,16,Italian Grand Prix,ALB,Williams,9.0,9.0,2.0,Finished,0
2024,16,Italian Grand Prix,MAG,Haas F1 Team,13.0,10.0,1.0,Finished,0
2024,16,Italian Grand Prix,ALO,Aston Martin,11.0,11.0,0.0,Finished,0
2024,16,Italian Grand Prix,COL,Williams,18.0,12.0,0.0,Finished,0
2024,16,Italian Grand Prix,RIC,RB,12.0,13.0,0.0,Finished,0
2024,16,Italian Grand Prix,OCO,Alpine,15.0,14.0,0.0,Lapped,0
2024,16,Italian Grand Prix,GAS,Alpine,14.0,15.0,0.0,Lapped,0
2024,16,Italian Grand Prix,BOT,Kick Sauber,19.0,16.0,0.0,Lapped,0
2024,16,Italian Grand Prix,HUL,Haas F1 Team,10.0,17.0,0.0,Lapped,0
2024,16,Italian Grand Prix,ZHO,Kick Sauber,20.0,18.0,0.0,Lapped,0
2024,16,Italian Grand Prix,STR,Aston Martin,17.0,19.0,0.0,Lapped,0
2024,16,Italian Grand Prix,TSU,RB,16.0,20.0,0.0,Retired,0
2024,17,Azerbaijan Grand Prix,PIA,McLaren,2.0,1.0,25.0,Finished,1
2024,17,Azerbaijan Grand Prix,LEC,Ferrari,1.0,2.0,18.0,Finished,1
2024,17,Azerbaijan Grand Prix,RUS,Mercedes,5.0,3.0,15.0,Finished,1
2024,17,Azerbaijan Grand Prix,NOR,McLaren,15.0,4.0,13.0,Finished,0
2024,17,Azerbaijan Grand Prix,VER,Red Bull Racing,6.0,5.0,10.0,Finished,0
2024,17,Azerbaijan Grand Prix,ALO,Aston Martin,7.0,6.0,8.0,Finished,0
2024,17,Azerbaijan Grand Prix,ALB,Williams,9.0,7.0,6.0,Finished,0
2024,17,Azerbaijan Grand Prix,COL,Williams,8.0,8.0,4.0,Finished,0
2024,17,Azerbaijan Grand Prix,HAM,Mercedes,19.0,9.0,2.0,Finished,0
2024,17,Azerbaijan Grand Prix,BEA,Haas F1 Team,10.0,10.0,1.0,Finished,0
2024,17,Azerbaijan Grand Prix,HUL,Haas F1 Team,12.0,11.0,0.0,Finished,0
2024,17,Azerbaijan Grand Prix,GAS,Alpine,18.0,12.0,0.0,Finished,0
2024,17,Azerbaijan Grand Prix,RIC,RB,14.0,13.0,0.0,Finished,0
2024,17,Azerbaijan Grand Prix,ZHO,Kick Sauber,17.0,14.0,0.0,Finished,0
2024,17,Azerbaijan Grand Prix,OCO,Alpine,20.0,15.0,0.0,Lapped,0
2024,17,Azerbaijan Grand Prix,BOT,Kick Sauber,16.0,16.0,0.0,Lapped,0
2024,17,Azerbaijan Grand Prix,PER,Red Bull Racing,4.0,17.0,0.0,Retired,0
2024,17,Azerbaijan Grand Prix,SAI,Ferrari,3.0,18.0,0.0,Retired,0
2024,17,Azerbaijan Grand Prix,STR,Aston Martin,13.0,19.0,0.0,Retired,0
2024,17,Azerbaijan Grand Prix,TSU,RB,11.0,20.0,0.0,Retired,0
2024,18,Singapore Grand Prix,NOR,McLaren,1.0,1.0,25.0,Finished,1
2024,18,Singapore Grand Prix,VER,Red Bull Racing,2.0,2.0,18.0,Finished,1
2024,18,Singapore Grand Prix,PIA,McLaren,5.0,3.0,15.0,Finished,1
2024,18,Singapore Grand Prix,RUS,Mercedes,4.0,4.0,12.0,Finished,0
2024,18,Singapore Grand Prix,LEC,Ferrari,9.0,5.0,10.0,Finished,0
2024,18,Singapore Grand Prix,HAM,Mercedes,3.0,6.0,8.0,Finished,0
2024,18,Singapore Grand Prix,SAI,Ferrari,10.0,7.0,6.0,Finished,0
2024,18,Singapore Grand Prix,ALO,Aston Martin,7.0,8.0,4.0,Lapped,0
2024,18,Singapore Grand Prix,HUL,Haas F1 Team,6.0,9.0,2.0,Lapped,0
2024,18,Singapore Grand Prix,PER,Red Bull Racing,13.0,10.0,1.0,Lapped,0
2024,18,Singapore Grand Prix,COL,Williams,12.0,11.0,0.0,Lapped,0
2024,18,Singapore Grand Prix,TSU,RB,8.0,12.0,0.0,Lapped,0
2024,18,Singapore Grand Prix,OCO,Alpine,15.0,13.0,0.0,Lapped,0
2024,18,Singapore Grand Prix,STR,Aston Martin,17.0,14.0,0.0,Lapped,0
2024,18,Singapore Grand Prix,ZHO,Kick Sauber,20.0,15.0,0.0,Lapped,0
2024,18,Singapore Grand Prix,BOT,Kick Sauber,19.0,16.0,0.0,Lapped,0
2024,18,Singapore Grand Prix,GAS,Alpine,18.0,17.0,0.0,Lapped,0
2024,18,Singapore Grand Prix,RIC,RB,16.0,18.0,0.0,Lapped,0
2024,18,Singapore Grand Prix,MAG,Haas F1 Team,14.0,19.0,0.0,Retired,0
2024,18,Singapore Grand Prix,ALB,Williams,11.0,20.0,0.0,Retired,0
2024,19,United States Grand Prix,LEC,Ferrari,4.0,1.0,25.0,Finished,1
2024,19,United States Grand Prix,SAI,Ferrari,3.0,2.0,18.0,Finished,1
2024,19,United States Grand Prix,VER,Red Bull Racing,2.0,3.0,15.0,Finished,1
2024,19,United States Grand Prix,NOR,McLaren,1.0,4.0,12.0,Finished,0
2024,19,United States Grand Prix,PIA,McLaren,5.0,5.0,10.0,Finished,0
2024,19,United States Grand Prix,RUS,Mercedes,20.0,6.0,8.0,Finished,0
2024,19,United States Grand Prix,PER,Red Bull Racing,9.0,7.0,6.0,Finished,0
2024,19,United States Grand Prix,HUL,Haas F1 Team,11.0,8.0,4.0,Finished,0
2024,19,United States Grand Prix,LAW,RB,19.0,9.0,2.0,Finished,0
2024,19,United States Grand Prix,COL,Williams,15.0,10.0,1.0,Finished,0
2024,19,United States Grand Prix,MAG,Haas F1 Team,8.0,11.0,0.0,Finished,0
2024,19,United States Grand Prix,GAS,Alpine,6.0,12.0,0.0,Finished,0
2024,19,United States Grand Prix,ALO,Aston Martin,7.0,13.0,0.0,Lapped,0
2024,19,United States Grand Prix,TSU,RB,10.0,14.0,0.0,Lapped,0
2024,19,United States Grand Prix,STR,Aston Martin,13.0,15.0,0.0,Lapped,0
2024,19,United States Grand Prix,ALB,Williams,14.0,16.0,0.0,Lapped,0
2024,19,United States Grand Prix,BOT,Kick Sauber,16.0,17.0,0.0,Lapped,0
2024,19,United States Grand Prix,OCO,Alpine,12.0,18.0,0.0,Lapped,0
2024,19,United States Grand Prix,ZHO,Kick Sauber,18.0,19.0,0.0,Lapped,0
2024,19,United States Grand Prix,HAM,Mercedes,17.0,20.0,0.0,Retired,0
2024,20,Mexico City Grand Prix,SAI,Ferrari,1.0,1.0,25.0,Finished,1
2024,20,Mexico City Grand Prix,NOR,McLaren,3.0,2.0,18.0,Finished,1
2024,20,Mexico City Grand Prix,LEC,Ferrari,4.0,3.0,16.0,Finished,1
2024,20,Mexico City Grand Prix,HAM,Mercedes,6.0,4.0,12.0,Finished,0
2024,20,Mexico City Grand Prix,RUS,Mercedes,5.0,5.0,10.0,Finished,0
2024,20,Mexico City Grand Prix,VER,Red Bull Racing,2.0,6.0,8.0,Finished,0
2024,20,Mexico City Grand Prix,MAG,Haas F1 Team,7.0,7.0,6.0,Finished,0
2024,20,Mexico City Grand Prix,PIA,McLaren,17.0,8.0,4.0,Finished,0
2024,20,Mexico City Grand Prix,HUL,Haas F1 Team,10.0,9.0,2.0,Lapped,0
2024,20,Mexico City Grand Prix,GAS,Alpine,8.0,10.0,1.0,Lapped,0
2024,20,Mexico City Grand Prix,STR,Aston Martin,14.0,11.0,0.0,Lapped,0
2024,20,Mexico City Grand Prix,COL,Williams,16.0,12.0,0.0,Lapped,0
2024,20,Mexico City Grand Prix,OCO,Alpine,0.0,13.0,0.0,Lapped,0
2024,20,Mexico City Grand Prix,BOT,Kick Sauber,15.0,14.0,0.0,Lapped,0
2024,20,Mexico City Grand Prix,ZHO,Kick Sauber,19.0,15.0,0.0,Lapped,0
2024,20,Mexico City Grand Prix,LAW,RB,12.0,16.0,0.0,Lapped,0
2024,20,Mexico City Grand Prix,PER,Red Bull Racing,18.0,17.0,0.0,Lapped,0
2024,20,Mexico City Grand Prix,ALO,Aston Martin,13.0,18.0,0.0,Retired,0
2024,20,Mexico City Grand Prix,ALB,Williams,9.0,19.0,0.0,Retired,0
2024,20,Mexico City Grand Prix,TSU,RB,11.0,20.0,0.0,Retired,0
2024,21,São Paulo Grand Prix,VER,Red Bull Racing,17.0,1.0,26.0,Finished,1
2024,21,São Paulo Grand Prix,OCO,Alpine,4.0,2.0,18.0,Finished,1
2024,21,São Paulo Grand Prix,GAS,Alpine,13.0,3.0,15.0,Finished,1
2024,21,São Paulo Grand Prix,RUS,Mercedes,2.0,4.0,12.0,Finished,0
2024,21,São Paulo Grand Prix,LEC,Ferrari,6.0,5.0,10.0,Finished,0
2024,21,São Paulo Grand Prix,NOR,McLaren,1.0,6.0,8.0,Finished,0
2024,21,São Paulo Grand Prix,TSU,RB,3.0,7.0,6.0,Finished,0
2024,21,São Paulo Grand Prix,PIA,McLaren,8.0,8.0,4.0,Finished,0
2024,21,São Paulo Grand Prix,LAW,RB,5.0,9.0,2.0,Finished,0
2024,21,São Paulo Grand Prix,HAM,Mercedes,14.0,10.0,1.0,Finished,0
2024,21,São Paulo Grand Prix,PER,Red Bull Racing,12.0,11.0,0.0,Finished,0
2024,21,São Paulo Grand Prix,BEA,Haas F1 Team,15.0,12.0,0.0,Finished,0
2024,21,São Paulo Grand Prix,BOT,Kick Sauber,11.0,13.0,0.0,Finished,0
2024,21,São Paulo Grand Prix,ALO,Aston Martin,9.0,14.0,0.0,Finished,0
2024,21,São Paulo Grand Prix,ZHO,Kick Sauber,19.0,15.0,0.0,Finished,0
2024,21,São Paulo Grand Prix,SAI,Ferrari,20.0,16.0,0.0,Retired,0
2024,21,São Paulo Grand Prix,COL,Williams,16.0,17.0,0.0,Retired,0
2024,21,São Paulo Grand Prix,ALB,Williams,7.0,18.0,0.0,Did not start,0
2024,21,São Paulo Grand Prix,STR,Aston Martin,10.0,19.0,0.0,Did not start,0
2024,21,São Paulo Grand Prix,HUL,Haas F1 Team,18.0,20.0,0.0,Disqualified,0
2024,22,Las Vegas Grand Prix,RUS,Mercedes,1.0,1.0,25.0,Finished,1
2024,22,Las Vegas Grand Prix,HAM,Mercedes,10.0,2.0,18.0,Finished,1
2024,22,Las Vegas Grand Prix,SAI,Ferrari,2.0,3.0,15.0,Finished,1
2024,22,Las Vegas Grand Prix,LEC,Ferrari,4.0,4.0,12.0,Finished,0
2024,22,Las Vegas Grand Prix,VER,Red Bull Racing,5.0,5.0,10.0,Finished,0
2024,22,Las Vegas Grand Prix,NOR,McLaren,6.0,6.0,9.0,Finished,0
2024,22,Las Vegas Grand Prix,PIA,McLaren,8.0,7.0,6.0,Finished,0
2024,22,Las Vegas Grand Prix,HUL,Haas F1 Team,9.0,8.0,4.0,Finished,0
2024,22,Las Vegas Grand Prix,TSU,RB,7.0,9.0,2.0,Finished,0
2024,22,Las Vegas Grand Prix,PER,Red Bull Racing,15.0,10.0,1.0,Finished,0
2024,22,Las Vegas Grand Prix,ALO,Aston Martin,16.0,11.0,0.0,Finished,0
2024,22,Las Vegas Grand Prix,MAG,Haas F1 Team,12.0,12.0,0.0,Finished,0
2024,22,Las Vegas Grand Prix,ZHO,Kick Sauber,13.0,13.0,0.0,Finished,0
2024,22,Las Vegas Grand Prix,COL,Williams,20.0,14.0,0.0,Finished,0
2024,22,Las Vegas Grand Prix,STR,Aston Martin,18.0,15.0,0.0,Finished,0
2024,22,Las Vegas Grand Prix,LAW,RB,14.0,16.0,0.0,Finished,0
2024,22,Las Vegas Grand Prix,OCO,Alpine,11.0,17.0,0.0,Lapped,0
2024,22,Las Vegas Grand Prix,BOT,Kick Sauber,19.0,18.0,0.0,Lapped,0
2024,22,Las Vegas Grand Prix,ALB,Williams,17.0,19.0,0.0,Retired,0
2024,22,Las Vegas Grand Prix,GAS,Alpine,3.0,20.0,0.0,Retired,0
2024,23,Qatar Grand Prix,VER,Red Bull Racing,2.0,1.0,25.0,Finished,1
2024,23,Qatar Grand Prix,LEC,Ferrari,5.0,2.0,18.0,Finished,1
2024,23,Qatar Grand Prix,PIA,McLaren,4.0,3.0,15.0,Finished,1
2024,23,Qatar Grand Prix,RUS,Mercedes,1.0,4.0,12.0,Finished,0
2024,23,Qatar Grand Prix,GAS,Alpine,11.0,5.0,10.0,Finished,0
2024,23,Qatar Grand Prix,SAI,Ferrari,7.0,6.0,8.0,Finished,0
2024,23,Qatar Grand Prix,ALO,Aston Martin,8.0,7.0,6.0,Finished,0
2024,23,Qatar Grand Prix,ZHO,Kick Sauber,12.0,8.0,4.0,Finished,0
2024,23,Qatar Grand Prix,MAG,Haas F1 Team,10.0,9.0,2.0,Finished,0
2024,23,Qatar Grand Prix,NOR,McLaren,3.0,10.0,2.0,Finished,0
2024,23,Qatar Grand Prix,BOT,Kick Sauber,13.0,11.0,0.0,Finished,0
2024,23,Qatar Grand Prix,HAM,Mercedes,6.0,12.0,0.0,Finished,0
2024,23,Qatar Grand Prix,TSU,RB,14.0,13.0,0.0,Finished,0
2024,23,Qatar Grand Prix,LAW,RB,17.0,14.0,0.0,Finished,0
2024,23,Qatar Grand Prix,ALB,Williams,16.0,15.0,0.0,Lapped,0
2024,23,Qatar Grand Prix,HUL,Haas F1 Team,18.0,16.0,0.0,Retired,0
2024,23,Qatar Grand Prix,PER,Red Bull Racing,9.0,17.0,0.0,Retired,0
2024,23,Qatar Grand Prix,STR,Aston Martin,15.0,18.0,0.0,Retired,0
2024,23,Qatar Grand Prix,COL,Williams,19.0,19.0,0.0,Retired,0
2024,23,Qatar Grand Prix,OCO,Alpine,20.0,20.0,0.0,Retired,0
2024,24,Abu Dhabi Grand Prix,NOR,McLaren,1.0,1.0,25.0,Finished,1
2024,24,Abu Dhabi Grand Prix,SAI,Ferrari,3.0,2.0,18.0,Finished,1
2024,24,Abu Dhabi Grand Prix,LEC,Ferrari,19.0,3.0,15.0,Finished,1
2024,24,Abu Dhabi Grand Prix,HAM,Mercedes,16.0,4.0,12.0,Finished,0
2024,24,Abu Dhabi Grand Prix,RUS,Mercedes,6.0,5.0,10.0,Finished,0
2024,24,Abu Dhabi Grand Prix,VER,Red Bull Racing,4.0,6.0,8.0,Finished,0
2024,24,Abu Dhabi Grand Prix,GAS,Alpine,5.0,7.0,6.0,Finished,0
2024,24,Abu Dhabi Grand Prix,HUL,Haas F1 Team,7.0,8.0,4.0,Finished,0
2024,24,Abu Dhabi Grand Prix,ALO,Aston Martin,8.0,9.0,2.0,Finished,0
2024,24,Abu Dhabi Grand Prix,PIA,McLaren,2.0,10.0,1.0,Finished,0
2024,24,Abu Dhabi Grand Prix,ALB,Williams,18.0,11.0,0.0,Lapped,0
2024,24,Abu Dhabi Grand Prix,TSU,RB,11.0,12.0,0.0,Lapped,0
2024,24,Abu Dhabi Grand Prix,ZHO,Kick Sauber,15.0,13.0,0.0,Lapped,0
2024,24,Abu Dhabi Grand Prix,STR,Aston Martin,13.0,14.0,0.0,Lapped,0
2024,24,Abu Dhabi Grand Prix,DOO,Alpine,17.0,15.0,0.0,Lapped,0
2024,24,Abu Dhabi Grand Prix,MAG,Haas F1 Team,14.0,16.0,0.0,Lapped,0
2024,24,Abu Dhabi Grand Prix,LAW,RB,12.0,17.0,0.0,Retired,0
2024,24,Abu Dhabi Grand Prix,BOT,Kick Sauber,9.0,18.0,0.0,Retired,0
2024,24,Abu Dhabi Grand Prix,COL,Williams,20.0,19.0,0.0,Retired,0
2024,24,Abu Dhabi Grand Prix,PER,Red Bull Racing,10.0,20.0,0.0,Retired,0
2025,1,Australian Grand Prix,NOR,McLaren,1.0,1.0,25.0,Finished,1
2025,1,Australian Grand Prix,VER,Red Bull Racing,3.0,2.0,18.0,Finished,1
2025,1,Australian Grand Prix,RUS,Mercedes,4.0,3.0,15.0,Finished,1
2025,1,Australian Grand Prix,ANT,Mercedes,16.0,4.0,12.0,Finished,0
2025,1,Australian Grand Prix,ALB,Williams,6.0,5.0,10.0,Finished,0
2025,1,Australian Grand Prix,STR,Aston Martin,13.0,6.0,8.0,Finished,0
2025,1,Australian Grand Prix,HUL,Kick Sauber,17.0,7.0,6.0,Finished,0
2025,1,Australian Grand Prix,LEC,Ferrari,7.0,8.0,4.0,Finished,0
2025,1,Australian Grand Prix,PIA,McLaren,2.0,9.0,2.0,Finished,0
2025,1,Australian Grand Prix,HAM,Ferrari,8.0,10.0,1.0,Finished,0
2025,1,Australian Grand Prix,GAS,Alpine,9.0,11.0,0.0,Finished,0
2025,1,Australian Grand Prix,TSU,Racing Bulls,5.0,12.0,0.0,Finished,0
2025,1,Australian Grand Prix,OCO,Haas F1 Team,19.0,13.0,0.0,Finished,0
2025,1,Australian Grand Prix,BEA,Haas F1 Team,20.0,14.0,0.0,Finished,0
2025,1,Australian Grand Prix,LAW,Red Bull Racing,18.0,15.0,0.0,Retired,0
2025,1,Australian Grand Prix,BOR,Kick Sauber,15.0,16.0,0.0,Retired,0
2025,1,Australian Grand Prix,ALO,Aston Martin,12.0,17.0,0.0,Retired,0
2025,1,Australian Grand Prix,SAI,Williams,10.0,18.0,0.0,Retired,0
2025,1,Australian Grand Prix,DOO,Alpine,14.0,19.0,0.0,Retired,0
2025,1,Australian Grand Prix,HAD,Racing Bulls,11.0,20.0,0.0,Retired,0
2025,2,Chinese Grand Prix,PIA,McLaren,1.0,1.0,25.0,Finished,1
2025,2,Chinese Grand Prix,NOR,McLaren,3.0,2.0,18.0,Finished,1
2025,2,Chinese Grand Prix,RUS,Mercedes,2.0,3.0,15.0,Finished,1
2025,2,Chinese Grand Prix,VER,Red Bull Racing,4.0,4.0,12.0,Finished,0
2025,2,Chinese Grand Prix,OCO,Haas F1 Team,11.0,5.0,10.0,Finished,0
2025,2,Chinese Grand Prix,ANT,Mercedes,8.0,6.0,8.0,Finished,0
2025,2,Chinese Grand Prix,ALB,Williams,10.0,7.0,6.0,Finished,0
2025,2,Chinese Grand Prix,BEA,Haas F1 Team,17.0,8.0,4.0,Finished,0
2025,2,Chinese Grand Prix,STR,Aston Martin,14.0,9.0,2.0,Finished,0
2025,2,Chinese Grand Prix,SAI,Williams,15.0,10.0,1.0,Finished,0
2025,2,Chinese Grand Prix,HAD,Racing Bulls,7.0,11.0,0.0,Finished,0
2025,2,Chinese Grand Prix,LAW,Red Bull Racing,20.0,12.0,0.0,Finished,0
2025,2,Chinese Grand Prix,DOO,Alpine,18.0,13.0,0.0,Finished,0
2025,2,Chinese Grand Prix,BOR,Kick Sauber,19.0,14.0,0.0,Lapped,0
2025,2,Chinese Grand Prix,HUL,Kick Sauber,12.0,15.0,0.0,Lapped,0
2025,2,Chinese Grand Prix,TSU,Racing Bulls,9.0,16.0,0.0,Lapped,0
2025,2,Chinese Grand Prix,ALO,Aston Martin,13.0,17.0,0.0,Retired,0
2025,2,Chinese Grand Prix,LEC,Ferrari,6.0,18.0,0.0,Disqualified,0
2025,2,Chinese Grand Prix,HAM,Ferrari,5.0,19.0,0.0,Disqualified,0
2025,2,Chinese Grand Prix,GAS,Alpine,16.0,20.0,0.0,Disqualified,0
2025,3,Japanese Grand Prix,VER,Red Bull Racing,1.0,1.0,25.0,Finished,1
2025,3,Japanese Grand Prix,NOR,McLaren,2.0,2.0,18.0,Finished,1
2025,3,Japanese Grand Prix,PIA,McLaren,3.0,3.0,15.0,Finished,1
2025,3,Japanese Grand Prix,LEC,Ferrari,4.0,4.0,12.0,Finished,0
2025,3,Japanese Grand Prix,RUS,Mercedes,5.0,5.0,10.0,Finished,0
2025,3,Japanese Grand Prix,ANT,Mercedes,6.0,6.0,8.0,Finished,0
2025,3,Japanese Grand Prix,HAM,Ferrari,8.0,7.0,6.0,Finished,0
2025,3,Japanese Grand Prix,HAD,Racing Bulls,7.0,8.0,4.0,Finished,0
2025,3,Japanese Grand Prix,ALB,Williams,9.0,9.0,2.0,Finished,0
2025,3,Japanese Grand Prix,BEA,Haas F1 Team,10.0,10.0,1.0,Finished,0
2025,3,Japanese Grand Prix,ALO,Aston Martin,12.0,11.0,0.0,Finished,0
2025,3,Japanese Grand Prix,TSU,Red Bull Racing,14.0,12.0,0.0,Finished,0
2025,3,Japanese Grand Prix,GAS,Alpine,11.0,13.0,0.0,Finished,0
2025,3,Japanese Grand Prix,SAI,Williams,15.0,14.0,0.0,Finished,0
2025,3,Japanese Grand Prix,DOO,Alpine,19.0,15.0,0.0,Finished,0
2025,3,Japanese Grand Prix,HUL,Kick Sauber,16.0,16.0,0.0,Finished,0
2025,3,Japanese Grand Prix,LAW,Racing Bulls,13.0,17.0,0.0,Finished,0
2025,3,Japanese Grand Prix,OCO,Haas F1 Team,18.0,18.0,0.0,Finished,0
2025,3,Japanese Grand Prix,BOR,Kick Sauber,17.0,19.0,0.0,Finished,0
2025,3,Japanese Grand Prix,STR,Aston Martin,20.0,20.0,0.0,Lapped,0
2025,4,Bahrain Grand Prix,PIA,McLaren,1.0,1.0,25.0,Finished,1
2025,4,Bahrain Grand Prix,RUS,Mercedes,3.0,2.0,18.0,Finished,1
2025,4,Bahrain Grand Prix,NOR,McLaren,6.0,3.0,15.0,Finished,1
2025,4,Bahrain Grand Prix,LEC,Ferrari,2.0,4.0,12.0,Finished,0
2025,4,Bahrain Grand Prix,HAM,Ferrari,9.0,5.0,10.0,Finished,0
2025,4,Bahrain Grand Prix,VER,Red Bull Racing,7.0,6.0,8.0,Finished,0
2025,4,Bahrain Grand Prix,GAS,Alpine,4.0,7.0,6.0,Finished,0
2025,4,Bahrain Grand Prix,OCO,Haas F1 Team,14.0,8.0,4.0,Finished,0
2025,4,Bahrain Grand Prix,TSU,Red Bull Racing,10.0,9.0,2.0,Finished,0
2025,4,Bahrain Grand Prix,BEA,Haas F1 Team,20.0,10.0,1.0,Finished,0
2025,4,Bahrain Grand Prix,ANT,Mercedes,5.0,11.0,0.0,Finished,0
2025,4,Bahrain Grand Prix,ALB,Williams,15.0,12.0,0.0,Finished,0
2025,4,Bahrain Grand Prix,HAD,Racing Bulls,12.0,13.0,0.0,Finished,0
2025,4,Bahrain Grand Prix,DOO,Alpine,11.0,14.0,0.0,Finished,0
2025,4,Bahrain Grand Prix,ALO,Aston Martin,13.0,15.0,0.0,Finished,0
2025,4,Bahrain Grand Prix,LAW,Racing Bulls,17.0,16.0,0.0,Finished,0
2025,4,Bahrain Grand Prix,STR,Aston Martin,19.0,17.0,0.0,Finished,0
2025,4,Bahrain Grand Prix,BOR,Kick Sauber,18.0,18.0,0.0,Finished,0
2025,4,Bahrain Grand Prix,SAI,Williams,8.0,19.0,0.0,Retired,0
2025,4,Bahrain Grand Prix,HUL,Kick Sauber,16.0,20.0,0.0,Disqualified,0
2025,5,Saudi Arabian Grand Prix,PIA,McLaren,2.0,1.0,25.0,Finished,1
2025,5,Saudi Arabian Grand Prix,VER,Red Bull Racing,1.0,2.0,18.0,Finished,1
2025,5,Saudi Arabian Grand Prix,LEC,Ferrari,4.0,3.0,15.0,Finished,1
2025,5,Saudi Arabian Grand Prix,NOR,McLaren,10.0,4.0,12.0,Finished,0
2025,5,Saudi Arabian Grand Prix,RUS,Mercedes,3.0,5.0,10.0,Finished,0
2025,5,Saudi Arabian Grand Prix,ANT,Mercedes,5.0,6.0,8.0,Finished,0
2025,5,Saudi Arabian Grand Prix,HAM,Ferrari,7.0,7.0,6.0,Finished,0
2025,5,Saudi Arabian Grand Prix,SAI,Williams,6.0,8.0,4.0,Finished,0
2025,5,Saudi Arabian Grand Prix,ALB,Williams,11.0,9.0,2.0,Finished,0
2025,5,Saudi Arabian Grand Prix,HAD,Racing Bulls,14.0,10.0,1.0,Finished,0
2025,5,Saudi Arabian Grand Prix,ALO,Aston Martin,13.0,11.0,0.0,Finished,0
2025,5,Saudi Arabian Grand Prix,LAW,Racing Bulls,12.0,12.0,0.0,Finished,0
2025,5,Saudi Arabian Grand Prix,BEA,Haas F1 Team,15.0,13.0,0.0,Finished,0
2025,5,Saudi Arabian Grand Prix,OCO,Haas F1 Team,19.0,14.0,0.0,Finished,0
2025,5,Saudi Arabian Grand Prix,HUL,Kick Sauber,18.0,15.0,0.0,Lapped,0
2025,5,Saudi Arabian Grand Prix,STR,Aston Martin,16.0,16.0,0.0,Lapped,0
2025,5,Saudi Arabian Grand Prix,DOO,Alpine,17.0,17.0,0.0,Lapped,0
2025,5,Saudi Arabian Grand Prix,BOR,Kick Sauber,20.0,18.0,0.0,Lapped,0
2025,5,Saudi Arabian Grand Prix,TSU,Red Bull Racing,8.0,19.0,0.0,Retired,0
2025,5,Saudi Arabian Grand Prix,GAS,Alpine,9.0,20.0,0.0,Retired,0
2025,6,Miami Grand Prix,PIA,McLaren,4.0,1.0,25.0,Finished,1
2025,6,Miami Grand Prix,NOR,McLaren,2.0,2.0,18.0,Finished,1
2025,6,Miami Grand Prix,RUS,Mercedes,5.0,3.0,15.0,Finished,1
2025,6,Miami Grand Prix,VER,Red Bull Racing,1.0,4.0,12.0,Finished,0
2025,6,Miami Grand Prix,ALB,Williams,7.0,5.0,10.0,Finished,0
2025,6,Miami Grand Prix,ANT,Mercedes,3.0,6.0,8.0,Finished,0
2025,6,Miami Grand Prix,LEC,Ferrari,8.0,7.0,6.0,Finished,0
2025,6,Miami Grand Prix,HAM,Ferrari,12.0,8.0,4.0,Finished,0
2025,6,Miami Grand Prix,SAI,Williams,6.0,9.0,2.0,Finished,0
2025,6,Miami Grand Prix,TSU,Red Bull Racing,10.0,10.0,1.0,Finished,0
2025,6,Miami Grand Prix,HAD,Racing Bulls,11.0,11.0,0.0,Finished,0
2025,6,Miami Grand Prix,OCO,Haas F1 Team,9.0,12.0,0.0,Finished,0
2025,6,Miami Grand Prix,GAS,Alpine,20.0,13.0,0.0,Finished,0
2025,6,Miami Grand Prix,HUL,Kick Sauber,16.0,14.0,0.0,Lapped,0
2025,6,Miami Grand Prix,ALO,Aston Martin,17.0,15.0,0.0,Lapped,0
2025,6,Miami Grand Prix,STR,Aston Martin,18.0,16.0,0.0,Lapped,0
2025,6,Miami Grand Prix,LAW,Racing Bulls,15.0,17.0,0.0,Retired,0
2025,6,Miami Grand Prix,BOR,Kick Sauber,13.0,18.0,0.0,Retired,0
2025,6,Miami Grand Prix,BEA,Haas F1 Team,19.0,19.0,0.0,Retired,0
2025,6,Miami Grand Prix,DOO,Alpine,14.0,20.0,0.0,Retired,0
2025,7,Emilia Romagna Grand Prix,VER,Red Bull Racing,2.0,1.0,25.0,Finished,1
2025,7,Emilia Romagna Grand Prix,NOR,McLaren,4.0,2.0,18.0,Finished,1
2025,7,Emilia Romagna Grand Prix,PIA,McLaren,1.0,3.0,15.0,Finished,1
2025,7,Emilia Romagna Grand Prix,HAM,Ferrari,12.0,4.0,12.0,Finished,0
2025,7,Emilia Romagna Grand Prix,ALB,Williams,7.0,5.0,10.0,Finished,0
2025,7,Emilia Romagna Grand Prix,LEC,Ferrari,11.0,6.0,8.0,Finished,0
2025,7,Emilia Romagna Grand Prix,RUS,Mercedes,3.0,7.0,6.0,Finished,0
2025,7,Emilia Romagna Grand Prix,SAI,Williams,6.0,8.0,4.0,Finished,0
2025,7,Emilia Romagna Grand Prix,HAD,Racing Bulls,9.0,9.0,2.0,Finished,0
2025,7,Emilia Romagna Grand Prix,TSU,Red Bull Racing,20.0,10.0,1.0,Finished,0
2025,7,Emilia Romagna Grand Prix,ALO,Aston Martin,5.0,11.0,0.0,Finished,0
2025,7,Emilia Romagna Grand Prix,HUL,Kick Sauber,17.0,12.0,0.0,Finished,0
2025,7,Emilia Romagna Grand Prix,GAS,Alpine,10.0,13.0,0.0,Finished,0
2025,7,Emilia Romagna Grand Prix,LAW,Racing Bulls,15.0,14.0,0.0,Finished,0
2025,7,Emilia Romagna Grand Prix,STR,Aston Martin,8.0,15.0,0.0,Finished,0
2025,7,Emilia Romagna Grand Prix,COL,Alpine,16.0,16.0,0.0,Finished,0
2025,7,Emilia Romagna Grand Prix,BEA,Haas F1 Team,19.0,17.0,0.0,Finished,0
2025,7,Emilia Romagna Grand Prix,BOR,Kick Sauber,14.0,18.0,0.0,Finished,0
2025,7,Emilia Romagna Grand Prix,ANT,Mercedes,13.0,19.0,0.0,Retired,0
2025,7,Emilia Romagna Grand Prix,OCO,Haas F1 Team,18.0,20.0,0.0,Retired,0
2025,8,Monaco Grand Prix,NOR,McLaren,1.0,1.0,25.0,Finished,1
2025,8,Monaco Grand Prix,LEC,Ferrari,2.0,2.0,18.0,Finished,1
2025,8,Monaco Grand Prix,PIA,McLaren,3.0,3.0,15.0,Finished,1
2025,8,Monaco Grand Prix,VER,Red Bull Racing,4.0,4.0,12.0,Finished,0
2025,8,Monaco Grand Prix,HAM,Ferrari,7.0,5.0,10.0,Finished,0
2025,8,Monaco Grand Prix,HAD,Racing Bulls,5.0,6.0,8.0,Lapped,0
2025,8,Monaco Grand Prix,OCO,Haas F1 Team,8.0,7.0,6.0,Lapped,0
2025,8,Monaco Grand Prix,LAW,Racing Bulls,9.0,8.0,4.0,Lapped,0
2025,8,Monaco Grand Prix,ALB,Williams,10.0,9.0,2.0,Lapped,0
2025,8,Monaco Grand Prix,SAI,Williams,11.0,10.0,1.0,Lapped,0
2025,8,Monaco Grand Prix,RUS,Mercedes,14.0,11.0,0.0,Lapped,0
2025,8,Monaco Grand Prix,BEA,Haas F1 Team,20.0,12.0,0.0,Lapped,0
2025,8,Monaco Grand Prix,COL,Alpine,18.0,13.0,0.0,Lapped,0
2025,8,Monaco Grand Prix,BOR,Kick Sauber,16.0,14.0,0.0,Lapped,0
2025,8,Monaco Grand Prix,STR,Aston Martin,19.0,15.0,0.0,Lapped,0
2025,8,Monaco Grand Prix,HUL,Kick Sauber,13.0,16.0,0.0,Lapped,0
2025,8,Monaco Grand Prix,TSU,Red Bull Racing,12.0,17.0,0.0,Lapped,0
2025,8,Monaco Grand Prix,ANT,Mercedes,15.0,18.0,0.0,Lapped,0
2025,8,Monaco Grand Prix,ALO,Aston Martin,6.0,19.0,0.0,Retired,0
2025,8,Monaco Grand Prix,GAS,Alpine,17.0,20.0,0.0,Retired,0
2025,9,Spanish Grand Prix,PIA,McLaren,1.0,1.0,25.0,Finished,1
2025,9,Spanish Grand Prix,NOR,McLaren,2.0,2.0,18.0,Finished,1
2025,9,Spanish Grand Prix,LEC,Ferrari,7.0,3.0,15.0,Finished,1
2025,9,Spanish Grand Prix,RUS,Mercedes,4.0,4.0,12.0,Finished,0
2025,9,Spanish Grand Prix,HUL,Kick Sauber,15.0,5.0,10.0,Finished,0
2025,9,Spanish Grand Prix,HAM,Ferrari,5.0,6.0,8.0,Finished,0
2025,9,Spanish Grand Prix,HAD,Racing Bulls,9.0,7.0,6.0,Finished,0
2025,9,Spanish Grand Prix,GAS,Alpine,8.0,8.0,4.0,Finished,0
2025,9,Spanish Grand Prix,ALO,Aston Martin,10.0,9.0,2.0,Finished,0
2025,9,Spanish Grand Prix,VER,Red Bull Racing,3.0,10.0,1.0,Finished,0
2025,9,Spanish Grand Prix,LAW,Racing Bulls,13.0,11.0,0.0,Finished,0
2025,9,Spanish Grand Prix,BOR,Kick Sauber,12.0,12.0,0.0,Finished,0
2025,9,Spanish Grand Prix,TSU,Red Bull Racing,19.0,13.0,0.0,Finished,0
2025,9,Spanish Grand Prix,SAI,Williams,17.0,14.0,0.0,Finished,0
2025,9,Spanish Grand Prix,COL,Alpine,18.0,15.0,0.0,Finished,0
2025,9,Spanish Grand Prix,OCO,Haas F1 Team,16.0,16.0,0.0,Finished,0
2025,9,Spanish Grand Prix,BEA,Haas F1 Team,14.0,17.0,0.0,Finished,0
2025,9,Spanish Grand Prix,ANT,Mercedes,6.0,18.0,0.0,Retired,0
2025,9,Spanish Grand Prix,ALB,Williams,11.0,19.0,0.0,Retired,0
2025,10,Canadian Grand Prix,RUS,Mercedes,1.0,1.0,25.0,Finished,1
2025,10,Canadian Grand Prix,VER,Red Bull Racing,2.0,2.0,18.0,Finished,1
2025,10,Canadian Grand Prix,ANT,Mercedes,4.0,3.0,15.0,Finished,1
2025,10,Canadian Grand Prix,PIA,McLaren,3.0,4.0,12.0,Finished,0
2025,10,Canadian Grand Prix,LEC,Ferrari,8.0,5.0,10.0,Finished,0
2025,10,Canadian Grand Prix,HAM,Ferrari,5.0,6.0,8.0,Finished,0
2025,10,Canadian Grand Prix,ALO,Aston Martin,6.0,7.0,6.0,Finished,0
2025,10,Canadian Grand Prix,HUL,Kick Sauber,11.0,8.0,4.0,Finished,0
2025,10,Canadian Grand Prix,OCO,Haas F1 Team,14.0,9.0,2.0,Lapped,0
2025,10,Canadian Grand Prix,SAI,Williams,16.0,10.0,1.0,Lapped,0
2025,10,Canadian Grand Prix,BEA,Haas F1 Team,13.0,11.0,0.0,Lapped,0
2025,10,Canadian Grand Prix,TSU,Red Bull Racing,18.0,12.0,0.0,Lapped,0
2025,10,Canadian Grand Prix,COL,Alpine,10.0,13.0,0.0,Lapped,0
2025,10,Canadian Grand Prix,BOR,Kick Sauber,15.0,14.0,0.0,Lapped,0
2025,10,Canadian Grand Prix,GAS,Alpine,20.0,15.0,0.0,Lapped,0
2025,10,Canadian Grand Prix,HAD,Racing Bulls,12.0,16.0,0.0,Lapped,0
2025,10,Canadian Grand Prix,STR,Aston Martin,17.0,17.0,0.0,Lapped,0
2025,10,Canadian Grand Prix,NOR,McLaren,7.0,18.0,0.0,Retired,0
2025,10,Canadian Grand Prix,LAW,Racing Bulls,19.0,19.0,0.0,Retired,0
2025,10,Canadian Grand Prix,ALB,Williams,9.0,20.0,0.0,Retired,0
2025,11,Austrian Grand Prix,NOR,McLaren,1.0,1.0,25.0,Finished,1
2025,11,Austrian Grand Prix,PIA,McLaren,3.0,2.0,18.0,Finished,1
2025,11,Austrian Grand Prix,LEC,Ferrari,2.0,3.0,15.0,Finished,1
2025,11,Austrian Grand Prix,HAM,Ferrari,4.0,4.0,12.0,Finished,0
2025,11,Austrian Grand Prix,RUS,Mercedes,5.0,5.0,10.0,Finished,0
2025,11,Austrian Grand Prix,LAW,Racing Bulls,6.0,6.0,8.0,Finished,0
2025,11,Austrian Grand Prix,ALO,Aston Martin,11.0,7.0,6.0,Lapped,0
2025,11,Austrian Grand Prix,BOR,Kick Sauber,8.0,8.0,4.0,Lapped,0
2025,11,Austrian Grand Prix,HUL,Kick Sauber,20.0,9.0,2.0,Lapped,0
2025,11,Austrian Grand Prix,OCO,Haas F1 Team,17.0,10.0,1.0,Lapped,0
2025,11,Austrian Grand Prix,BEA,Haas F1 Team,15.0,11.0,0.0,Lapped,0
2025,11,Austrian Grand Prix,HAD,Racing Bulls,13.0,12.0,0.0,Lapped,0
2025,11,Austrian Grand Prix,GAS,Alpine,10.0,13.0,0.0,Lapped,0
2025,11,Austrian Grand Prix,STR,Aston Martin,16.0,14.0,0.0,Lapped,0
2025,11,Austrian Grand Prix,COL,Alpine,14.0,15.0,0.0,Lapped,0
2025,11,Austrian Grand Prix,TSU,Red Bull Racing,18.0,16.0,0.0,Lapped,0
2025,11,Austrian Grand Prix,ALB,Williams,12.0,17.0,0.0,Retired,0
2025,11,Austrian Grand Prix,VER,Red Bull Racing,7.0,18.0,0.0,Retired,0
2025,11,Austrian Grand Prix,ANT,Mercedes,9.0,19.0,0.0,Retired,0
2025,11,Austrian Grand Prix,SAI,Williams,19.0,20.0,0.0,Did not start,0
2025,12,British Grand Prix,NOR,McLaren,3.0,1.0,25.0,Finished,1
2025,12,British Grand Prix,PIA,McLaren,2.0,2.0,18.0,Finished,1
2025,12,British Grand Prix,HUL,Kick Sauber,19.0,3.0,15.0,Finished,1
2025,12,British Grand Prix,HAM,Ferrari,5.0,4.0,12.0,Finished,0
2025,12,British Grand Prix,VER,Red Bull Racing,1.0,5.0,10.0,Finished,0
2025,12,British Grand Prix,GAS,Alpine,8.0,6.0,8.0,Finished,0
2025,12,British Grand Prix,STR,Aston Martin,17.0,7.0,6.0,Finished,0
2025,12,British Grand Prix,ALB,Williams,13.0,8.0,4.0,Finished,0
2025,12,British Grand Prix,ALO,Aston Martin,7.0,9.0,2.0,Finished,0
2025,12,British Grand Prix,RUS,Mercedes,4.0,10.0,1.0,Finished,0
2025,12,British Grand Prix,BEA,Haas F1 Team,18.0,11.0,0.0,Finished,0
2025,12,British Grand Prix,SAI,Williams,9.0,12.0,0.0,Finished,0
2025,12,British Grand Prix,OCO,Haas F1 Team,14.0,13.0,0.0,Finished,0
2025,12,British Grand Prix,LEC,Ferrari,6.0,14.0,0.0,Finished,0
2025,12,British Grand Prix,TSU,Red Bull Racing,11.0,15.0,0.0,Lapped,0
2025,12,British Grand Prix,ANT,Mercedes,10.0,16.0,0.0,Retired,0
2025,12,British Grand Prix,HAD,Racing Bulls,12.0,17.0,0.0,Retired,0
2025,12,British Grand Prix,BOR,Kick Sauber,16.0,18.0,0.0,Retired,0
2025,12,British Grand Prix,LAW,Racing Bulls,15.0,19.0,0.0,Retired,0
2025,12,British Grand Prix,COL,Alpine,20.0,20.0,0.0,Did not start,0
2025,13,Belgian Grand Prix,PIA,McLaren,2.0,1.0,25.0,Finished,1
2025,13,Belgian Grand Prix,NOR,McLaren,1.0,2.0,18.0,Finished,1
2025,13,Belgian Grand Prix,LEC,Ferrari,3.0,3.0,15.0,Finished,1
2025,13,Belgian Grand Prix,VER,Red Bull Racing,4.0,4.0,12.0,Finished,0
2025,13,Belgian Grand Prix,RUS,Mercedes,6.0,5.0,10.0,Finished,0
2025,13,Belgian Grand Prix,ALB,Williams,5.0,6.0,8.0,Finished,0
2025,13,Belgian Grand Prix,HAM,Ferrari,18.0,7.0,6.0,Finished,0
2025,13,Belgian Grand Prix,LAW,Racing Bulls,9.0,8.0,4.0,Finished,0
2025,13,Belgian Grand Prix,BOR,Kick Sauber,10.0,9.0,2.0,Finished,0
2025,13,Belgian Grand Prix,GAS,Alpine,13.0,10.0,1.0,Finished,0
2025,13,Belgian Grand Prix,BEA,Haas F1 Team,12.0,11.0,0.0,Finished,0
2025,13,Belgian Grand Prix,HUL,Kick Sauber,14.0,12.0,0.0,Finished,0
2025,13,Belgian Grand Prix,TSU,Red Bull Racing,7.0,13.0,0.0,Finished,0
2025,13,Belgian Grand Prix,STR,Aston Martin,16.0,14.0,0.0,Finished,0
2025,13,Belgian Grand Prix,OCO,Haas F1 Team,11.0,15.0,0.0,Finished,0
2025,13,Belgian Grand Prix,ANT,Mercedes,19.0,16.0,0.0,Finished,0
2025,13,Belgian Grand Prix,ALO,Aston Martin,20.0,17.0,0.0,Finished,0
2025,13,Belgian Grand Prix,SAI,Williams,17.0,18.0,0.0,Finished,0
2025,13,Belgian Grand Prix,COL,Alpine,15.0,19.0,0.0,Finished,0
2025,13,Belgian Grand Prix,HAD,Racing Bulls,8.0,20.0,0.0,Lapped,0
2025,14,Hungarian Grand Prix,NOR,McLaren,3.0,1.0,25.0,Finished,1
2025,14,Hungarian Grand Prix,PIA,McLaren,2.0,2.0,18.0,Finished,1
2025,14,Hungarian Grand Prix,RUS,Mercedes,4.0,3.0,15.0,Finished,1
2025,14,Hungarian Grand Prix,LEC,Ferrari,1.0,4.0,12.0,Finished,0
2025,14,Hungarian Grand Prix,ALO,Aston Martin,5.0,5.0,10.0,Finished,0
2025,14,Hungarian Grand Prix,BOR,Kick Sauber,7.0,6.0,8.0,Finished,0
2025,14,Hungarian Grand Prix,STR,Aston Martin,6.0,7.0,6.0,Finished,0
2025,14,Hungarian Grand Prix,LAW,Racing Bulls,9.0,8.0,4.0,Finished,0
2025,14,Hungarian Grand Prix,VER,Red Bull Racing,8.0,9.0,2.0,Finished,0
2025,14,Hungarian Grand Prix,ANT,Mercedes,15.0,10.0,1.0,Lapped,0
2025,14,Hungarian Grand Prix,HAD,Racing Bulls,10.0,11.0,0.0,Lapped,0
2025,14,Hungarian Grand Prix,HAM,Ferrari,12.0,12.0,0.0,Lapped,0
2025,14,Hungarian Grand Prix,HUL,Kick Sauber,18.0,13.0,0.0,Lapped,0
2025,14,Hungarian Grand Prix,SAI,Williams,13.0,14.0,0.0,Lapped,0
2025,14,Hungarian Grand Prix,ALB,Williams,19.0,15.0,0.0,Lapped,0
2025,14,Hungarian Grand Prix,OCO,Haas F1 Team,17.0,16.0,0.0,Lapped,0
2025,14,Hungarian Grand Prix,TSU,Red Bull Racing,20.0,17.0,0.0,Lapped,0
2025,14,Hungarian Grand Prix,COL,Alpine,14.0,18.0,0.0,Lapped,0
2025,14,Hungarian Grand Prix,GAS,Alpine,16.0,19.0,0.0,Lapped,0
2025,14,Hungarian Grand Prix,BEA,Haas F1 Team,11.0,20.0,0.0,Retired,0
2025,15,Dutch Grand Prix,PIA,McLaren,1.0,1.0,25.0,Finished,1
2025,15,Dutch Grand Prix,VER,Red Bull Racing,3.0,2.0,18.0,Finished,1
2025,15,Dutch Grand Prix,HAD,Racing Bulls,4.0,3.0,15.0,Finished,1
2025,15,Dutch Grand Prix,RUS,Mercedes,5.0,4.0,12.0,Finished,0
2025,15,Dutch Grand Prix,ALB,Williams,15.0,5.0,10.0,Finished,0
2025,15,Dutch Grand Prix,BEA,Haas F1 Team,20.0,6.0,8.0,Finished,0
2025,15,Dutch Grand Prix,STR,Aston Martin,19.0,7.0,6.0,Finished,0
2025,15,Dutch Grand Prix,ALO,Aston Martin,10.0,8.0,4.0,Finished,0
2025,15,Dutch Grand Prix,TSU,Red Bull Racing,12.0,9.0,2.0,Finished,0
2025,15,Dutch Grand Prix,OCO,Haas F1 Team,18.0,10.0,1.0,Finished,0
2025,15,Dutch Grand Prix,COL,Alpine,16.0,11.0,0.0,Finished,0
2025,15,Dutch Grand Prix,LAW,Racing Bulls,8.0,12.0,0.0,Finished,0
2025,15,Dutch Grand Prix,SAI,Williams,9.0,13.0,0.0,Finished,0
2025,15,Dutch Grand Prix,HUL,Kick Sauber,17.0,14.0,0.0,Finished,0
2025,15,Dutch Grand Prix,BOR,Kick Sauber,13.0,15.0,0.0,Finished,0
2025,15,Dutch Grand Prix,ANT,Mercedes,11.0,16.0,0.0,Finished,0
2025,15,Dutch Grand Prix,GAS,Alpine,14.0,17.0,0.0,Finished,0
2025,15,Dutch Grand Prix,NOR,McLaren,2.0,18.0,0.0,Retired,0
2025,15,Dutch Grand Prix,LEC,Ferrari,6.0,19.0,0.0,Retired,0
2025,15,Dutch Grand Prix,HAM,Ferrari,7.0,20.0,0.0,Retired,0
2025,16,Italian Grand Prix,VER,Red Bull Racing,1.0,1.0,25.0,Finished,1
2025,16,Italian Grand Prix,NOR,McLaren,2.0,2.0,18.0,Finished,1
2025,16,Italian Grand Prix,PIA,McLaren,3.0,3.0,15.0,Finished,1
2025,16,Italian Grand Prix,LEC,Ferrari,4.0,4.0,12.0,Finished,0
2025,16,Italian Grand Prix,RUS,Mercedes,5.0,5.0,10.0,Finished,0
2025,16,Italian Grand Prix,HAM,Ferrari,10.0,6.0,8.0,Finished,0
2025,16,Italian Grand Prix,ALB,Williams,14.0,7.0,6.0,Finished,0
2025,16,Italian Grand Prix,BOR,Kick Sauber,7.0,8.0,4.0,Finished,0
2025,16,Italian Grand Prix,ANT,Mercedes,6.0,9.0,2.0,Finished,0
2025,16,Italian Grand Prix,HAD,Racing Bulls,19.0,10.0,1.0,Finished,0
2025,16,Italian Grand Prix,SAI,Williams,13.0,11.0,0.0,Finished,0
2025,16,Italian Grand Prix,BEA,Haas F1 Team,11.0,12.0,0.0,Finished,0
2025,16,Italian Grand Prix,TSU,Red Bull Racing,9.0,13.0,0.0,Finished,0
2025,16,Italian Grand Prix,LAW,Racing Bulls,18.0,14.0,0.0,Finished,0
2025,16,Italian Grand Prix,OCO,Haas F1 Team,15.0,15.0,0.0,Lapped,0
2025,16,Italian Grand Prix,GAS,Alpine,20.0,16.0,0.0,Lapped,0
2025,16,Italian Grand Prix,COL,Alpine,17.0,17.0,0.0,Lapped,0
2025,16,Italian Grand Prix,STR,Aston Martin,16.0,18.0,0.0,Lapped,0
2025,16,Italian Grand Prix,ALO,Aston Martin,8.0,19.0,0.0,Retired,0
2025,16,Italian Grand Prix,HUL,Kick Sauber,12.0,20.0,0.0,Did not start,0
2025,17,Azerbaijan Grand Prix,VER,Red Bull Racing,1.0,1.0,25.0,Finished,1
2025,17,Azerbaijan Grand Prix,RUS,Mercedes,5.0,2.0,18.0,Finished,1
2025,17,Azerbaijan Grand Prix,SAI,Williams,2.0,3.0,15.0,Finished,1
2025,17,Azerbaijan Grand Prix,ANT,Mercedes,4.0,4.0,12.0,Finished,0
2025,17,Azerbaijan Grand Prix,LAW,Racing Bulls,3.0,5.0,10.0,Finished,0
2025,17,Azerbaijan Grand Prix,TSU,Red Bull Racing,6.0,6.0,8.0,Finished,0
2025,17,Azerbaijan Grand Prix,NOR,McLaren,7.0,7.0,6.0,Finished,0
2025,17,Azerbaijan Grand Prix,HAM,Ferrari,12.0,8.0,4.0,Finished,0
2025,17,Azerbaijan Grand Prix,LEC,Ferrari,10.0,9.0,2.0,Finished,0
2025,17,Azerbaijan Grand Prix,HAD,Racing Bulls,8.0,10.0,1.0,Finished,0
2025,17,Azerbaijan Grand Prix,BOR,Kick Sauber,13.0,11.0,0.0,Finished,0
2025,17,Azerbaijan Grand Prix,BEA,Haas F1 Team,15.0,12.0,0.0,Finished,0
2025,17,Azerbaijan Grand Prix,ALB,Williams,19.0,13.0,0.0,Finished,0
2025,17,Azerbaijan Grand Prix,OCO,Haas F1 Team,20.0,14.0,0.0,Finished,0
2025,17,Azerbaijan Grand Prix,ALO,Aston Martin,11.0,15.0,0.0,Finished,0
2025,17,Azerbaijan Grand Prix,HUL,Kick Sauber,17.0,16.0,0.0,Finished,0
2025,17,Azerbaijan Grand Prix,STR,Aston Martin,14.0,17.0,0.0,Finished,0
2025,17,Azerbaijan Grand Prix,GAS,Alpine,18.0,18.0,0.0,Lapped,0
2025,17,Azerbaijan Grand Prix,COL,Alpine,16.0,19.0,0.0,Lapped,0
2025,17,Azerbaijan Grand Prix,PIA,McLaren,9.0,20.0,0.0,Retired,0
2025,18,Singapore Grand Prix,RUS,Mercedes,1.0,1.0,25.0,Finished,1
2025,18,Singapore Grand Prix,VER,Red Bull Racing,2.0,2.0,18.0,Finished,1
2025,18,Singapore Grand Prix,NOR,McLaren,5.0,3.0,15.0,Finished,1
2025,18,Singapore Grand Prix,PIA,McLaren,3.0,4.0,12.0,Finished,0
2025,18,Singapore Grand Prix,ANT,Mercedes,4.0,5.0,10.0,Finished,0
2025,18,Singapore Grand Prix,LEC,Ferrari,7.0,6.0,8.0,Finished,0
2025,18,Singapore Grand Prix,ALO,Aston Martin,10.0,7.0,6.0,Finished,0
2025,18,Singapore Grand Prix,HAM,Ferrari,6.0,8.0,4.0,Finished,0
2025,18,Singapore Grand Prix,BEA,Haas F1 Team,9.0,9.0,2.0,Finished,0
2025,18,Singapore Grand Prix,SAI,Williams,18.0,10.0,1.0,Lapped,0
2025,18,Singapore Grand Prix,HAD,Racing Bulls,8.0,11.0,0.0,Lapped,0
2025,18,Singapore Grand Prix,TSU,Red Bull Racing,13.0,12.0,0.0,Lapped,0
2025,18,Singapore Grand Prix,STR,Aston Martin,15.0,13.0,0.0,Lapped,0
2025,18,Singapore Grand Prix,ALB,Williams,20.0,14.0,0.0,Lapped,0
2025,18,Singapore Grand Prix,LAW,Racing Bulls,12.0,15.0,0.0,Lapped,0
2025,18,Singapore Grand Prix,COL,Alpine,16.0,16.0,0.0,Lapped,0
2025,18,Singapore Grand Prix,BOR,Kick Sauber,14.0,17.0,0.0,Lapped,0
2025,18,Singapore Grand Prix,OCO,Haas F1 Team,17.0,18.0,0.0,Lapped,0
2025,18,Singapore Grand Prix,GAS,Alpine,19.0,19.0,0.0,Lapped,0
2025,18,Singapore Grand Prix,HUL,Kick Sauber,11.0,20.0,0.0,Lapped,0
2025,19,United States Grand Prix,VER,Red Bull Racing,1.0,1.0,25.0,Finished,1
2025,19,United States Grand Prix,NOR,McLaren,2.0,2.0,18.0,Finished,1
2025,19,United States Grand Prix,LEC,Ferrari,3.0,3.0,15.0,Finished,1
2025,19,United States Grand Prix,HAM,Ferrari,5.0,4.0,12.0,Finished,0
2025,19,United States Grand Prix,PIA,McLaren,6.0,5.0,10.0,Finished,0
2025,19,United States Grand Prix,RUS,Mercedes,4.0,6.0,8.0,Finished,0
2025,19,United States Grand Prix,TSU,Red Bull Racing,13.0,7.0,6.0,Finished,0
2025,19,United States Grand Prix,HUL,Kick Sauber,11.0,8.0,4.0,Finished,0
2025,19,United States Grand Prix,BEA,Haas F1 Team,8.0,9.0,2.0,Finished,0
2025,19,United States Grand Prix,ALO,Aston Martin,10.0,10.0,1.0,Finished,0
2025,19,United States Grand Prix,LAW,Racing Bulls,12.0,11.0,0.0,Finished,0
2025,19,United States Grand Prix,STR,Aston Martin,19.0,12.0,0.0,Finished,0
2025,19,United States Grand Prix,ANT,Mercedes,7.0,13.0,0.0,Finished,0
2025,19,United States Grand Prix,ALB,Williams,18.0,14.0,0.0,Finished,0
2025,19,United States Grand Prix,OCO,Haas F1 Team,17.0,15.0,0.0,Finished,0
2025,19,United States Grand Prix,HAD,Racing Bulls,20.0,16.0,0.0,Finished,0
2025,19,United States Grand Prix,COL,Alpine,15.0,17.0,0.0,Lapped,0
2025,19,United States Grand Prix,BOR,Kick Sauber,16.0,18.0,0.0,Lapped,0
2025,19,United States Grand Prix,GAS,Alpine,14.0,19.0,0.0,Lapped,0
2025,19,United States Grand Prix,SAI,Williams,9.0,20.0,0.0,Retired,0
2025,20,Mexico City Grand Prix,NOR,McLaren,1.0,1.0,25.0,Finished,1
2025,20,Mexico City Grand Prix,LEC,Ferrari,2.0,2.0,18.0,Finished,1
2025,20,Mexico City Grand Prix,VER,Red Bull Racing,5.0,3.0,15.0,Finished,1
2025,20,Mexico City Grand Prix,BEA,Haas F1 Team,9.0,4.0,12.0,Finished,0
2025,20,Mexico City Grand Prix,PIA,McLaren,7.0,5.0,10.0,Finished,0
2025,20,Mexico City Grand Prix,ANT,Mercedes,6.0,6.0,8.0,Finished,0
2025,20,Mexico City Grand Prix,RUS,Mercedes,4.0,7.0,6.0,Finished,0
2025,20,Mexico City Grand Prix,HAM,Ferrari,3.0,8.0,4.0,Finished,0
2025,20,Mexico City Grand Prix,OCO,Haas F1 Team,11.0,9.0,2.0,Finished,0
2025,20,Mexico City Grand Prix,BOR,Kick Sauber,16.0,10.0,1.0,Finished,0
2025,20,Mexico City Grand Prix,TSU,Red Bull Racing,10.0,11.0,0.0,Finished,0
2025,20,Mexico City Grand Prix,ALB,Williams,17.0,12.0,0.0,Lapped,0
2025,20,Mexico City Grand Prix,HAD,Racing Bulls,8.0,13.0,0.0,Lapped,0
2025,20,Mexico City Grand Prix,STR,Aston Martin,19.0,14.0,0.0,Lapped,0
2025,20,Mexico City Grand Prix,GAS,Alpine,18.0,15.0,0.0,Lapped,0
2025,20,Mexico City Grand Prix,COL,Alpine,20.0,16.0,0.0,Lapped,0
2025,20,Mexico City Grand Prix,SAI,Williams,12.0,17.0,0.0,Retired,0
2025,20,Mexico City Grand Prix,ALO,Aston Martin,14.0,18.0,0.0,Retired,0
2025,20,Mexico City Grand Prix,HUL,Kick Sauber,13.0,19.0,0.0,Retired,0
2025,20,Mexico City Grand Prix,LAW,Racing Bulls,15.0,20.0,0.0,Retired,0
2025,21,São Paulo Grand Prix,NOR,McLaren,1.0,1.0,25.0,Finished,1
2025,21,São Paulo Grand Prix,ANT,Mercedes,2.0,2.0,18.0,Finished,1
2025,21,São Paulo Grand Prix,VER,Red Bull Racing,19.0,3.0,15.0,Finished,1
2025,21,São Paulo Grand Prix,RUS,Mercedes,6.0,4.0,12.0,Finished,0
2025,21,São Paulo Grand Prix,PIA,McLaren,4.0,5.0,10.0,Finished,0
2025,21,São Paulo Grand Prix,BEA,Haas F1 Team,8.0,6.0,8.0,Finished,0
2025,21,São Paulo Grand Prix,LAW,Racing Bulls,7.0,7.0,6.0,Finished,0
2025,21,São Paulo Grand Prix,HAD,Racing Bulls,5.0,8.0,4.0,Finished,0
2025,21,São Paulo Grand Prix,HUL,Kick Sauber,10.0,9.0,2.0,Finished,0
2025,21,São Paulo Grand Prix,GAS,Alpine,9.0,10.0,1.0,Finished,0
2025,21,São Paulo Grand Prix,ALB,Williams,12.0,11.0,0.0,Finished,0
2025,21,São Paulo Grand Prix,OCO,Haas F1 Team,20.0,12.0,0.0,Finished,0
2025,21,São Paulo Grand Prix,SAI,Williams,15.0,13.0,0.0,Finished,0
2025,21,São Paulo Grand Prix,ALO,Aston Martin,11.0,14.0,0.0,Finished,0
2025,21,São Paulo Grand Prix,COL,Alpine,16.0,15.0,0.0,Finished,0
2025,21,São Paulo Grand Prix,STR,Aston Martin,14.0,16.0,0.0,Finished,0
2025,21,São Paulo Grand Prix,TSU,Red Bull Racing,17.0,17.0,0.0,Finished,0
2025,21,São Paulo Grand Prix,HAM,Ferrari,13.0,18.0,0.0,Retired,0
2025,21,São Paulo Grand Prix,LEC,Ferrari,3.0,19.0,0.0,Retired,0
2025,21,São Paulo Grand Prix,BOR,Kick Sauber,18.0,20.0,0.0,Retired,0
2025,22,Las Vegas Grand Prix,VER,Red Bull Racing,2.0,1.0,25.0,Finished,1
2025,22,Las Vegas Grand Prix,RUS,Mercedes,4.0,2.0,18.0,Finished,1
2025,22,Las Vegas Grand Prix,ANT,Mercedes,17.0,3.0,15.0,Finished,1
2025,22,Las Vegas Grand Prix,LEC,Ferrari,9.0,4.0,12.0,Finished,0
2025,22,Las Vegas Grand Prix,SAI,Williams,3.0,5.0,10.0,Finished,0
2025,22,Las Vegas Grand Prix,HAD,Racing Bulls,8.0,6.0,8.0,Finished,0
2025,22,Las Vegas Grand Prix,HUL,Kick Sauber,11.0,7.0,6.0,Finished,0
2025,22,Las Vegas Grand Prix,HAM,Ferrari,19.0,8.0,4.0,Finished,0
2025,22,Las Vegas Grand Prix,OCO,Haas F1 Team,13.0,9.0,2.0,Finished,0
2025,22,Las Vegas Grand Prix,BEA,Haas F1 Team,14.0,10.0,1.0,Finished,0
2025,22,Las Vegas Grand Prix,ALO,Aston Martin,7.0,11.0,0.0,Finished,0
2025,22,Las Vegas Grand Prix,TSU,Red Bull Racing,20.0,12.0,0.0,Finished,0
2025,22,Las Vegas Grand Prix,GAS,Alpine,10.0,13.0,0.0,Finished,0
2025,22,Las Vegas Grand Prix,LAW,Racing Bulls,6.0,14.0,0.0,Lapped,0
2025,22,Las Vegas Grand Prix,COL,Alpine,15.0,15.0,0.0,Lapped,0
2025,22,Las Vegas Grand Prix,ALB,Williams,16.0,16.0,0.0,Retired,0
2025,22,Las Vegas Grand Prix,BOR,Kick Sauber,18.0,17.0,0.0,Retired,0
2025,22,Las Vegas Grand Prix,STR,Aston Martin,12.0,18.0,0.0,Retired,0
2025,22,Las Vegas Grand Prix,NOR,McLaren,1.0,19.0,0.0,Disqualified,0
2025,22,Las Vegas Grand Prix,PIA,McLaren,5.0,20.0,0.0,Disqualified,0
2025,23,Qatar Grand Prix,VER,Red Bull Racing,3.0,1.0,25.0,Finished,1
2025,23,Qatar Grand Prix,PIA,McLaren,1.0,2.0,18.0,Finished,1
2025,23,Qatar Grand Prix,SAI,Williams,7.0,3.0,15.0,Finished,1
2025,23,Qatar Grand Prix,NOR,McLaren,2.0,4.0,12.0,Finished,0
2025,23,Qatar Grand Prix,ANT,Mercedes,5.0,5.0,10.0,Finished,0
2025,23,Qatar Grand Prix,RUS,Mercedes,4.0,6.0,8.0,Finished,0
2025,23,Qatar Grand Prix,ALO,Aston Martin,8.0,7.0,6.0,Finished,0
2025,23,Qatar Grand Prix,LEC,Ferrari,10.0,8.0,4.0,Finished,0
2025,23,Qatar Grand Prix,LAW,Racing Bulls,12.0,9.0,2.0,Finished,0
2025,23,Qatar Grand Prix,TSU,Red Bull Racing,15.0,10.0,1.0,Finished,0
2025,23,Qatar Grand Prix,ALB,Williams,14.0,11.0,0.0,Finished,0
2025,23,Qatar Grand Prix,HAM,Ferrari,17.0,12.0,0.0,Finished,0
2025,23,Qatar Grand Prix,BOR,Kick Sauber,19.0,13.0,0.0,Finished,0
2025,23,Qatar Grand Prix,COL,Alpine,20.0,14.0,0.0,Lapped,0
2025,23,Qatar Grand Prix,OCO,Haas F1 Team,16.0,15.0,0.0,Lapped,0
2025,23,Qatar Grand Prix,GAS,Alpine,9.0,16.0,0.0,Lapped,0
2025,23,Qatar Grand Prix,STR,Aston Martin,18.0,17.0,0.0,Retired,0
2025,23,Qatar Grand Prix,HAD,Racing Bulls,6.0,18.0,0.0,Retired,0
2025,23,Qatar Grand Prix,BEA,Haas F1 Team,13.0,19.0,0.0,Retired,0
2025,23,Qatar Grand Prix,HUL,Kick Sauber,11.0,20.0,0.0,Retired,0
2025,24,Abu Dhabi Grand Prix,VER,Red Bull Racing,1.0,1.0,25.0,Finished,1
2025,24,Abu Dhabi Grand Prix,PIA,McLaren,3.0,2.0,18.0,Finished,1
2025,24,Abu Dhabi Grand Prix,NOR,McLaren,2.0,3.0,15.0,Finished,1
2025,24,Abu Dhabi Grand Prix,LEC,Ferrari,5.0,4.0,12.0,Finished,0
2025,24,Abu Dhabi Grand Prix,RUS,Mercedes,4.0,5.0,10.0,Finished,0
2025,24,Abu Dhabi Grand Prix,ALO,Aston Martin,6.0,6.0,8.0,Finished,0
2025,24,Abu Dhabi Grand Prix,OCO,Haas F1 Team,8.0,7.0,6.0,Finished,0
2025,24,Abu Dhabi Grand Prix,HAM,Ferrari,16.0,8.0,4.0,Finished,0
2025,24,Abu Dhabi Grand Prix,HUL,Kick Sauber,18.0,9.0,2.0,Finished,0
2025,24,Abu Dhabi Grand Prix,STR,Aston Martin,15.0,10.0,1.0,Finished,0
2025,24,Abu Dhabi Grand Prix,BOR,Kick Sauber,7.0,11.0,0.0,Finished,0
2025,24,Abu Dhabi Grand Prix,BEA,Haas F1 Team,11.0,12.0,0.0,Finished,0
2025,24,Abu Dhabi Grand Prix,SAI,Williams,12.0,13.0,0.0,Finished,0
2025,24,Abu Dhabi Grand Prix,TSU,Red Bull Racing,10.0,14.0,0.0,Finished,0
2025,24,Abu Dhabi Grand Prix,ANT,Mercedes,14.0,15.0,0.0,Finished,0
2025,24,Abu Dhabi Grand Prix,ALB,Williams,17.0,16.0,0.0,Finished,0
2025,24,Abu Dhabi Grand Prix,HAD,Racing Bulls,9.0,17.0,0.0,Lapped,0
2025,24,Abu Dhabi Grand Prix,LAW,Racing Bulls,13.0,18.0,0.0,Lapped,0
2025,24,Abu Dhabi Grand Prix,GAS,Alpine,19.0,19.0,0.0,Lapped,0
2025,24,Abu Dhabi Grand Prix,COL,Alpine,20.0,20.0,0.0,Lapped,0
2026,1,Australian Grand Prix,RUS,Mercedes,1.0,1.0,25.0,Finished,1
2026,1,Australian Grand Prix,ANT,Mercedes,2.0,2.0,18.0,Finished,1
2026,1,Australian Grand Prix,LEC,Ferrari,4.0,3.0,15.0,Finished,1
2026,1,Australian Grand Prix,HAM,Ferrari,7.0,4.0,12.0,Finished,0
2026,1,Australian Grand Prix,NOR,McLaren,6.0,5.0,10.0,Finished,0
2026,1,Australian Grand Prix,VER,Red Bull,20.0,6.0,8.0,Finished,0
2026,1,Australian Grand Prix,BEA,Haas F1 Team,12.0,7.0,6.0,Lapped,0
2026,1,Australian Grand Prix,LIN,RB F1 Team,9.0,8.0,4.0,Lapped,0
2026,1,Australian Grand Prix,BOR,Audi,10.0,9.0,2.0,Lapped,0
2026,1,Australian Grand Prix,GAS,Alpine F1 Team,14.0,10.0,1.0,Lapped,0
2026,1,Australian Grand Prix,OCO,Haas F1 Team,13.0,11.0,0.0,Lapped,0
2026,1,Australian Grand Prix,ALB,Williams,15.0,12.0,0.0,Lapped,0
2026,1,Australian Grand Prix,LAW,RB F1 Team,8.0,13.0,0.0,Lapped,0
2026,1,Australian Grand Prix,COL,Alpine F1 Team,16.0,14.0,0.0,Lapped,0
2026,1,Australian Grand Prix,SAI,Williams,21.0,15.0,0.0,Lapped,0
2026,1,Australian Grand Prix,PER,Cadillac F1 Team,18.0,16.0,0.0,Lapped,0
2026,1,Australian Grand Prix,STR,Aston Martin,22.0,17.0,0.0,Lapped,0
2026,1,Australian Grand Prix,ALO,Aston Martin,17.0,18.0,0.0,Retired,0
2026,1,Australian Grand Prix,BOT,Cadillac F1 Team,19.0,19.0,0.0,Retired,0
2026,1,Australian Grand Prix,HAD,Red Bull,3.0,20.0,0.0,Retired,0
2026,1,Australian Grand Prix,PIA,McLaren,5.0,21.0,0.0,Did not start,0
2026,1,Australian Grand Prix,HUL,Audi,11.0,22.0,0.0,Did not start,0
2026,2,Chinese Grand Prix,ANT,Mercedes,1.0,1.0,25.0,Finished,1
2026,2,Chinese Grand Prix,RUS,Mercedes,2.0,2.0,18.0,Finished,1
2026,2,Chinese Grand Prix,HAM,Ferrari,3.0,3.0,15.0,Finished,1
2026,2,Chinese Grand Prix,LEC,Ferrari,4.0,4.0,12.0,Finished,0
2026,2,Chinese Grand Prix,BEA,Haas F1 Team,10.0,5.0,10.0,Finished,0
2026,2,Chinese Grand Prix,GAS,Alpine F1 Team,7.0,6.0,8.0,Finished,0
2026,2,Chinese Grand Prix,LAW,RB F1 Team,14.0,7.0,6.0,Finished,0
2026,2,Chinese Grand Prix,HAD,Red Bull,9.0,8.0,4.0,Finished,0
2026,2,Chinese Grand Prix,SAI,Williams,17.0,9.0,2.0,Lapped,0
2026,2,Chinese Grand Prix,COL,Alpine F1 Team,12.0,10.0,1.0,Lapped,0
2026,2,Chinese Grand Prix,HUL,Audi,11.0,11.0,0.0,Lapped,0
2026,2,Chinese Grand Prix,LIN,RB F1 Team,15.0,12.0,0.0,Lapped,0
2026,2,Chinese Grand Prix,BOT,Cadillac F1 Team,19.0,13.0,0.0,Lapped,0
2026,2,Chinese Grand Prix,OCO,Haas F1 Team,13.0,14.0,0.0,Lapped,0
2026,2,Chinese Grand Prix,PER,Cadillac F1 Team,21.0,15.0,0.0,Lapped,0
2026,2,Chinese Grand Prix,VER,Red Bull,8.0,16.0,0.0,Retired,0
2026,2,Chinese Grand Prix,ALO,Aston Martin,18.0,17.0,0.0,Retired,0
2026,2,Chinese Grand Prix,STR,Aston Martin,20.0,18.0,0.0,Retired,0
2026,2,Chinese Grand Prix,PIA,McLaren,5.0,19.0,0.0,Did not start,0
2026,2,Chinese Grand Prix,NOR,McLaren,6.0,20.0,0.0,Did not start,0
2026,2,Chinese Grand Prix,BOR,Audi,16.0,21.0,0.0,Did not start,0
2026,2,Chinese Grand Prix,ALB,Williams,22.0,22.0,0.0,Did not start,0
2026,3,Japanese Grand Prix,ANT,Mercedes,1.0,1.0,25.0,Finished,1
2026,3,Japanese Grand Prix,PIA,McLaren,3.0,2.0,18.0,Finished,1
2026,3,Japanese Grand Prix,LEC,Ferrari,4.0,3.0,15.0,Finished,1
2026,3,Japanese Grand Prix,RUS,Mercedes,2.0,4.0,12.0,Finished,0
2026,3,Japanese Grand Prix,NOR,McLaren,5.0,5.0,10.0,Finished,0
2026,3,Japanese Grand Prix,HAM,Ferrari,6.0,6.0,8.0,Finished,0
2026,3,Japanese Grand Prix,GAS,Alpine F1 Team,7.0,7.0,6.0,Finished,0
2026,3,Japanese Grand Prix,VER,Red Bull,11.0,8.0,4.0,Finished,0
2026,3,Japanese Grand Prix,LAW,RB F1 Team,14.0,9.0,2.0,Finished,0
2026,3,Japanese Grand Prix,OCO,Haas F1 Team,12.0,10.0,1.0,Finished,0
2026,3,Japanese Grand Prix,HUL,Audi,13.0,11.0,0.0,Finished,0
2026,3,Japanese Grand Prix,HAD,Red Bull,8.0,12.0,0.0,Finished,0
2026,3,Japanese Grand Prix,BOR,Audi,9.0,13.0,0.0,Finished,0
2026,3,Japanese Grand Prix,LIN,RB F1 Team,10.0,14.0,0.0,Finished,0
2026,3,Japanese Grand Prix,SAI,Williams,16.0,15.0,0.0,Finished,0
2026,3,Japanese Grand Prix,COL,Alpine F1 Team,15.0,16.0,0.0,Finished,0
2026,3,Japanese Grand Prix,PER,Cadillac F1 Team,19.0,17.0,0.0,Finished,0
2026,3,Japanese Grand Prix,ALO,Aston Martin,21.0,18.0,0.0,Lapped,0
2026,3,Japanese Grand Prix,BOT,Cadillac F1 Team,20.0,19.0,0.0,Lapped,0
2026,3,Japanese Grand Prix,ALB,Williams,17.0,20.0,0.0,Lapped,0
2026,3,Japanese Grand Prix,STR,Aston Martin,22.0,21.0,0.0,Retired,0
2026,3,Japanese Grand Prix,BEA,Haas F1 Team,18.0,22.0,0.0,Retired,0
2026,4,Miami Grand Prix,ANT,Mercedes,1.0,1.0,25.0,Finished,1
2026,4,Miami Grand Prix,NOR,McLaren,4.0,2.0,18.0,Finished,1
2026,4,Miami Grand Prix,PIA,McLaren,7.0,3.0,15.0,Finished,1
2026,4,Miami Grand Prix,RUS,Mercedes,5.0,4.0,12.0,Finished,0
2026,4,Miami Grand Prix,VER,Red Bull,2.0,5.0,10.0,Finished,0
2026,4,Miami Grand Prix,HAM,Ferrari,6.0,6.0,8.0,Finished,0
2026,4,Miami Grand Prix,COL,Alpine F1 Team,8.0,7.0,6.0,Finished,0
2026,4,Miami Grand Prix,LEC,Ferrari,3.0,8.0,4.0,Finished,0
2026,4,Miami Grand Prix,SAI,Williams,13.0,9.0,2.0,Finished,0
2026,4,Miami Grand Prix,ALB,Williams,15.0,10.0,1.0,Finished,0
2026,4,Miami Grand Prix,BEA,Haas F1 Team,12.0,11.0,0.0,Lapped,0
2026,4,Miami Grand Prix,BOR,Audi,21.0,12.0,0.0,Lapped,0
2026,4,Miami Grand Prix,OCO,Haas F1 Team,14.0,13.0,0.0,Lapped,0
2026,4,Miami Grand Prix,LIN,RB F1 Team,16.0,14.0,0.0,Lapped,0
2026,4,Miami Grand Prix,ALO,Aston Martin,17.0,15.0,0.0,Lapped,0
2026,4,Miami Grand Prix,PER,Cadillac F1 Team,20.0,16.0,0.0,Lapped,0
2026,4,Miami Grand Prix,STR,Aston Martin,18.0,17.0,0.0,Lapped,0
2026,4,Miami Grand Prix,BOT,Cadillac F1 Team,19.0,18.0,0.0,Lapped,0
2026,4,Miami Grand Prix,HUL,Audi,10.0,19.0,0.0,Retired,0
2026,4,Miami Grand Prix,LAW,RB F1 Team,11.0,20.0,0.0,Retired,0
2026,4,Miami Grand Prix,GAS,Alpine F1 Team,9.0,21.0,0.0,Retired,0
2026,4,Miami Grand Prix,HAD,Red Bull,22.0,22.0,0.0,Retired,0
2026,5,Canadian Grand Prix,ANT,Mercedes,2.0,1.0,25.0,Finished,1
2026,5,Canadian Grand Prix,HAM,Ferrari,5.0,2.0,18.0,Finished,1
2026,5,Canadian Grand Prix,VER,Red Bull,6.0,3.0,15.0,Finished,1
2026,5,Canadian Grand Prix,LEC,Ferrari,8.0,4.0,12.0,Finished,0
2026,5,Canadian Grand Prix,HAD,Red Bull,7.0,5.0,10.0,Lapped,0
2026,5,Canadian Grand Prix,COL,Alpine F1 Team,10.0,6.0,8.0,Lapped,0
2026,5,Canadian Grand Prix,LAW,RB F1 Team,12.0,7.0,6.0,Lapped,0
2026,5,Canadian Grand Prix,GAS,Alpine F1 Team,14.0,8.0,4.0,Lapped,0
2026,5,Canadian Grand Prix,SAI,Williams,15.0,9.0,2.0,Lapped,0
2026,5,Canadian Grand Prix,BEA,Haas F1 Team,16.0,10.0,1.0,Lapped,0
2026,5,Canadian Grand Prix,PIA,McLaren,4.0,11.0,0.0,Lapped,0
2026,5,Canadian Grand Prix,HUL,Audi,11.0,12.0,0.0,Lapped,0
2026,5,Canadian Grand Prix,BOR,Audi,13.0,13.0,0.0,Lapped,0
2026,5,Canadian Grand Prix,OCO,Haas F1 Team,17.0,14.0,0.0,Lapped,0
2026,5,Canadian Grand Prix,STR,Aston Martin,22.0,15.0,0.0,Lapped,0
2026,5,Canadian Grand Prix,BOT,Cadillac F1 Team,21.0,16.0,0.0,Lapped,0
2026,5,Canadian Grand Prix,PER,Cadillac F1 Team,20.0,17.0,0.0,Retired,0
2026,5,Canadian Grand Prix,NOR,McLaren,3.0,18.0,0.0,Retired,0
2026,5,Canadian Grand Prix,RUS,Mercedes,1.0,19.0,0.0,Retired,0
2026,5,Canadian Grand Prix,ALO,Aston Martin,19.0,20.0,0.0,Retired,0
2026,5,Canadian Grand Prix,ALB,Williams,18.0,21.0,0.0,Retired,0
2026,5,Canadian Grand Prix,LIN,RB F1 Team,9.0,22.0,0.0,Did not start,0
2026,6,Monaco Grand Prix,ANT,Mercedes,1.0,1.0,25.0,Finished,1
2026,6,Monaco Grand Prix,HAM,Ferrari,3.0,2.0,18.0,Finished,1
2026,6,Monaco Grand Prix,HAD,Red Bull Racing,5.0,3.0,15.0,Finished,1
2026,6,Monaco Grand Prix,PIA,McLaren,7.0,4.0,12.0,Finished,0
2026,6,Monaco Grand Prix,LAW,Racing Bulls,10.0,5.0,10.0,Finished,0
2026,6,Monaco Grand Prix,LIN,Racing Bulls,15.0,6.0,8.0,Finished,0
2026,6,Monaco Grand Prix,GAS,Alpine,9.0,7.0,6.0,Finished,0
2026,6,Monaco Grand Prix,ALB,Williams,11.0,8.0,4.0,Finished,0
2026,6,Monaco Grand Prix,OCO,Haas F1 Team,17.0,9.0,2.0,Finished,0
2026,6,Monaco Grand Prix,ALO,Aston Martin,21.0,10.0,1.0,Finished,0
2026,6,Monaco Grand Prix,BOR,Audi,16.0,11.0,0.0,Finished,0
2026,6,Monaco Grand Prix,RUS,Mercedes,6.0,12.0,0.0,Finished,0
2026,6,Monaco Grand Prix,HUL,Audi,13.0,13.0,0.0,Finished,0
2026,6,Monaco Grand Prix,COL,Alpine,14.0,14.0,0.0,Finished,0
2026,6,Monaco Grand Prix,PER,Cadillac,18.0,15.0,0.0,Finished,0
2026,6,Monaco Grand Prix,SAI,Williams,12.0,16.0,0.0,Retired,0
2026,6,Monaco Grand Prix,LEC,Ferrari,4.0,17.0,0.0,Retired,0
2026,6,Monaco Grand Prix,STR,Aston Martin,22.0,18.0,0.0,Retired,0
2026,6,Monaco Grand Prix,NOR,McLaren,8.0,19.0,0.0,Retired,0
2026,6,Monaco Grand Prix,BEA,Haas F1 Team,19.0,20.0,0.0,Retired,0
2026,6,Monaco Grand Prix,BOT,Cadillac,20.0,21.0,0.0,Retired,0
2026,6,Monaco Grand Prix,VER,Red Bull Racing,2.0,22.0,0.0,Retired,0
